idHistory,Code,Description,Duration,userId,OperatorComment,BegindateTime,IdPrevious,EndDateTime,Pieces,Rejections
1655490,26,26-CAMBIO DE HERRAMIENTAS DEBIDO A DESGASTE,660,siderca\60062524,"CPA,CA15,GA15,CFC,GFC,GDS,CDT",2025-03-31 21:05:40.6863065 -03:00,1655438,2025-03-31 19:33:28.1312955 -03:00,13,0
1655512,26,26-CAMBIO DE HERRAMIENTAS DEBIDO A DESGASTE,366.866,siderca\60062524,"GA15,GFC",2025-03-31 22:30:58.9322162 -03:00,1655490,2025-03-31 21:16:40.6863065 -03:00,11,0
1655533,26,26-CAMBIO DE HERRAMIENTAS DEBIDO A DESGASTE,770.981,siderca\60062524,"CPT,CPA,GSR,GA15,GA12,GFC,CDS,GDS,CDT",2025-03-31 23:41:16.6127714 -03:00,1655512,2025-03-31 22:37:05.7981280 -03:00,10,0
1655554,26,26-CAMBIO DE HERRAMIENTAS DEBIDO A DESGASTE,407,siderca\60062524,"GA15,GFC",2025-04-01 00:58:19.4599853 -03:00,1655533,2025-03-31 23:54:07.5933171 -03:00,11,0
1655585,26,26-CAMBIO DE HERRAMIENTAS DEBIDO A DESGASTE,897.927,siderca\60062524,"CPA,GA15,CFC,GFC,CDS,GDS",2025-04-01 02:25:19.2893706 -03:00,1655554,2025-04-01 01:05:06.4599853 -03:00,11,0
1655613,26,26-CAMBIO DE HERRAMIENTAS DEBIDO A DESGASTE,465.366,siderca\60062524,"CPT,CSR,GSR,GA15,GFC",2025-04-01 03:49:07.5109457 -03:00,1655585,2025-04-01 02:40:17.2167863 -03:00,11,0
1655667,26,26-CAMBIO DE HERRAMIENTAS DEBIDO A DESGASTE,641,siderca\12985,"CPA,CA15,GA15,CFC,GFC,CDS,GDS,CDT",2025-04-01 05:12:00.2538720 -03:00,1655613,2025-04-01 03:56:52.8764887 -03:00,11,0
1655700,26,26-CAMBIO DE HERRAMIENTAS DEBIDO A DESGASTE,244.027,siderca\12985,"CA15,GA15,CDT",2025-04-01 06:37:54.0143171 -03:00,1655667,2025-04-01 05:22:41.2538720 -03:00,11,0
1655728,26,26-CAMBIO DE HERRAMIENTAS DEBIDO A DESGASTE,734,siderca\12985,"CPT,CPA,CSR,GSR,CA15,GA15,CFC,GFC,CDS,GDS,CDT",2025-04-01 07:55:28.6417670 -03:00,1655700,2025-04-01 06:41:58.0416638 -03:00,11,0
1655758,26,26-CAMBIO DE HERRAMIENTAS DEBIDO A DESGASTE,333.126,siderca\12985,"CA15,GA15,CDT",2025-04-01 09:26:19.9964749 -03:00,1655728,2025-04-01 08:07:42.6417670 -03:00,12,0
1655796,26,26-CAMBIO DE HERRAMIENTAS DEBIDO A DESGASTE,600.22,siderca\12985,"CPA,CA15,GA15,CFC,CDS,GDS,CDT",2025-04-01 11:10:59.0495345 -03:00,1655758,2025-04-01 09:31:53.1228914 -03:00,12,0
1655817,26,26-CAMBIO DE HERRAMIENTAS DEBIDO A DESGASTE,488.446,siderca\12985,"CPT,CSR,GSR,CA15,GA15,CDT",2025-04-01 12:25:12.2838685 -03:00,1655796,2025-04-01 11:20:59.2694176 -03:00,11,0
1655860,26,26-CAMBIO DE HERRAMIENTAS DEBIDO A DESGASTE,931.159,siderca\60062257,"CPA,CFC,CDS,CDT",2025-04-01 13:55:25.1060469 -03:00,1655817,2025-04-01 12:33:20.7298874 -03:00,12,0
1655888,26,26-CAMBIO DE HERRAMIENTAS DEBIDO A DESGASTE,189.699,siderca\60062257,"CFC,CDT",2025-04-01 15:26:06.5859560 -03:00,1655860,2025-04-01 14:10:56.2656768 -03:00,11,0
1655917,26,26-CAMBIO DE HERRAMIENTAS DEBIDO A DESGASTE,1183.171,siderca\60062257,"CPT,CPA,GSR,CA15,CFC,GDS,CDT",2025-04-01 16:41:18.0289601 -03:00,1655888,2025-04-01 15:29:16.2845370 -03:00,9,0
1655956,26,26-CAMBIO DE HERRAMIENTAS DEBIDO A DESGASTE,205.716,siderca\60062257,"CFC,CDT",2025-04-01 18:23:05.3986633 -03:00,1655917,2025-04-01 17:01:01.1991983 -03:00,11,2
1655987,26,26-CAMBIO DE HERRAMIENTAS DEBIDO A DESGASTE,622.551,siderca\60062257,"CPA,CFC,CDS,CDT",2025-04-01 19:30:42.7510630 -03:00,1655956,2025-04-01 18:26:31.1142788 -03:00,10,0
1656071,26,26-CAMBIO DE HERRAMIENTAS DEBIDO A DESGASTE,600.486,siderca\60062524,"CPT,CSR,GSR,GA15,CFC,GFC",2025-04-01 21:05:44.0000000 -03:00,1655987,2025-04-01 19:41:05.3027949 -03:00,12,3
1656108,26,26-CAMBIO DE HERRAMIENTAS DEBIDO A DESGASTE,600.816,siderca\60062524,"CPA,GA15,GFC,CDS,GDS",2025-04-01 22:19:38.9783601 -03:00,1656071,2025-04-01 21:15:44.4865275 -03:00,10,0
1656142,26,26-CAMBIO DE HERRAMIENTAS DEBIDO A DESGASTE,212.369,siderca\60062524,"GA15,CFC,GFC",2025-04-01 23:33:51.8946856 -03:00,1656108,2025-04-01 22:29:39.7940313 -03:00,11,0
1656189,26,26-CAMBIO DE HERRAMIENTAS DEBIDO A DESGASTE,871,siderca\60062524,"CPT,CPA,GSR,GA15,CA12,GA12,CFC,GFC,GDS",2025-04-02 00:42:11.9477368 -03:00,1656142,2025-04-01 23:37:24.2634968 -03:00,11,0
1656246,26,26-CAMBIO DE HERRAMIENTAS DEBIDO A DESGASTE,367.222,siderca\60062524,"GA15,GFC",2025-04-02 02:18:11.5093243 -03:00,1656189,2025-04-02 00:56:42.9477368 -03:00,11,0
1656281,26,26-CAMBIO DE HERRAMIENTAS DEBIDO A DESGASTE,706.104,siderca\60062524,"CPA,GA15,GFC,GDS",2025-04-02 03:30:07.8016978 -03:00,1656246,2025-04-02 02:24:18.7319202 -03:00,11,0
1656350,26,26-CAMBIO DE HERRAMIENTAS DEBIDO A DESGASTE,480.118,siderca\17480,"CPT,GSR,GA15,CDT",2025-04-02 05:15:06.0000000 -03:00,1656281,2025-04-02 03:41:53.9059955 -03:00,10,0
1656373,26,26-CAMBIO DE HERRAMIENTAS DEBIDO A DESGASTE,780.808,siderca\17480,"CPA,CA15,CFC,GDS,CDT",2025-04-02 06:43:28.7293760 -03:00,1656350,2025-04-02 05:23:06.1180076 -03:00,11,0
1656396,26,26-CAMBIO DE HERRAMIENTAS DEBIDO A DESGASTE,388.592,siderca\17480,"GA15,GFC",2025-04-02 08:10:06.7526102 -03:00,1656373,2025-04-02 06:56:29.5375462 -03:00,11,0
1656416,26,26-CAMBIO DE HERRAMIENTAS DEBIDO A DESGASTE,940,siderca\17480,"CPT,CPA,GSR,CA15,GA15,CFC,GFC,CDS,GDS,CDT",2025-04-02 09:28:29.7243066 -03:00,1656396,2025-04-02 08:16:35.3443265 -03:00,11,0
1656446,26,26-CAMBIO DE HERRAMIENTAS DEBIDO A DESGASTE,640.741,siderca\17480,"GA15,GFC",2025-04-02 11:34:47.7853954 -03:00,1656416,2025-04-02 09:44:09.7243066 -03:00,11,0
1656658,26,26-CAMBIO DE HERRAMIENTAS DEBIDO A DESGASTE,755,siderca\12985,"CPA,CA15,GA15,CFC,GFC,CDS,GDS,CDT",2025-04-03 05:57:45.8820828 -03:00,1656446,2025-04-02 11:45:28.5260522 -03:00,12,0
1656708,26,26-CAMBIO DE HERRAMIENTAS DEBIDO A DESGASTE,494.113,siderca\12985,"CPT,CSR,GSR,CA15,GA15,CDS,GDS,CDT",2025-04-03 07:49:13.7415128 -03:00,1656658,2025-04-03 06:10:20.8820828 -03:00,11,0
1656745,26,26-CAMBIO DE HERRAMIENTAS DEBIDO A DESGASTE,704.285,siderca\12985,"CPA,CA15,GA15,CFC,GFC,CDS,GDS,CDT",2025-04-03 09:16:13.3369595 -03:00,1656708,2025-04-03 07:57:27.8546903 -03:00,11,0
1656786,26,26-CAMBIO DE HERRAMIENTAS DEBIDO A DESGASTE,300.967,siderca\12985,"CA15,GA15,CDT",2025-04-03 10:43:25.7417136 -03:00,1656745,2025-04-03 09:27:57.6218118 -03:00,11,0
1656816,26,26-CAMBIO DE HERRAMIENTAS DEBIDO A DESGASTE,713.053,siderca\12985,"CPT,CPA,CSR,GSR,CA15,GA15,CFC,GFC,CDS,GDS,CDT",2025-04-03 12:08:32.5276952 -03:00,1656786,2025-04-03 10:48:26.7087689 -03:00,11,0
1656865,26,26-CAMBIO DE HERRAMIENTAS DEBIDO A DESGASTE,229.704,siderca\60062257,"CFC,CDT",2025-04-03 13:39:51.1379114 -03:00,1656816,2025-04-03 12:20:25.5808468 -03:00,11,0
1656900,26,26-CAMBIO DE HERRAMIENTAS DEBIDO A DESGASTE,576.803,siderca\60062257,"CPA,CA15,CFC,CDS,CDT",2025-04-03 14:50:34.8887181 -03:00,1656865,2025-04-03 13:43:40.8418131 -03:00,10,0
1656933,26,26-CAMBIO DE HERRAMIENTAS DEBIDO A DESGASTE,542.627,siderca\60062257,"CPT,CFC,CDT",2025-04-03 16:06:57.4085275 -03:00,1656900,2025-04-03 15:00:11.6911986 -03:00,10,0
1656988,26,26-CAMBIO DE HERRAMIENTAS DEBIDO A DESGASTE,1011.097,siderca\60062257,"CPT,CPA,GSR,GA15,GFC,GDS,CDT",2025-04-03 18:05:26.2028261 -03:00,1656933,2025-04-03 16:16:00.0355249 -03:00,14,4
1657050,26,26-CAMBIO DE HERRAMIENTAS DEBIDO A DESGASTE,398.441,siderca\60062257,"CFC,CDT",2025-04-03 19:50:12.2718646 -03:00,1656988,2025-04-03 18:22:17.2995007 -03:00,12,0
1657115,26,26-CAMBIO DE HERRAMIENTAS DEBIDO A DESGASTE,1073.564,siderca\60062291,"CPT,CPA,GSR,GA15,GA12,GFC,GDS",2025-04-03 21:09:53.3764840 -03:00,1657050,2025-04-03 19:56:50.7125976 -03:00,10,0
1657176,26,26-CAMBIO DE HERRAMIENTAS DEBIDO A DESGASTE,419.202,siderca\60062291,"GA15,GA12",2025-04-03 22:38:34.4193971 -03:00,1657115,2025-04-03 21:27:46.9405374 -03:00,10,0
1657285,26,26-CAMBIO DE HERRAMIENTAS DEBIDO A DESGASTE,1154.826,siderca\60062291,"CPT,CPA,CA15,GA12,GFC,CDS,GDS",2025-04-04 01:16:47.5301617 -03:00,1657176,2025-04-03 22:45:33.6214123 -03:00,10,0
1657346,26,26-CAMBIO DE HERRAMIENTAS DEBIDO A DESGASTE,613.006,siderca\60062291,"GSR,GA15,CA12",2025-04-04 02:48:28.2108753 -03:00,1657285,2025-04-04 01:36:02.3563205 -03:00,9,0
1657442,26,26-CAMBIO DE HERRAMIENTAS DEBIDO A DESGASTE,900,siderca\60062291,"CPA,GA15,GA12,CFC,GFC,GDS",2025-04-04 04:33:26.4037929 -03:00,1657346,2025-04-04 02:58:41.2164307 -03:00,10,0
1657561,26,26-CAMBIO DE HERRAMIENTAS DEBIDO A DESGASTE,776.072,siderca\12985,"CPT,GSR,CDT",2025-04-04 07:22:49.9448160 -03:00,1657442,2025-04-04 04:48:26.4037929 -03:00,12,4
1657634,26,26-CAMBIO DE HERRAMIENTAS DEBIDO A DESGASTE,596.349,siderca\12985,"CPA,CA15,GA15,CDS,GDS,CDT",2025-04-04 09:22:15.4114080 -03:00,1657561,2025-04-04 07:35:46.0166669 -03:00,11,0
1657696,26,26-CAMBIO DE HERRAMIENTAS DEBIDO A DESGASTE,240.739,siderca\12985,"CA15,GA15,CDT",2025-04-04 10:39:29.1119474 -03:00,1657689,2025-04-04 11:00:45.9528363 -03:00,0,0
1657689,26,26-CAMBIO DE HERRAMIENTAS DEBIDO A DESGASTE,193,siderca\12985,CPA,2025-04-04 10:57:32.9528363 -03:00,1657634,2025-04-04 09:32:11.7600698 -03:00,11,0
1657766,26,26-CAMBIO DE HERRAMIENTAS DEBIDO A DESGASTE,1200.086,siderca\13035,"CPT,CPA,CSR,CA15,CFC,GDS",2025-04-04 13:18:38.6083131 -03:00,1657696,2025-04-04 10:43:29.8506435 -03:00,11,0
1657885,26,26-CAMBIO DE HERRAMIENTAS DEBIDO A DESGASTE,364.525,siderca\60062567,"CA15,GDS,GH",2025-04-04 16:48:03.5438379 -03:00,1657766,2025-04-04 13:38:38.6941184 -03:00,15,1
1657927,26,26-CAMBIO DE HERRAMIENTAS DEBIDO A DESGASTE,936.636,siderca\60062567,"CPA,CSR,CA15,CFC,GDS,CDT,GH",2025-04-04 18:07:45.7895342 -03:00,1657885,2025-04-04 16:54:08.0688345 -03:00,11,0
1657944,26,26-CAMBIO DE HERRAMIENTAS DEBIDO A DESGASTE,285.221,siderca\60062567,"CA15,GDS,GH",2025-04-04 18:45:44.0487386 -03:00,1657927,2025-04-04 18:23:22.4251259 -03:00,2,0
1657976,26,26-CAMBIO DE HERRAMIENTAS DEBIDO A DESGASTE,602.522,siderca\60062567,"CPT,CSR,CA15,CFC,GDS,GH",2025-04-04 19:47:19.9385435 -03:00,1657944,2025-04-04 18:50:29.2698771 -03:00,7,0
1658043,26,26-CAMBIO DE HERRAMIENTAS DEBIDO A DESGASTE,882,siderca\60062291,"CPA,GA15,CA12,GA12,GFC,GDS",2025-04-04 21:19:42.1728190 -03:00,1657976,2025-04-04 19:57:22.4608970 -03:00,9,0
1658098,26,26-CAMBIO DE HERRAMIENTAS DEBIDO A DESGASTE,360.499,siderca\60062291,"CA15,CA12,GA12",2025-04-04 23:06:37.2946532 -03:00,1658043,2025-04-04 21:34:24.1728190 -03:00,11,0
1658130,26,26-CAMBIO DE HERRAMIENTAS DEBIDO A DESGASTE,934.015,siderca\60062291,"CPT,CPA,GSR,GA15,GA12,GFC,CDS,GDS",2025-04-05 00:21:29.7272757 -03:00,1658098,2025-04-04 23:12:37.7935215 -03:00,11,0
1658241,26,26-CAMBIO DE HERRAMIENTAS DEBIDO A DESGASTE,867,siderca\60062291,"CPA,GA15,GA12,CFC,GFC,GDS",2025-04-05 03:45:12.2135067 -03:00,1658130,2025-04-05 00:37:03.7429776 -03:00,22,0
1658291,26,26-CAMBIO DE HERRAMIENTAS DEBIDO A DESGASTE,0.266,siderca\12985,"CPT,CSR,GSR,CA15,GA15,CFC,GFC,CDS,GDS,CDT",2025-04-05 05:02:24.7729103 -03:00,1658241,2025-04-05 03:59:39.2135067 -03:00,8,0
1658307,26,26-CAMBIO DE HERRAMIENTAS DEBIDO A DESGASTE,791,siderca\12985,"CPT,CSR,GSR,CA15,GA15,CFC,GFC,CDS,GDS,CDT",2025-04-05 05:21:16.5855923 -03:00,1658291,2025-04-05 05:02:25.0385356 -03:00,3,0
1658380,26,26-CAMBIO DE HERRAMIENTAS DEBIDO A DESGASTE,572,siderca\12985,"CPA,CA15,GA15,CFC,CDS,GDS,CDT",2025-04-05 07:30:11.3921516 -03:00,1658307,2025-04-05 05:34:27.5855923 -03:00,12,0
1658407,26,26-CAMBIO DE HERRAMIENTAS DEBIDO A DESGASTE,290,siderca\12985,"CA15,GA15,CDT",2025-04-05 08:55:15.1044630 -03:00,1658380,2025-04-05 07:39:43.3921516 -03:00,11,0
1658431,26,26-CAMBIO DE HERRAMIENTAS DEBIDO A DESGASTE,582,siderca\12985,"CA15,GA15,CFC,GFC",2025-04-05 10:07:09.2580858 -03:00,1658407,2025-04-05 09:00:05.1044630 -03:00,11,0
1658443,26,26-CAMBIO DE HERRAMIENTAS DEBIDO A DESGASTE,506.763,siderca\12985,"CPT,CPA,CSR,GSR,CA15,GA15,CDS,GDS,CDT",2025-04-05 10:41:07.7543026 -03:00,1658431,2025-04-05 10:16:51.2580858 -03:00,3,3
1658523,26,26-CAMBIO DE HERRAMIENTAS DEBIDO A DESGASTE,540.361,siderca\60062524,"CA15,GA15,CFC,GFC,CDT",2025-04-05 13:07:24.0000000 -03:00,1658443,2025-04-05 10:49:34.5177698 -03:00,10,1
1658539,26,26-CAMBIO DE HERRAMIENTAS DEBIDO A DESGASTE,544,siderca\60062524,"CPA,GA15,GA12,GFC,CDS,GDS",2025-04-05 14:04:03.0334318 -03:00,1658523,2025-04-05 13:16:24.3617624 -03:00,8,0
1658574,26,26-CAMBIO DE HERRAMIENTAS DEBIDO A DESGASTE,545.872,siderca\60062524,"CPA,GSR,GA15,GFC",2025-04-05 15:55:03.3582592 -03:00,1658539,2025-04-05 14:13:07.0334318 -03:00,11,0
1658649,26,26-CAMBIO DE HERRAMIENTAS DEBIDO A DESGASTE,210.988,siderca\60062524,"GA15,CFC,GFC",2025-04-05 18:52:40.4813860 -03:00,1658574,2025-04-05 16:04:09.2307969 -03:00,22,2
1658679,26,26-CAMBIO DE HERRAMIENTAS DEBIDO A DESGASTE,920,siderca\60062524,"CPT,CPA,GSR,GA15,GA12,CFC,GFC,CDS,GDS,CDT",2025-04-05 19:59:14.3043872 -03:00,1658649,2025-04-05 18:56:11.4694541 -03:00,9,0
1658738,26,26-CAMBIO DE HERRAMIENTAS DEBIDO A DESGASTE,1128.3,siderca\60062291,"CPA,GA15,GA12,GFC,GDS",2025-04-05 22:21:12.7245488 -03:00,1658679,2025-04-05 20:14:34.3043872 -03:00,11,0
1658785,26,26-CAMBIO DE HERRAMIENTAS DEBIDO A DESGASTE,1161.281,siderca\60062291,"CPT,CPA,CSR,GA15,GA12,GFC,GDS",2025-04-05 23:45:23.7900786 -03:00,1658738,2025-04-05 22:40:01.0245699 -03:00,10,0
1658843,26,26-CAMBIO DE HERRAMIENTAS DEBIDO A DESGASTE,256.903,siderca\60062291,"CA15,CA12",2025-04-06 01:11:33.9719489 -03:00,1658785,2025-04-06 00:04:45.0719878 -03:00,10,0
1658881,26,26-CAMBIO DE HERRAMIENTAS DEBIDO A DESGASTE,865.955,siderca\60062291,"CPA,GA15,GA12,GFC,GDS",2025-04-06 02:21:13.9613502 -03:00,1658843,2025-04-06 01:15:50.8746350 -03:00,10,0
1658939,26,26-CAMBIO DE HERRAMIENTAS DEBIDO A DESGASTE,548.506,siderca\60062291,"CPT,CSR,GSR,GA15,GA12",2025-04-06 03:43:38.6451763 -03:00,1658881,2025-04-06 02:35:39.9168791 -03:00,7,0
1659026,26,26-CAMBIO DE HERRAMIENTAS DEBIDO A DESGASTE,720,siderca\12985,"CPA,CA15,GA15,CFC,GFC,CDS,GDS,CDT",2025-04-06 05:10:20.4123760 -03:00,1658939,2025-04-06 03:52:47.1515453 -03:00,10,0
1659079,26,26-CAMBIO DE HERRAMIENTAS DEBIDO A DESGASTE,326,siderca\12985,"CA15,GA15,CDT",2025-04-06 06:56:21.5326891 -03:00,1659026,2025-04-06 05:22:20.4123760 -03:00,12,0
1659127,26,26-CAMBIO DE HERRAMIENTAS DEBIDO A DESGASTE,883,siderca\12985,"CPT,CPA,CSR,GSR,CA15,GA15,CFC,GFC,CDS,GDS,CDT",2025-04-06 08:12:10.4589780 -03:00,1659079,2025-04-06 07:01:47.5326891 -03:00,11,0
1659195,26,26-CAMBIO DE HERRAMIENTAS DEBIDO A DESGASTE,409,siderca\12985,"CA15,GA15,CFC,CDT",2025-04-06 10:06:55.4191995 -03:00,1659127,2025-04-06 08:26:53.4589780 -03:00,13,0
1659235,26,26-CAMBIO DE HERRAMIENTAS DEBIDO A DESGASTE,939.956,siderca\12985,"CPT,CPA,CSR,GSR,CA15,GA15,CFC,GFC,CDS,GDS,CDT",2025-04-06 11:22:29.8112198 -03:00,1659195,2025-04-06 10:13:44.4191995 -03:00,11,0
1659320,26,26-CAMBIO DE HERRAMIENTAS DEBIDO A DESGASTE,360.267,siderca\60062524,"GA15,GFC,CDT",2025-04-06 13:06:59.0000000 -03:00,1659235,2025-04-06 11:38:09.7670604 -03:00,11,0
1659349,26,26-CAMBIO DE HERRAMIENTAS DEBIDO A DESGASTE,582,siderca\60062524,"CPA,GA15,GFC,CDS,GDS,CDT",2025-04-06 14:17:05.2137333 -03:00,1659320,2025-04-06 13:12:59.2678250 -03:00,10,0
1659418,26,26-CAMBIO DE HERRAMIENTAS DEBIDO A DESGASTE,624.7,siderca\60062524,"CPT,CSR,GSR,GA15,GFC",2025-04-06 16:28:00.0542654 -03:00,1659349,2025-04-06 14:26:47.2137333 -03:00,11,0
1659489,26,26-CAMBIO DE HERRAMIENTAS DEBIDO A DESGASTE,563.226,siderca\60062524,"CPA,GA15,GFC,CDS,GDS,CDT",2025-04-06 18:26:24.3717242 -03:00,1659418,2025-04-06 16:38:24.7540825 -03:00,10,0
1659534,26,26-CAMBIO DE HERRAMIENTAS DEBIDO A DESGASTE,276.806,siderca\60062524,"GA15,CFC,GFC,CDT",2025-04-06 20:03:33.4041745 -03:00,1659489,2025-04-06 18:35:47.5973622 -03:00,12,1
1659595,26,26-CAMBIO DE HERRAMIENTAS DEBIDO A DESGASTE,944,siderca\60062291,"CPT,CPA,CSR,GSR,GA15,GA12,CFC,GFC,CDS,GDS",2025-04-06 21:23:19.8864174 -03:00,1659534,2025-04-06 20:08:10.2103394 -03:00,9,0
1659661,26,26-CAMBIO DE HERRAMIENTAS DEBIDO A DESGASTE,375.872,siderca\60062291,"GA15,CA12",2025-04-06 23:08:53.2960375 -03:00,1659595,2025-04-06 21:39:03.8864174 -03:00,11,0
1659708,26,26-CAMBIO DE HERRAMIENTAS DEBIDO A DESGASTE,930.328,siderca\60062291,"CPA,GA15,GA12,GFC,GDS",2025-04-07 00:21:07.8508108 -03:00,1659661,2025-04-06 23:15:09.1688678 -03:00,10,0
1659752,26,26-CAMBIO DE HERRAMIENTAS DEBIDO A DESGASTE,615.191,siderca\60062291,"CPT,CSR,GSR,CA15,GA15,CA12,GA12",2025-04-07 01:38:06.9142608 -03:00,1659708,2025-04-07 00:36:38.1784161 -03:00,9,0
1659791,26,26-CAMBIO DE HERRAMIENTAS DEBIDO A DESGASTE,703.171,siderca\60062291,"CPA,GA15,GA12,CFC,GFC,GDS",2025-04-07 02:55:34.4816337 -03:00,1659752,2025-04-07 01:48:22.1057316 -03:00,10,0
1659913,26,26-CAMBIO DE HERRAMIENTAS DEBIDO A DESGASTE,774.231,siderca\60062567,"CA15,GA12,CFC,GH",2025-04-07 05:41:13.6082539 -03:00,1659791,2025-04-07 03:07:17.6521211 -03:00,11,0
1659963,26,26-CAMBIO DE HERRAMIENTAS DEBIDO A DESGASTE,862.638,siderca\60062567,"CPT,CPA,GSR,CA15,GA12,CFC,GDS,CDT,GH",2025-04-07 07:12:54.8666805 -03:00,1659913,2025-04-07 05:54:07.8390395 -03:00,10,0
1660026,26,26-CAMBIO DE HERRAMIENTAS DEBIDO A DESGASTE,351.827,siderca\60062567,"CA15,GA12,CFC,GH",2025-04-07 08:49:00.1765699 -03:00,1659963,2025-04-07 07:27:17.5045127 -03:00,11,0
1660080,26,26-CAMBIO DE HERRAMIENTAS DEBIDO A DESGASTE,660.979,siderca\60062567,"CPA,CA15,GA12,CFC,GDS,CDT,GH",2025-04-07 10:38:54.5071861 -03:00,1660026,2025-04-07 08:54:52.0037514 -03:00,9,0
1660087,26,26-CAMBIO DE HERRAMIENTAS DEBIDO A DESGASTE,461.006,siderca\60062567,"CPT,CPA,GSR,CA15,GA12,CFC,GDS,CDT,GH",2025-04-07 11:11:08.8405461 -03:00,1660080,2025-04-07 10:49:55.4864358 -03:00,3,0
1660110,26,26-CAMBIO DE HERRAMIENTAS DEBIDO A DESGASTE,514.781,siderca\60062567,"CPT,GSR,CA15,GA12,GDS,GH",2025-04-07 12:22:18.4048893 -03:00,1660087,2025-04-07 11:18:49.8468772 -03:00,7,1
1660218,26,26-CAMBIO DE HERRAMIENTAS DEBIDO A DESGASTE,900.334,siderca\60062524,"CPA,CA15,GA15,GA12,CFC,GFC,CDS,GDS,CDT",2025-04-07 16:24:20.2871978 -03:00,1660110,2025-04-07 12:30:53.1853651 -03:00,14,2
1660270,26,26-CAMBIO DE HERRAMIENTAS DEBIDO A DESGASTE,667,siderca\60062524,"CPT,CPA,GSR,GA15,GA12,CFC,GFC,GDS,CDT",2025-04-07 18:34:13.3544544 -03:00,1660218,2025-04-07 16:39:20.6211177 -03:00,10,0
1660441,26,26-CAMBIO DE HERRAMIENTAS DEBIDO A DESGASTE,1011.597,siderca\60062291,"CPT,CPA,GSR,GA15,GA12,GFC,GDS",2025-04-07 23:41:19.0627703 -03:00,1660270,2025-04-07 18:45:20.3544544 -03:00,15,1
1660485,26,26-CAMBIO DE HERRAMIENTAS DEBIDO A DESGASTE,458,siderca\60062291,"GA15,GA12",2025-04-08 01:13:05.3813874 -03:00,1660441,2025-04-07 23:58:10.6590790 -03:00,7,0
1660556,26,26-CAMBIO DE HERRAMIENTAS DEBIDO A DESGASTE,840.914,siderca\60062291,"CPT,CPA,GSR,CA15,GA15,GA12,GFC,GDS",2025-04-08 02:36:50.8791421 -03:00,1660485,2025-04-08 01:20:43.3813874 -03:00,11,1
1660597,26,26-CAMBIO DE HERRAMIENTAS DEBIDO A DESGASTE,323,siderca\60062291,"GA15,GA12",2025-04-08 04:07:48.2037649 -03:00,1660556,2025-04-08 02:50:51.7933277 -03:00,8,1
1660652,26,26-CAMBIO DE HERRAMIENTAS DEBIDO A DESGASTE,804,siderca\60062567,"CPT,CPA,CSR,GA15,GA12,CFC,GDS,CDT,GH",2025-04-08 05:26:26.1557993 -03:00,1660597,2025-04-08 04:13:11.2037649 -03:00,8,0
1660695,26,26-CAMBIO DE HERRAMIENTAS DEBIDO A DESGASTE,369.903,siderca\60062567,"CA15,GH",2025-04-08 07:02:29.2411299 -03:00,1660652,2025-04-08 05:39:50.1557993 -03:00,11,0
1660739,26,26-CAMBIO DE HERRAMIENTAS DEBIDO A DESGASTE,510.327,siderca\60062567,"CPA,GA15,GA12,CFC,GDS,CDT,GH",2025-04-08 09:18:43.6380569 -03:00,1660695,2025-04-08 07:08:39.1440368 -03:00,11,0
1660768,26,26-CAMBIO DE HERRAMIENTAS DEBIDO A DESGASTE,524.674,siderca\60062567,"CPT,CSR,GA15,GA12,GH",2025-04-08 10:34:38.8231004 -03:00,1660739,2025-04-08 09:27:13.9659724 -03:00,8,0
1660819,26,26-CAMBIO DE HERRAMIENTAS DEBIDO A DESGASTE,689.745,siderca\60062567,"CPA,GA15,GA12,CFC,GDS,CDT,GH",2025-04-08 12:23:36.6807621 -03:00,1660768,2025-04-08 10:43:23.4977656 -03:00,12,0
1660871,26,26-CAMBIO DE HERRAMIENTAS DEBIDO A DESGASTE,407.809,siderca\60062291,"GA15,GA12",2025-04-08 13:44:33.1291696 -03:00,1660819,2025-04-08 12:35:06.4254219 -03:00,10,0
1660926,26,26-CAMBIO DE HERRAMIENTAS DEBIDO A DESGASTE,919.595,siderca\11915,"CPT,CPA,GSR,CA15,GA15,GA12,CFC,GFC,GDS",2025-04-08 15:18:52.4503980 -03:00,1660871,2025-04-08 13:51:20.9386882 -03:00,9,1
1661020,26,26-CAMBIO DE HERRAMIENTAS DEBIDO A DESGASTE,901.514,siderca\60062291,"CPA,GA15,GA12,GFC,GDS",2025-04-08 18:24:08.3773393 -03:00,1660926,2025-04-08 15:34:12.0450565 -03:00,8,0
1661142,26,26-CAMBIO DE HERRAMIENTAS DEBIDO A DESGASTE,900,siderca\60062524,"CPT,CPA,CSR,GSR,CA15,GA15,CA12,GA12,CFC,GFC,CDS,GDS,CDT",2025-04-08 21:51:20.6551593 -03:00,1661020,2025-04-08 18:39:09.8911028 -03:00,19,0
1661182,26,26-CAMBIO DE HERRAMIENTAS DEBIDO A DESGASTE,120.963,siderca\60062524,CDT,2025-04-08 23:01:24.2298126 -03:00,1661142,2025-04-08 22:06:20.6551593 -03:00,6,0
1661200,26,26-CAMBIO DE HERRAMIENTAS DEBIDO A DESGASTE,487.034,siderca\60062524,"GA15,CFC,GFC,CDT",2025-04-08 23:40:13.5636260 -03:00,1661182,2025-04-08 23:03:25.1923336 -03:00,4,0
1661249,26,26-CAMBIO DE HERRAMIENTAS DEBIDO A DESGASTE,1168.804,siderca\60062524,"CPA,GA15,CFC,GFC,CDS,GDS,CDT",2025-04-09 01:07:33.6622114 -03:00,1661200,2025-04-08 23:48:20.5976736 -03:00,10,0
1661294,26,26-CAMBIO DE HERRAMIENTAS DEBIDO A DESGASTE,665.474,siderca\60062524,"CPT,CSR,GSR,GA15,CFC,GFC",2025-04-09 02:40:11.0361924 -03:00,1661249,2025-04-09 01:27:02.4668835 -03:00,9,0
1661345,26,26-CAMBIO DE HERRAMIENTAS DEBIDO A DESGASTE,488,siderca\60062524,"CPT,CPA,GA15,GA12,CFC,GFC,GDS",2025-04-09 03:58:16.5620420 -03:00,1661294,2025-04-09 02:51:16.5107692 -03:00,10,0
1661430,26,26-CAMBIO DE HERRAMIENTAS DEBIDO A DESGASTE,704.992,siderca\60062524,"CPA,GA15,CFC,GFC,CDS,GDS,CDT",2025-04-09 05:32:00.8081737 -03:00,1661345,2025-04-09 04:06:24.5620420 -03:00,10,0
1661469,26,26-CAMBIO DE HERRAMIENTAS DEBIDO A DESGASTE,330.156,siderca\60062567,"GA15,GA12,CFC,CDT",2025-04-09 06:48:00.6038041 -03:00,1661430,2025-04-09 05:43:45.8009998 -03:00,10,0
1661515,26,26-CAMBIO DE HERRAMIENTAS DEBIDO A DESGASTE,600.579,siderca\60062567,"CPT,CPA,GSR,CA15,GA12,CFC,GDS,CDT,GH",2025-04-09 08:08:48.3085620 -03:00,1661469,2025-04-09 06:53:30.7598924 -03:00,10,5
1661587,26,26-CAMBIO DE HERRAMIENTAS DEBIDO A DESGASTE,419.51,siderca\60062567,"GA15,GA12,CFC,CDT",2025-04-09 10:34:46.2433834 -03:00,1661515,2025-04-09 08:18:48.8873420 -03:00,8,0
1661638,26,26-CAMBIO DE HERRAMIENTAS DEBIDO A DESGASTE,635.684,siderca\60062567,"CPT,CPA,GSR,CA15,GA12,CFC,GDS,CDT,GH",2025-04-09 12:06:46.6177422 -03:00,1661587,2025-04-09 10:41:45.7533312 -03:00,12,0
1661714,26,26-CAMBIO DE HERRAMIENTAS DEBIDO A DESGASTE,586.655,siderca\60062524,"CA15,GA15,CA12,GA12,CFC,GFC,CDT",2025-04-09 13:57:41.6041045 -03:00,1661638,2025-04-09 12:17:22.3013143 -03:00,11,0
1661757,26,26-CAMBIO DE HERRAMIENTAS DEBIDO A DESGASTE,950,siderca\60062524,"CPT,CPA,GSR,GA15,GA12,GFC,GDS,CDT",2025-04-09 15:37:46.4097364 -03:00,1661714,2025-04-09 14:07:28.2598865 -03:00,10,0
1661799,26,26-CAMBIO DE HERRAMIENTAS DEBIDO A DESGASTE,445.951,siderca\60062524,"CA12,GFC,CDT",2025-04-09 17:12:26.8515751 -03:00,1661757,2025-04-09 15:53:36.4097364 -03:00,10,0
1661830,26,26-CAMBIO DE HERRAMIENTAS DEBIDO A DESGASTE,873.585,siderca\60062524,"CPA,GA12,CFC,GFC,CDS,GDS,CDT",2025-04-09 18:25:21.8516173 -03:00,1661799,2025-04-09 17:19:52.8021004 -03:00,9,0
1661863,26,26-CAMBIO DE HERRAMIENTAS DEBIDO A DESGASTE,667.806,siderca\60062524,"CPT,CSR,GSR,CA12,GA12,GFC",2025-04-09 19:46:53.0956522 -03:00,1661830,2025-04-09 18:39:55.4364135 -03:00,9,0
1661932,26,26-CAMBIO DE HERRAMIENTAS DEBIDO A DESGASTE,822,siderca\12985,"CPA,CA15,GA15,CFC,GFC,CDS,GDS,CDT",2025-04-09 21:24:28.4633874 -03:00,1661863,2025-04-09 19:58:00.9017970 -03:00,11,2
1661992,26,26-CAMBIO DE HERRAMIENTAS DEBIDO A DESGASTE,375.652,siderca\12985,"CA15,GA15,CDT",2025-04-09 23:09:14.9166279 -03:00,1661932,2025-04-09 21:38:10.4633874 -03:00,11,0
1662088,26,26-CAMBIO DE HERRAMIENTAS DEBIDO A DESGASTE,720.296,siderca\12985,"CPT,CPA,CSR,GSR,CA15,GA15,CFC,GFC,CDS,GDS,CDT",2025-04-10 01:09:44.2421112 -03:00,1661992,2025-04-09 23:15:30.5688204 -03:00,9,1
1662132,26,26-CAMBIO DE HERRAMIENTAS DEBIDO A DESGASTE,430.622,siderca\12985,"CA15,GA15,CDT",2025-04-10 02:38:43.8579215 -03:00,1662088,2025-04-10 01:21:44.5383782 -03:00,10,0
1662178,26,26-CAMBIO DE HERRAMIENTAS DEBIDO A DESGASTE,659.233,siderca\12985,"CPA,CA15,GA15,CFC,CDS,GDS,CDT",2025-04-10 04:00:51.7250064 -03:00,1662132,2025-04-10 02:45:54.4791395 -03:00,10,0
1662252,26,26-CAMBIO DE HERRAMIENTAS DEBIDO A DESGASTE,1000.766,siderca\12985,"CPT,CPA,CSR,GSR,CA15,GA15,CFC,GFC,CDS,GDS,CDT",2025-04-10 05:24:08.4316825 -03:00,1662178,2025-04-10 04:11:50.9587974 -03:00,9,0
1662301,26,26-CAMBIO DE HERRAMIENTAS DEBIDO A DESGASTE,480.458,siderca\12985,"CPT,CPA,CSR,GSR,CA15,GA15,CFC,GFC,CDS,GDS,CDT",2025-04-10 07:45:14.2670301 -03:00,1662252,2025-04-10 05:40:49.1973823 -03:00,10,3
1662339,26,26-CAMBIO DE HERRAMIENTAS DEBIDO A DESGASTE,283.831,siderca\60062567,"CA15,GH",2025-04-10 10:06:25.0480986 -03:00,1662301,2025-04-10 07:53:14.7253005 -03:00,9,0
1662520,26,26-CAMBIO DE HERRAMIENTAS DEBIDO A DESGASTE,931,siderca\60062524,"CPT,CPA,GSR,GA15,CFC,GFC,CDS,GDS,CDT",2025-04-10 15:50:58.8231463 -03:00,1662339,2025-04-10 10:11:08.8792796 -03:00,32,3
1662609,26,26-CAMBIO DE HERRAMIENTAS DEBIDO A DESGASTE,460,siderca\60062524,"GA15,GA12,CFC,GFC,CDT",2025-04-10 18:15:33.3339667 -03:00,1662520,2025-04-10 16:06:29.8231463 -03:00,12,0
1662674,26,26-CAMBIO DE HERRAMIENTAS DEBIDO A DESGASTE,677.064,siderca\60062524,"CPA,GSR,GA15,GA12,GFC",2025-04-10 20:20:11.4390325 -03:00,1662609,2025-04-10 18:23:13.3339667 -03:00,10,1
1662723,26,26-CAMBIO DE HERRAMIENTAS DEBIDO A DESGASTE,648,siderca\12985,"CPT,CSR,GSR,CA15,GA15,CDT",2025-04-10 21:34:32.6154933 -03:00,1662674,2025-04-10 20:31:28.5036710 -03:00,10,0
1662766,26,26-CAMBIO DE HERRAMIENTAS DEBIDO A DESGASTE,569,siderca\12985,"CPA,CA15,GA15,CFC,GFC,CDS,GDS,CDT",2025-04-10 23:05:55.4806101 -03:00,1662723,2025-04-10 21:45:20.6154933 -03:00,10,0
1662801,26,26-CAMBIO DE HERRAMIENTAS DEBIDO A DESGASTE,294.627,siderca\12985,"CA15,GA15,CDT",2025-04-11 00:24:21.1676860 -03:00,1662766,2025-04-10 23:15:24.4806101 -03:00,9,0
1662844,26,26-CAMBIO DE HERRAMIENTAS DEBIDO A DESGASTE,865.191,siderca\12985,"CPT,CPA,CSR,GSR,CA15,GA15,CFC,GFC,CDS,GDS,CDT",2025-04-11 02:03:49.3004700 -03:00,1662801,2025-04-11 00:29:15.7947723 -03:00,10,0
1662861,26,26-CAMBIO DE HERRAMIENTAS DEBIDO A DESGASTE,353,siderca\12985,"CA15,GA15,CDT",2025-04-11 03:31:05.9093831 -03:00,1662844,2025-04-11 02:18:14.4915442 -03:00,10,0
1662881,26,26-CAMBIO DE HERRAMIENTAS DEBIDO A DESGASTE,543.802,siderca\12985,"CPA,CA15,GA15,CFC,GFC,CDS,GDS,CDT",2025-04-11 04:43:18.9983867 -03:00,1662861,2025-04-11 03:36:58.9093831 -03:00,10,0
1662926,26,26-CAMBIO DE HERRAMIENTAS DEBIDO A DESGASTE,476.712,siderca\60062567,"CPT,GSR,CA15,GDS,GH",2025-04-11 06:07:20.5357170 -03:00,1662881,2025-04-11 04:52:22.8003955 -03:00,9,0
1662946,26,26-CAMBIO DE HERRAMIENTAS DEBIDO A DESGASTE,569.109,siderca\60062567,"CPA,CA15,CA12,CFC,GDS,CDT,GH",2025-04-11 07:18:14.8468798 -03:00,1662926,2025-04-11 06:15:17.2479495 -03:00,10,0
1662983,26,26-CAMBIO DE HERRAMIENTAS DEBIDO A DESGASTE,362,siderca\60062567,"CPA,CA15,CA12,CFC,GDS,CDT,GH",2025-04-11 08:43:01.0279435 -03:00,1662946,2025-04-11 07:27:43.9556264 -03:00,11,0
1663031,26,26-CAMBIO DE HERRAMIENTAS DEBIDO A DESGASTE,766.011,siderca\60062567,"CPT,CPA,GSR,CA15,CA12,CFC,GDS,CDT,GH",2025-04-11 10:16:46.6059827 -03:00,1662983,2025-04-11 08:49:03.0279435 -03:00,10,0
1663209,26,26-CAMBIO DE HERRAMIENTAS DEBIDO A DESGASTE,480.244,siderca\60062291,"GA15,GA12,GFC",2025-04-11 15:00:44.4787688 -03:00,1663031,2025-04-11 10:29:32.6163295 -03:00,10,1
1663284,26,26-CAMBIO DE HERRAMIENTAS DEBIDO A DESGASTE,840.528,siderca\60062291,"CPA,CA15,GA15,GA12,GFC,GDS",2025-04-11 16:39:28.3167348 -03:00,1663209,2025-04-11 15:08:44.7221173 -03:00,9,2
1663305,26,26-CAMBIO DE HERRAMIENTAS DEBIDO A DESGASTE,618.145,siderca\60062291,"CPT,GSR,GA15,CA12,GA12",2025-04-11 18:25:34.4397348 -03:00,1663284,2025-04-11 16:53:28.8449920 -03:00,10,0
1663399,26,26-CAMBIO DE HERRAMIENTAS DEBIDO A DESGASTE,840.811,siderca\60062291,"CPA,GA15,CA12,GA12,GFC,CDS,GDS",2025-04-11 19:58:17.0756400 -03:00,1663305,2025-04-11 18:35:52.5842804 -03:00,10,0
1663429,26,26-CAMBIO DE HERRAMIENTAS DEBIDO A DESGASTE,757.321,siderca\12985,"CPT,CSR,GSR,CA15,GA15,CFC,CDT",2025-04-11 21:25:40.4135065 -03:00,1663399,2025-04-11 20:12:17.8865543 -03:00,10,0
1663496,26,26-CAMBIO DE HERRAMIENTAS DEBIDO A DESGASTE,780.145,siderca\12985,"CPA,CA15,GA15,CFC,GFC,CDS,GDS,CDT",2025-04-11 23:01:16.6305686 -03:00,1663429,2025-04-11 21:38:17.7348869 -03:00,10,0
1663557,26,26-CAMBIO DE HERRAMIENTAS DEBIDO A DESGASTE,563.98,siderca\12985,"CA15,GA15,CFC,GFC,CDS,CDT",2025-04-12 00:48:02.2636884 -03:00,1663496,2025-04-11 23:14:16.7753321 -03:00,12,0
1663623,26,26-CAMBIO DE HERRAMIENTAS DEBIDO A DESGASTE,912,siderca\12985,"CPT,CPA,CSR,GSR,CA15,GA15,CFC,GFC,CDS,GDS,CDT",2025-04-12 02:17:27.4997500 -03:00,1663557,2025-04-12 00:57:26.2437773 -03:00,10,0
1663694,26,26-CAMBIO DE HERRAMIENTAS DEBIDO A DESGASTE,426,siderca\12985,"CA15,GA15,GFC,CDT",2025-04-12 03:55:49.9654786 -03:00,1663623,2025-04-12 02:32:39.4997500 -03:00,11,0
1663765,26,26-CAMBIO DE HERRAMIENTAS DEBIDO A DESGASTE,560.988,siderca\60062567,"CPT,CPA,GSR,CA15,GA15,GA12,CFC,GFC,CDS,CDT,GH",2025-04-12 05:20:28.1125492 -03:00,1663694,2025-04-12 04:02:55.9654786 -03:00,10,0
1663834,26,26-CAMBIO DE HERRAMIENTAS DEBIDO A DESGASTE,371.965,siderca\60062567,"CPT,GSR,CA15,CDT,GH",2025-04-12 06:50:27.8897502 -03:00,1663765,2025-04-12 05:29:49.1001420 -03:00,10,0
1663901,26,26-CAMBIO DE HERRAMIENTAS DEBIDO A DESGASTE,442.155,siderca\60062567,"CPA,CA15,CFC,GDS,CDT,GH",2025-04-12 08:13:15.6925341 -03:00,1663834,2025-04-12 06:56:39.8541942 -03:00,9,0
1663972,26,26-CAMBIO DE HERRAMIENTAS DEBIDO A DESGASTE,268.244,siderca\60062567,"CA15,CA12,GH",2025-04-12 09:57:19.6286886 -03:00,1663901,2025-04-12 08:20:37.8470998 -03:00,13,0
1664021,26,26-CAMBIO DE HERRAMIENTAS DEBIDO A DESGASTE,801.276,siderca\60062567,"CPT,CPA,GSR,CA15,GA15,GA12,CFC,GFC,CDS,CDT,GH",2025-04-12 11:20:40.2216804 -03:00,1663972,2025-04-12 10:01:47.8720572 -03:00,9,0
1664097,26,26-CAMBIO DE HERRAMIENTAS DEBIDO A DESGASTE,666.553,siderca\60062291,"CPA,CA15,GA15,GA12",2025-04-12 13:00:00.0000000 -03:00,1664021,2025-04-12 11:34:01.4978104 -03:00,10,2
1664145,26,26-CAMBIO DE HERRAMIENTAS DEBIDO A DESGASTE,715.913,siderca\60062291,"CPA,GA15,CA12,GA12,GFC,GDS",2025-04-12 14:23:29.9127273 -03:00,1664097,2025-04-12 13:11:06.5533314 -03:00,10,0
1664202,26,26-CAMBIO DE HERRAMIENTAS DEBIDO A DESGASTE,742,siderca\60062291,"CPT,GSR,GA15,GA12",2025-04-12 15:40:31.1733009 -03:00,1664145,2025-04-12 14:35:25.8253830 -03:00,9,0
1664302,26,26-CAMBIO DE HERRAMIENTAS DEBIDO A DESGASTE,670.894,siderca\60062291,"CPA,GA15,CA12,GA12,CFC,GFC,CDS,GDS",2025-04-12 17:52:30.5270516 -03:00,1664202,2025-04-12 15:52:53.1733009 -03:00,11,0
1664358,26,26-CAMBIO DE HERRAMIENTAS DEBIDO A DESGASTE,476.649,siderca\60062291,"CPT,CA15,GA15,GA12",2025-04-12 19:07:55.9140606 -03:00,1664302,2025-04-12 18:03:41.4216304 -03:00,9,0
1664411,26,26-CAMBIO DE HERRAMIENTAS DEBIDO A DESGASTE,798.887,siderca\60062291,"CPA,CSR,GA15,GA12,GFC,CDS,GDS",2025-04-12 20:07:42.3979886 -03:00,1664358,2025-04-12 19:15:52.5636147 -03:00,6,3
1664501,26,26-CAMBIO DE HERRAMIENTAS DEBIDO A DESGASTE,583.79,siderca\12985,"CA15,GA15,CFC,GFC,CDT",2025-04-12 21:41:52.5304988 -03:00,1664411,2025-04-12 20:21:01.2841538 -03:00,9,0
1664565,26,26-CAMBIO DE HERRAMIENTAS DEBIDO A DESGASTE,791,siderca\12985,"CPT,CPA,CA15,GA15,CFC,GFC,CDS,GDS,CDT",2025-04-12 23:12:51.8881052 -03:00,1664501,2025-04-12 21:51:36.3204018 -03:00,9,0
1664670,26,26-CAMBIO DE HERRAMIENTAS DEBIDO A DESGASTE,360.243,siderca\12985,"CSR,GSR,CA15,GA15,CFC,GFC,CDS,CDT",2025-04-13 01:09:37.2325795 -03:00,1664565,2025-04-12 23:26:02.8881052 -03:00,10,2
1664776,26,26-CAMBIO DE HERRAMIENTAS DEBIDO A DESGASTE,660.497,siderca\12985,"CPA,CA15,GA15,CFC,GFC,CDS,GDS,CDT",2025-04-13 03:58:19.3031546 -03:00,1664670,2025-04-13 01:15:37.4758106 -03:00,11,0
1664849,26,26-CAMBIO DE HERRAMIENTAS DEBIDO A DESGASTE,823.82,siderca\60062524,"CPT,CSR,GSR,GA15,CFC,GFC,GDS,CDT",2025-04-13 05:29:07.4979254 -03:00,1664776,2025-04-13 04:09:19.8008806 -03:00,9,0
1664903,26,26-CAMBIO DE HERRAMIENTAS DEBIDO A DESGASTE,570,siderca\60062524,"CPA,GA15,GFC,CDT",2025-04-13 06:53:53.9472830 -03:00,1664849,2025-04-13 05:42:51.3172992 -03:00,9,0
1664961,26,26-CAMBIO DE HERRAMIENTAS DEBIDO A DESGASTE,632.623,siderca\60062524,"CPA,GA15,GFC",2025-04-13 08:25:05.4562243 -03:00,1664903,2025-04-13 07:03:23.9472830 -03:00,10,0
1665022,26,26-CAMBIO DE HERRAMIENTAS DEBIDO A DESGASTE,606.158,siderca\60062524,"CPA,CA15,GA15,GA12,CFC,GFC",2025-04-13 09:43:57.5146849 -03:00,1664961,2025-04-13 08:35:38.0795918 -03:00,10,0
1665070,26,26-CAMBIO DE HERRAMIENTAS DEBIDO A DESGASTE,494.4,siderca\60062524,"GA15,GFC,CDS,GDS",2025-04-13 10:58:36.8739859 -03:00,1665022,2025-04-13 09:54:03.6728532 -03:00,10,0
1665147,26,26-CAMBIO DE HERRAMIENTAS DEBIDO A DESGASTE,629.624,siderca\60062524,"CPT,CPA,GA15,GA12,CFC,GFC,GDS,CDT",2025-04-13 12:26:15.1465370 -03:00,1665070,2025-04-13 11:06:51.2732215 -03:00,10,0
1665253,26,26-CAMBIO DE HERRAMIENTAS DEBIDO A DESGASTE,422.304,siderca\60062291,"GSR,GA15,GA12,GDS",2025-04-13 14:18:53.8981436 -03:00,1665147,2025-04-13 12:36:44.7707884 -03:00,9,0
1665312,26,26-CAMBIO DE HERRAMIENTAS DEBIDO A DESGASTE,606.624,siderca\60062291,"CPA,CA15,GA15,GA12,CFC,GFC",2025-04-13 15:39:02.3737695 -03:00,1665253,2025-04-13 14:25:56.2024278 -03:00,10,0
1665367,26,26-CAMBIO DE HERRAMIENTAS DEBIDO A DESGASTE,559.591,siderca\60062291,"CPT,CSR,GSR,GA15,CA12,GA12,GDS",2025-04-13 16:52:59.5829344 -03:00,1665312,2025-04-13 15:49:08.9975470 -03:00,10,0
1665429,26,26-CAMBIO DE HERRAMIENTAS DEBIDO A DESGASTE,616.564,siderca\60062291,"CPA,GA15,GA12,GFC",2025-04-13 18:19:56.6327798 -03:00,1665367,2025-04-13 17:02:19.1737665 -03:00,10,1
1665489,26,26-CAMBIO DE HERRAMIENTAS DEBIDO A DESGASTE,1000.163,siderca\60062291,"CPT,CPA,CSR,GSR,GA15,GA12,GFC,CDS",2025-04-13 19:33:55.4571848 -03:00,1665429,2025-04-13 18:30:13.1963264 -03:00,10,0
1665564,26,26-CAMBIO DE HERRAMIENTAS DEBIDO A DESGASTE,379.546,siderca\12985,"CA15,GA15,CDT",2025-04-13 21:03:11.6190026 -03:00,1665489,2025-04-13 19:50:35.6205143 -03:00,10,0
1665570,26,26-CAMBIO DE HERRAMIENTAS DEBIDO A DESGASTE,0.078,siderca\12985,"CA15,GA15,CDT",2025-04-13 21:09:31.1652139 -03:00,1665564,2025-04-13 21:09:31.1652139 -03:00,0,0
1665605,26,26-CAMBIO DE HERRAMIENTAS DEBIDO A DESGASTE,647.453,siderca\12985,"CPA,CA15,GA15,CDS,GDS,CDT",2025-04-13 22:12:39.6134662 -03:00,1665570,2025-04-13 21:09:31.2433416 -03:00,10,0
1665661,26,26-CAMBIO DE HERRAMIENTAS DEBIDO A DESGASTE,732.768,siderca\12985,"CPT,CSR,GSR,CA15,GA15,CDS,GDS,CDT",2025-04-13 23:34:35.6954003 -03:00,1665605,2025-04-13 22:23:27.0663083 -03:00,10,0
1665740,26,26-CAMBIO DE HERRAMIENTAS DEBIDO A DESGASTE,825,siderca\12985,"CPA,CA15,GA15,CFC,GFC,CDS,GDS,CDT",2025-04-14 01:08:20.7506721 -03:00,1665661,2025-04-13 23:46:48.4636539 -03:00,11,0
1665804,26,26-CAMBIO DE HERRAMIENTAS DEBIDO A DESGASTE,405.299,siderca\12985,"CA15,GA15,CDS,CDT",2025-04-14 02:27:06.7432769 -03:00,1665740,2025-04-14 01:22:05.7506721 -03:00,10,0
1665852,26,26-CAMBIO DE HERRAMIENTAS DEBIDO A DESGASTE,889.497,siderca\12985,"CPT,CPA,CSR,GSR,CA15,GA15,CFC,GFC,CDS,GDS,CDT",2025-04-14 03:36:53.4040629 -03:00,1665804,2025-04-14 02:33:52.0424147 -03:00,10,0
1665957,26,26-CAMBIO DE HERRAMIENTAS DEBIDO A DESGASTE,448.006,siderca\60062524,"GA15,CFC,GFC",2025-04-14 05:40:31.5523242 -03:00,1665852,2025-04-14 03:51:42.9018573 -03:00,12,0
1665991,26,26-CAMBIO DE HERRAMIENTAS DEBIDO A DESGASTE,863.249,siderca\60062524,"CPA,CSR,GSR,GA15,GA12,CFC,GFC,GDS,CDT",2025-04-14 06:45:41.7792702 -03:00,1665957,2025-04-14 05:47:59.5586668 -03:00,7,0
1666025,26,26-CAMBIO DE HERRAMIENTAS DEBIDO A DESGASTE,631.683,siderca\60062524,"CPT,GA15,GFC",2025-04-14 08:03:07.3251496 -03:00,1665991,2025-04-14 07:00:05.0288198 -03:00,10,0
1666093,26,26-CAMBIO DE HERRAMIENTAS DEBIDO A DESGASTE,657,siderca\60062524,"CPT,CPA,GA15,GFC,GDS",2025-04-14 10:20:43.4445758 -03:00,1666025,2025-04-14 08:13:39.0085372 -03:00,10,0
1666142,26,26-CAMBIO DE HERRAMIENTAS DEBIDO A DESGASTE,635.172,siderca\60062524,"CPT,GSR,GA15,CFC,GFC,CDT",2025-04-14 11:54:46.0116176 -03:00,1666093,2025-04-14 10:31:40.4445758 -03:00,10,0
1666228,26,26-CAMBIO DE HERRAMIENTAS DEBIDO A DESGASTE,205.323,siderca\60062291,GA15,2025-04-14 13:40:56.0865332 -03:00,1666142,2025-04-14 12:05:21.1837509 -03:00,9,1
1666283,26,26-CAMBIO DE HERRAMIENTAS DEBIDO A DESGASTE,840.367,siderca\60062291,"CPA,GA15,CA12,GA12,CFC,GFC,CDS,GDS",2025-04-14 14:30:55.5508079 -03:00,1666228,2025-04-14 13:44:21.4090961 -03:00,3,0
1666323,26,26-CAMBIO DE HERRAMIENTAS DEBIDO A DESGASTE,546.852,siderca\60062291,"CPT,GSR,GA15,GA12",2025-04-14 15:53:05.0602747 -03:00,1666283,2025-04-14 14:44:55.9172495 -03:00,9,0
1666367,26,26-CAMBIO DE HERRAMIENTAS DEBIDO A DESGASTE,601.638,siderca\60062291,"CPA,CA15,GA15,GA12,GFC,GDS",2025-04-14 17:11:29.0718272 -03:00,1666323,2025-04-14 16:02:11.9129032 -03:00,9,0
1666425,26,26-CAMBIO DE HERRAMIENTAS DEBIDO A DESGASTE,355.225,siderca\60062291,"CA15,GA15,GA12",2025-04-14 18:44:32.0630371 -03:00,1666367,2025-04-14 17:21:30.7096217 -03:00,8,1
1666478,26,26-CAMBIO DE HERRAMIENTAS DEBIDO A DESGASTE,960.201,siderca\60062291,"CPT,CPA,CSR,GSR,GA15,GA12,CFC,GFC,CDS,GDS",2025-04-14 19:46:27.6953708 -03:00,1666425,2025-04-14 18:50:27.2887383 -03:00,6,0
1666554,26,26-CAMBIO DE HERRAMIENTAS DEBIDO A DESGASTE,366,siderca\12985,"CA15,GA15,CDT",2025-04-14 21:35:04.1599112 -03:00,1666478,2025-04-14 20:02:27.8965258 -03:00,10,2
1666645,26,26-CAMBIO DE HERRAMIENTAS DEBIDO A DESGASTE,780.136,siderca\12985,"CPA,CA15,GA15,CFC,CDS,GDS,CDT",2025-04-14 22:58:07.1389643 -03:00,1666554,2025-04-14 21:41:10.1599112 -03:00,10,0
1666748,26,26-CAMBIO DE HERRAMIENTAS DEBIDO A DESGASTE,748.792,siderca\12985,"CPT,CSR,GSR,CA15,GA15,CDT",2025-04-15 01:08:32.6641906 -03:00,1666645,2025-04-14 23:11:07.2746835 -03:00,12,1
1666895,26,26-CAMBIO DE HERRAMIENTAS DEBIDO A DESGASTE,600.45,siderca\12985,"CPA,CA15,GA15,CDS,GDS,CDT",2025-04-15 04:06:04.5090190 -03:00,1666748,2025-04-15 01:21:01.4560048 -03:00,14,1
1666969,26,26-CAMBIO DE HERRAMIENTAS DEBIDO A DESGASTE,496.49,siderca\60062524,"CA15,GA15,CFC,GFC,CDT",2025-04-15 05:42:13.5098609 -03:00,1666895,2025-04-15 04:16:04.9597951 -03:00,9,0
1667028,26,26-CAMBIO DE HERRAMIENTAS DEBIDO A DESGASTE,815,siderca\60062524,"CPT,CPA,GSR,GA15,GA12,GFC,GDS,CDT",2025-04-15 06:53:33.3867472 -03:00,1666969,2025-04-15 05:50:29.9992520 -03:00,10,0
1667111,26,26-CAMBIO DE HERRAMIENTAS DEBIDO A DESGASTE,317.059,siderca\60062524,"GA15,GFC,CDT",2025-04-15 08:41:01.0801752 -03:00,1667028,2025-04-15 07:07:08.3867472 -03:00,12,1
1667140,26,26-CAMBIO DE HERRAMIENTAS DEBIDO A DESGASTE,391.556,siderca\60062524,CPT,2025-04-15 09:24:09.5594428 -03:00,1667111,2025-04-15 08:46:18.1395945 -03:00,5,0
1667167,26,26-CAMBIO DE HERRAMIENTAS DEBIDO A DESGASTE,779.847,siderca\60062524,"CPA,CSR,GSR,GA15,GFC,CDS,GDS",2025-04-15 10:02:13.4203905 -03:00,1667140,2025-04-15 09:30:41.1155471 -03:00,5,0
1667208,26,26-CAMBIO DE HERRAMIENTAS DEBIDO A DESGASTE,462.219,siderca\60062524,"CPT,GA15,GFC",2025-04-15 11:18:16.5352440 -03:00,1667167,2025-04-15 10:15:13.2673295 -03:00,9,0
1667267,26,26-CAMBIO DE HERRAMIENTAS DEBIDO A DESGASTE,679,siderca\60062524,"CPA,GA15,CFC,GFC,GDS,CDT",2025-04-15 12:35:17.3526819 -03:00,1667208,2025-04-15 11:25:58.7542238 -03:00,8,0
1667353,26,26-CAMBIO DE HERRAMIENTAS DEBIDO A DESGASTE,790.529,siderca\60062291,"CPT,CSR,GSR,GA15,GA12,GFC",2025-04-15 14:17:56.6795656 -03:00,1667267,2025-04-15 12:46:36.3526819 -03:00,10,0
1667422,26,26-CAMBIO DE HERRAMIENTAS DEBIDO A DESGASTE,834.017,siderca\60062291,"CPA,CA15,CA12,GA12,GFC,CDS",2025-04-15 15:41:39.3192076 -03:00,1667353,2025-04-15 14:31:07.2084297 -03:00,10,1
1667479,26,26-CAMBIO DE HERRAMIENTAS DEBIDO A DESGASTE,322,siderca\60062291,"GA15,GA12",2025-04-15 17:05:17.5955708 -03:00,1667422,2025-04-15 15:55:33.3366306 -03:00,8,0
1667542,26,26-CAMBIO DE HERRAMIENTAS DEBIDO A DESGASTE,923,siderca\60062291,"CPA,GSR,GA15,GA12,GFC,CDS,GDS",2025-04-15 18:31:00.0979438 -03:00,1667479,2025-04-15 17:10:39.5955708 -03:00,10,0
1667617,26,26-CAMBIO DE HERRAMIENTAS DEBIDO A DESGASTE,305,siderca\60062291,"GA15,CA12,GA12",2025-04-15 20:04:32.8870514 -03:00,1667542,2025-04-15 18:46:23.0979438 -03:00,10,0
1667676,26,26-CAMBIO DE HERRAMIENTAS DEBIDO A DESGASTE,675.313,siderca\60062567,"CPT,CSR,CA15,CFC,GDS,GH",2025-04-15 21:00:00.0000000 -03:00,1667617,2025-04-15 20:09:37.8870514 -03:00,5,0
1667927,26,26-CAMBIO DE HERRAMIENTAS DEBIDO A DESGASTE,493.299,siderca\60062567,"CA15,CFC,GDS,GH",2025-04-16 02:10:25.6700643 -03:00,1667676,2025-04-15 21:11:15.3139951 -03:00,16,0
1667970,26,26-CAMBIO DE HERRAMIENTAS DEBIDO A DESGASTE,421.326,siderca\60062567,"CA15,CFC,GDS,GH",2025-04-16 03:05:26.5701705 -03:00,1667927,2025-04-16 02:18:38.9694272 -03:00,7,0
1668008,26,26-CAMBIO DE HERRAMIENTAS DEBIDO A DESGASTE,808.067,siderca\60062567,"CPA,CSR,CA15,CFC,GDS,GH",2025-04-16 03:48:26.5379872 -03:00,1667970,2025-04-16 03:12:27.8966456 -03:00,4,3
1668180,26,26-CAMBIO DE HERRAMIENTAS DEBIDO A DESGASTE,627,siderca\60062524,"CPA,GA15,GA12,CFC,GFC",2025-04-16 07:21:05.6736004 -03:00,1668008,2025-04-16 04:01:54.6048572 -03:00,18,6
1668384,26,26-CAMBIO DE HERRAMIENTAS DEBIDO A DESGASTE,840,siderca\60062524,"CPT,CPA,GSR,GA15,GA12,CFC,GFC,CDS,GDS,CDT",2025-04-16 11:02:34.6319570 -03:00,1668180,2025-04-16 07:31:32.6736004 -03:00,14,0
1668433,26,26-CAMBIO DE HERRAMIENTAS DEBIDO A DESGASTE,277.08,siderca\60062524,"GA15,GFC,CDT",2025-04-16 12:31:22.2022340 -03:00,1668384,2025-04-16 11:16:34.6319570 -03:00,10,0
1668519,26,26-CAMBIO DE HERRAMIENTAS DEBIDO A DESGASTE,645.103,siderca\60062291,"CPA,CA15,GA15,GA12,GFC,CDS,GDS",2025-04-16 14:03:32.0705880 -03:00,1668433,2025-04-16 12:35:59.2821954 -03:00,10,0
1668596,26,26-CAMBIO DE HERRAMIENTAS DEBIDO A DESGASTE,555.417,siderca\60062291,"CPT,GSR,GA15,GA12",2025-04-16 15:53:50.4155321 -03:00,1668519,2025-04-16 14:14:17.1735858 -03:00,10,0
1668720,26,26-CAMBIO DE HERRAMIENTAS DEBIDO A DESGASTE,696.19,siderca\60062291,"CPA,GA15,CA12,GA12,GFC,CDS,GDS",2025-04-16 18:47:34.5144076 -03:00,1668596,2025-04-16 16:03:05.8325948 -03:00,12,0
1668824,26,26-CAMBIO DE HERRAMIENTAS DEBIDO A DESGASTE,240.276,siderca\60062291,"GA15,GA12",2025-04-16 20:36:19.3720102 -03:00,1668720,2025-04-16 18:59:10.7042069 -03:00,6,1
1668926,26,26-CAMBIO DE HERRAMIENTAS DEBIDO A DESGASTE,660.797,siderca\60062567,"CPT,CPA,GSR,CA15,GA12,CFC,GDS,CDT,GH",2025-04-16 22:18:32.8114970 -03:00,1668824,2025-04-16 20:40:19.6480393 -03:00,10,1
1669070,26,26-CAMBIO DE HERRAMIENTAS DEBIDO A DESGASTE,605,siderca\60062567,"CPT,CPA,GSR,CA15,GA12,CFC,GDS,CDT,GH",2025-04-17 01:05:54.1308370 -03:00,1668926,2025-04-16 22:29:33.6086424 -03:00,10,0
1669161,26,26-CAMBIO DE HERRAMIENTAS DEBIDO A DESGASTE,923.152,siderca\60062567,"CPT,CA15,GA12,CFC,GDS,CDT,GH",2025-04-17 02:48:20.4552141 -03:00,1669070,2025-04-17 01:15:59.1308370 -03:00,11,0
1669224,26,26-CAMBIO DE HERRAMIENTAS DEBIDO A DESGASTE,349.476,siderca\60062567,"CA15,GA12,CFC,CDT,GH",2025-04-17 04:00:32.2050034 -03:00,1669161,2025-04-17 03:03:43.6071541 -03:00,7,3
1669266,26,26-CAMBIO DE HERRAMIENTAS DEBIDO A DESGASTE,359.723,siderca\60062567,"CA15,GA12,CFC,CDT,GH",2025-04-17 04:43:09.8439957 -03:00,1669224,2025-04-17 04:06:21.6819033 -03:00,3,0
1669357,26,26-CAMBIO DE HERRAMIENTAS DEBIDO A DESGASTE,735,siderca\60062524,"CPA,CA15,GA15,CFC,GFC,CDS,GDS",2025-04-17 06:13:21.7889788 -03:00,1669266,2025-04-17 04:49:09.5668173 -03:00,7,0
1669446,26,26-CAMBIO DE HERRAMIENTAS DEBIDO A DESGASTE,582.093,siderca\60062524,"CPT,CSR,GSR,CA15,GFC,CDS",2025-04-17 07:52:56.9511477 -03:00,1669357,2025-04-17 06:25:36.7889788 -03:00,10,0
1669514,26,26-CAMBIO DE HERRAMIENTAS DEBIDO A DESGASTE,854.378,siderca\60062524,"CPA,CA15,GA15,CA12,GA12,CFC,GFC,CDS,GDS,CDT",2025-04-17 09:17:55.5617275 -03:00,1669446,2025-04-17 08:02:39.0440105 -03:00,9,0
1669647,26,26-CAMBIO DE HERRAMIENTAS DEBIDO A DESGASTE,455.669,siderca\60062524,"GA15,CA12,GFC,CDT",2025-04-17 12:07:35.5450217 -03:00,1669514,2025-04-17 09:32:09.9390429 -03:00,12,1
1669723,26,26-CAMBIO DE HERRAMIENTAS DEBIDO A DESGASTE,909,siderca\12985,"CPT,CPA,CSR,GSR,CA15,GA15,CFC,GFC,CDS,GDS,CDT",2025-04-17 13:30:43.3549967 -03:00,1669647,2025-04-17 12:15:11.2148447 -03:00,10,0
1669807,26,26-CAMBIO DE HERRAMIENTAS DEBIDO A DESGASTE,501,siderca\12985,"CA15,GA15,CDT",2025-04-17 15:19:39.8880436 -03:00,1669723,2025-04-17 13:45:52.3549967 -03:00,11,0
1669909,26,26-CAMBIO DE HERRAMIENTAS DEBIDO A DESGASTE,794,siderca\12985,"CPA,CA15,GA15,CFC,GFC,CDS,GDS,CDT",2025-04-17 17:26:03.5172364 -03:00,1669807,2025-04-17 15:28:00.8880436 -03:00,12,0
1670045,26,26-CAMBIO DE HERRAMIENTAS DEBIDO A DESGASTE,192.849,siderca\12985,CPT,2025-04-17 19:43:05.6332837 -03:00,1669909,2025-04-17 17:39:17.5172364 -03:00,10,2
1670106,26,26-CAMBIO DE HERRAMIENTAS DEBIDO A DESGASTE,600.669,siderca\12985,"CPA,CSR,CA15,GA15,CFC,CDT",2025-04-17 20:20:15.9340303 -03:00,1670045,2025-04-17 19:46:18.4824920 -03:00,3,0
1670181,26,26-CAMBIO DE HERRAMIENTAS DEBIDO A DESGASTE,821.71,siderca\12985,"CPA,CA15,GA15,CFC,GFC,CDS,GDS,CDT",2025-04-17 21:45:27.3792907 -03:00,1670106,2025-04-17 20:30:16.6030113 -03:00,10,0
1670262,26,26-CAMBIO DE HERRAMIENTAS DEBIDO A DESGASTE,687.891,siderca\60062567,"CA15,GA15,CFC,CDT",2025-04-17 23:02:54.0187989 -03:00,1670181,2025-04-17 21:59:09.0891207 -03:00,9,0
1670360,26,26-CAMBIO DE HERRAMIENTAS DEBIDO A DESGASTE,516.475,siderca\60062567,"CPA,CA15,GA15,GA12,CFC,GDS,CDT,GH",2025-04-18 00:40:35.5279132 -03:00,1670262,2025-04-17 23:14:21.9096828 -03:00,8,0
1670442,26,26-CAMBIO DE HERRAMIENTAS DEBIDO A DESGASTE,844,siderca\60062567,"CPT,CPA,CA15,GA15,GA12,CFC,GDS,CDT,GH",2025-04-18 01:59:48.8945698 -03:00,1670360,2025-04-18 00:49:12.0029429 -03:00,10,0
1670545,26,26-CAMBIO DE HERRAMIENTAS DEBIDO A DESGASTE,618.28,siderca\60062567,"CPA,CA15,GA15,CFC,CDT",2025-04-18 03:43:05.7167607 -03:00,1670442,2025-04-18 02:13:52.8945698 -03:00,9,1
1670664,26,26-CAMBIO DE HERRAMIENTAS DEBIDO A DESGASTE,480.387,siderca\60062524,"CA15,GA15,CFC,GFC,CDT",2025-04-18 05:16:34.2899509 -03:00,1670545,2025-04-18 03:53:23.9969540 -03:00,9,0
1670704,26,26-CAMBIO DE HERRAMIENTAS DEBIDO A DESGASTE,871.64,siderca\60062524,"CPT,CPA,CSR,GSR,GA15,GA12,CFC,GFC,GDS,CDT",2025-04-18 06:36:44.2911162 -03:00,1670664,2025-04-18 05:24:34.6763571 -03:00,10,0
1670763,26,26-CAMBIO DE HERRAMIENTAS DEBIDO A DESGASTE,290.1,siderca\60062524,"GA15,CA12,GFC,CDT",2025-04-18 08:03:02.4336747 -03:00,1670704,2025-04-18 06:51:15.9316922 -03:00,10,0
1670870,26,26-CAMBIO DE HERRAMIENTAS DEBIDO A DESGASTE,720.65,siderca\60062524,"CPT,CPA,GSR,GA15,GA12,CFC,GFC,GDS,CDT",2025-04-18 09:49:35.5478121 -03:00,1670763,2025-04-18 08:07:52.5339396 -03:00,9,0
1670927,26,26-CAMBIO DE HERRAMIENTAS DEBIDO A DESGASTE,333.055,siderca\60062524,"GA15,CFC,GFC,CDT",2025-04-18 11:34:31.8108291 -03:00,1670870,2025-04-18 10:01:36.1976265 -03:00,12,0
1671375,26,26-CAMBIO DE HERRAMIENTAS DEBIDO A DESGASTE,419.556,siderca\60062291,"GA15,CA12",2025-04-19 08:58:14.2594271 -03:00,1670927,2025-04-18 11:40:04.8653329 -03:00,20,3
1671447,26,26-CAMBIO DE HERRAMIENTAS DEBIDO A DESGASTE,792.823,siderca\60062291,"CPA,GA15,GA12,GFC,GDS",2025-04-19 10:31:20.0599970 -03:00,1671375,2025-04-19 09:05:13.8153316 -03:00,9,0
1671516,26,26-CAMBIO DE HERRAMIENTAS DEBIDO A DESGASTE,460,siderca\60062291,"CPT,GA15,GA12",2025-04-19 11:48:47.6738095 -03:00,1671447,2025-04-19 10:44:32.8820470 -03:00,10,0
1671675,26,26-CAMBIO DE HERRAMIENTAS DEBIDO A DESGASTE,625.093,siderca\12985,"CPA,CA15,GA15,CFC,GFC,CDS,GDS,CDT",2025-04-19 14:22:52.3335341 -03:00,1671516,2025-04-19 11:56:27.6738095 -03:00,11,0
1671726,26,26-CAMBIO DE HERRAMIENTAS DEBIDO A DESGASTE,65.483,siderca\12985,CA15,2025-04-19 15:17:10.6049565 -03:00,1671675,2025-04-19 14:33:17.4263629 -03:00,7,0
1671746,26,26-CAMBIO DE HERRAMIENTAS DEBIDO A DESGASTE,403.118,siderca\12985,"CSR,GSR,CA15,GA15,CDS,GDS,CDT",2025-04-19 15:37:35.6063009 -03:00,1671726,2025-04-19 15:18:16.0872099 -03:00,3,0
1671839,26,26-CAMBIO DE HERRAMIENTAS DEBIDO A DESGASTE,898.219,siderca\12985,"CPT,CPA,GFC,GDS,CDT",2025-04-19 17:19:48.0825916 -03:00,1671746,2025-04-19 15:44:18.7247310 -03:00,9,0
1671939,26,26-CAMBIO DE HERRAMIENTAS DEBIDO A DESGASTE,296.386,siderca\12985,"CA15,GA15,CDT",2025-04-19 19:04:00.6898229 -03:00,1671839,2025-04-19 17:34:46.3014364 -03:00,9,0
1672056,26,26-CAMBIO DE HERRAMIENTAS DEBIDO A DESGASTE,1021.592,siderca\60062567,"CPT,CPA,GSR,CA15,GA15,GA12,CFC,GFC,CDS,GDS,CDT,GH",2025-04-19 21:00:00.0000000 -03:00,1671939,2025-04-19 19:08:57.0756699 -03:00,12,0
1672133,26,26-CAMBIO DE HERRAMIENTAS DEBIDO A DESGASTE,173.728,siderca\60062567,"CA15,GA15,GH",2025-04-19 22:26:23.8630335 -03:00,1672056,2025-04-19 21:17:01.5924293 -03:00,10,0
1672202,26,26-CAMBIO DE HERRAMIENTAS DEBIDO A DESGASTE,433.5,siderca\60062567,"CPA,CA15,GA15,CFC,GDS,GH",2025-04-19 23:31:37.1763013 -03:00,1672133,2025-04-19 22:29:17.5913247 -03:00,9,0
1672252,26,26-CAMBIO DE HERRAMIENTAS DEBIDO A DESGASTE,375.684,siderca\60062567,"CPT,GSR,CA15,GA15,GDS,CDT,GH",2025-04-20 00:28:53.0283258 -03:00,1672202,2025-04-19 23:38:50.6766169 -03:00,8,0
1672325,26,26-CAMBIO DE HERRAMIENTAS DEBIDO A DESGASTE,496.412,siderca\60062567,"CPA,CA15,GA15,CFC,GDS,GH",2025-04-20 01:47:50.2874803 -03:00,1672252,2025-04-20 00:35:08.7120361 -03:00,9,0
1673396,26,26-CAMBIO DE HERRAMIENTAS DEBIDO A DESGASTE,298.731,siderca\60062567,"CA15,GA15,GH",2025-04-20 03:14:41.7915979 -03:00,1672325,2025-04-20 01:56:06.6996665 -03:00,11,0
1673454,26,26-CAMBIO DE HERRAMIENTAS DEBIDO A DESGASTE,624.66,siderca\60062567,"CPT,CPA,GSR,CA15,GA15,GA12,CFC,GFC,CDS,GDS,CDT,GH",2025-04-20 04:22:22.9900660 -03:00,1673396,2025-04-20 03:19:40.5220691 -03:00,9,0
1673521,26,26-CAMBIO DE HERRAMIENTAS DEBIDO A DESGASTE,906.332,siderca\60062291,"CPT,CPA,GSR,GA15,GA12,CFC,GFC,CDS",2025-04-20 05:22:49.4246397 -03:00,1673454,2025-04-20 04:32:47.6506319 -03:00,6,0
1673613,26,26-CAMBIO DE HERRAMIENTAS DEBIDO A DESGASTE,260.934,siderca\60062291,"CA15,CA12,GA12",2025-04-20 07:12:43.8655184 -03:00,1673521,2025-04-20 05:37:55.7561186 -03:00,10,0
1673668,26,26-CAMBIO DE HERRAMIENTAS DEBIDO A DESGASTE,638.488,siderca\60062291,"CPA,GA15,CA12,GA12,GFC,GDS",2025-04-20 08:24:41.9560148 -03:00,1673613,2025-04-20 07:17:04.7997032 -03:00,9,0
1673721,26,26-CAMBIO DE HERRAMIENTAS DEBIDO A DESGASTE,506,siderca\60062291,"CPT,CSR,GSR,GA15,GA12",2025-04-20 09:30:59.5018596 -03:00,1673668,2025-04-20 08:35:20.4446718 -03:00,8,0
1673787,26,26-CAMBIO DE HERRAMIENTAS DEBIDO A DESGASTE,524.882,siderca\60062291,"CPA,GA15,GA12,GFC,GDS",2025-04-20 10:48:17.8460603 -03:00,1673721,2025-04-20 09:39:25.5018596 -03:00,10,0
1673852,26,26-CAMBIO DE HERRAMIENTAS DEBIDO A DESGASTE,617.858,siderca\60062291,"CPT,CA15,CA12,GA12",2025-04-20 12:05:57.0731527 -03:00,1673787,2025-04-20 10:57:02.7285851 -03:00,8,0
1673936,26,26-CAMBIO DE HERRAMIENTAS DEBIDO A DESGASTE,720.899,siderca\12985,"CPT,CPA,CSR,GSR,CA15,GA15,CDS,GDS,CDT",2025-04-20 13:25:08.1013056 -03:00,1673852,2025-04-20 12:16:14.9313068 -03:00,9,1
1674009,26,26-CAMBIO DE HERRAMIENTAS DEBIDO A DESGASTE,292,siderca\12985,"CA15,GA15,CDT",2025-04-20 14:51:41.6042710 -03:00,1673936,2025-04-20 13:37:09.0006693 -03:00,10,0
1674063,26,26-CAMBIO DE HERRAMIENTAS DEBIDO A DESGASTE,732,siderca\12985,"CPA,CA15,GA15,CFC,GFC,CDS,GDS,CDT",2025-04-20 16:03:07.8901721 -03:00,1674009,2025-04-20 14:56:33.6042710 -03:00,10,0
1674126,26,26-CAMBIO DE HERRAMIENTAS DEBIDO A DESGASTE,499.675,siderca\12985,"CPT,CSR,GSR,CA15,GA15,CDT",2025-04-20 17:25:38.8238948 -03:00,1674063,2025-04-20 16:15:19.8901721 -03:00,10,0
1674209,26,26-CAMBIO DE HERRAMIENTAS DEBIDO A DESGASTE,715.187,siderca\12985,"CPA,CA15,GA15,CFC,GFC,CDS,GDS,CDT",2025-04-20 18:58:57.9001937 -03:00,1674126,2025-04-20 17:33:58.4980348 -03:00,12,0
1674286,26,26-CAMBIO DE HERRAMIENTAS DEBIDO A DESGASTE,175.305,siderca\12985,"CA15,GA15,CDT",2025-04-20 20:28:14.0615713 -03:00,1674209,2025-04-20 19:10:53.0870442 -03:00,10,0
1674346,26,26-CAMBIO DE HERRAMIENTAS DEBIDO A DESGASTE,457.874,siderca\60062567,"CPT,CPA,GSR,CA15,GA12,CFC,GDS,CDT,GH",2025-04-20 21:20:07.5097926 -03:00,1674286,2025-04-20 20:31:09.3664049 -03:00,7,0
1674412,26,26-CAMBIO DE HERRAMIENTAS DEBIDO A DESGASTE,197.702,siderca\60062567,"GA15,GA12,GH",2025-04-20 22:30:36.6955063 -03:00,1674346,2025-04-20 21:27:45.3836435 -03:00,9,0
1674466,26,26-CAMBIO DE HERRAMIENTAS DEBIDO A DESGASTE,378.554,siderca\60062567,"CPA,GA15,GA12,CFC,GDS,GH",2025-04-20 23:37:38.0338186 -03:00,1674412,2025-04-20 22:33:54.3978945 -03:00,9,0
1674578,26,26-CAMBIO DE HERRAMIENTAS DEBIDO A DESGASTE,598,siderca\60062567,"CPA,GA15,GA12,CFC,GDS,GH",2025-04-21 01:48:59.8653884 -03:00,1674466,2025-04-20 23:43:56.5879017 -03:00,12,0
1674710,26,26-CAMBIO DE HERRAMIENTAS DEBIDO A DESGASTE,540.197,siderca\60062567,"CPA,CA15,GA12,CFC,GDS,CDT,GH",2025-04-21 04:09:04.4733044 -03:00,1674578,2025-04-21 01:58:57.8653884 -03:00,12,0
1674789,26,26-CAMBIO DE HERRAMIENTAS DEBIDO A DESGASTE,246,siderca\60062291,"CA15,CA12",2025-04-21 05:32:48.2132638 -03:00,1674710,2025-04-21 04:18:04.6709007 -03:00,10,0
1674870,26,26-CAMBIO DE HERRAMIENTAS DEBIDO A DESGASTE,847.562,siderca\60062291,"CPT,CPA,GSR,GA15,GA12,GFC,GDS",2025-04-21 07:10:09.1690493 -03:00,1674789,2025-04-21 05:36:54.2132638 -03:00,10,1
1674936,26,26-CAMBIO DE HERRAMIENTAS DEBIDO A DESGASTE,475.699,siderca\60062291,"GA15,GA12",2025-04-21 08:39:24.2193791 -03:00,1674870,2025-04-21 07:24:16.7311293 -03:00,10,1
1674984,26,26-CAMBIO DE HERRAMIENTAS DEBIDO A DESGASTE,737.909,siderca\60062291,"CPA,GA15,GA12,GFC,GDS",2025-04-21 09:46:02.5371013 -03:00,1674936,2025-04-21 08:47:19.9181621 -03:00,9,0
1675040,26,26-CAMBIO DE HERRAMIENTAS DEBIDO A DESGASTE,618,siderca\60062291,"CPT,GSR,CA15,CA12",2025-04-21 11:06:10.4813349 -03:00,1674984,2025-04-21 09:58:20.4464729 -03:00,10,0
1675115,26,26-CAMBIO DE HERRAMIENTAS DEBIDO A DESGASTE,881.911,siderca\60062291,"CPA,GA15,GA12,GFC,GDS",2025-04-21 12:35:05.1225839 -03:00,1675040,2025-04-21 11:16:28.4813349 -03:00,10,0
1675185,26,26-CAMBIO DE HERRAMIENTAS DEBIDO A DESGASTE,347,siderca\12985,"CA15,GA15,CDT",2025-04-21 13:50:42.6584492 -03:00,1675115,2025-04-21 12:49:47.0332155 -03:00,8,0
1675321,26,26-CAMBIO DE HERRAMIENTAS DEBIDO A DESGASTE,923,siderca\12985,"CPT,CPA,CSR,GSR,CA15,GA15,CFC,GFC,CDS,GDS,CDT",2025-04-21 16:39:52.5069215 -03:00,1675185,2025-04-21 13:56:29.6584492 -03:00,12,0
1675489,26,26-CAMBIO DE HERRAMIENTAS DEBIDO A DESGASTE,444.789,siderca\12985,"CA15,GA15,CFC,GFC,CDT",2025-04-21 20:22:45.3145302 -03:00,1675321,2025-04-21 16:55:15.5069215 -03:00,18,0
1675586,26,26-CAMBIO DE HERRAMIENTAS DEBIDO A DESGASTE,840,siderca\60062524,"CPT,CPA,GSR,GA15,GA12,GFC,GDS,CDT",2025-04-21 21:40:11.0000000 -03:00,1675489,2025-04-21 20:30:10.1036337 -03:00,4,0
1675830,26,26-CAMBIO DE HERRAMIENTAS DEBIDO A DESGASTE,649.015,siderca\60062524,"CPT,GSR,GA15,GA12,CFC,GFC,CDT",2025-04-22 03:15:06.2691490 -03:00,1675586,2025-04-21 21:54:11.0000000 -03:00,33,1
1675892,26,26-CAMBIO DE HERRAMIENTAS DEBIDO A DESGASTE,485.72,siderca\60062524,"CPA,GA15,GA12,GFC,GDS,CDT",2025-04-22 04:30:46.6077246 -03:00,1675830,2025-04-22 03:25:55.2840890 -03:00,9,0
1675956,26,26-CAMBIO DE HERRAMIENTAS DEBIDO A DESGASTE,287.47,siderca\60062291,"GA15,CA12,GA12",2025-04-22 05:46:20.0332588 -03:00,1675892,2025-04-22 04:38:52.3279359 -03:00,9,0
1675997,26,26-CAMBIO DE HERRAMIENTAS DEBIDO A DESGASTE,958.159,siderca\60062291,"CPT,CPA,GSR,GA15,CA12,GA12,CFC,GFC,CDS",2025-04-22 06:52:19.4810471 -03:00,1675956,2025-04-22 05:51:07.5030498 -03:00,10,0
1676044,26,26-CAMBIO DE HERRAMIENTAS DEBIDO A DESGASTE,309.489,siderca\60062291,"CA15,GA12",2025-04-22 08:20:32.0174217 -03:00,1675997,2025-04-22 07:08:17.6405035 -03:00,11,0
1676086,26,26-CAMBIO DE HERRAMIENTAS DEBIDO A DESGASTE,741.267,siderca\60062291,"CPA,GA15,GA12,GFC,GDS",2025-04-22 09:28:15.6758487 -03:00,1676044,2025-04-22 08:25:41.5064429 -03:00,9,0
1676314,26,26-CAMBIO DE HERRAMIENTAS DEBIDO A DESGASTE,720.284,siderca\12985,"CPT,CSR,GSR,CA15,GA15,CDS,GDS,CDT",2025-04-22 15:06:09.3374948 -03:00,1676086,2025-04-22 09:40:36.9429847 -03:00,11,0
1676374,26,26-CAMBIO DE HERRAMIENTAS DEBIDO A DESGASTE,600.321,siderca\12985,"CPA,CA15,GA15,GFC,CDS,GDS,CDT",2025-04-22 16:40:56.1392573 -03:00,1676314,2025-04-22 15:18:09.6214687 -03:00,10,0
1676458,26,26-CAMBIO DE HERRAMIENTAS DEBIDO A DESGASTE,660.663,siderca\12985,"CA15,GA15,CFC,GFC,CDS,CDT",2025-04-22 18:57:32.6107141 -03:00,1676374,2025-04-22 16:50:56.4608858 -03:00,9,1
1676534,26,26-CAMBIO DE HERRAMIENTAS DEBIDO A DESGASTE,780.756,siderca\12985,"CPT,CPA,CSR,GSR,CA15,GA15,CFC,GFC,CDS,GDS",2025-04-22 20:35:00.2806897 -03:00,1676458,2025-04-22 19:08:33.2730858 -03:00,9,1
1676566,26,26-CAMBIO DE HERRAMIENTAS DEBIDO A DESGASTE,304,siderca\60062524,"GA15,GFC,CDT",2025-04-22 21:28:27.5404697 -03:00,1676534,2025-04-22 20:48:01.0369095 -03:00,2,0
1676618,26,26-CAMBIO DE HERRAMIENTAS DEBIDO A DESGASTE,646.549,siderca\60062524,"CPA,GA15,GFC,CDS,GDS,CDT",2025-04-22 22:51:09.3024106 -03:00,1676566,2025-04-22 21:33:31.5404697 -03:00,10,0
1676680,26,26-CAMBIO DE HERRAMIENTAS DEBIDO A DESGASTE,720,siderca\60062524,"CPT,GSR,GA15,GA12,CFC,GFC,CDT",2025-04-23 00:12:28.9729121 -03:00,1676618,2025-04-22 23:01:55.8511866 -03:00,9,0
1676757,26,26-CAMBIO DE HERRAMIENTAS DEBIDO A DESGASTE,627,siderca\60062524,"CPA,GA15,GA12,GFC,CDS,GDS,CDT",2025-04-23 01:51:23.4392603 -03:00,1676680,2025-04-23 00:24:28.9729121 -03:00,10,2
1676839,26,26-CAMBIO DE HERRAMIENTAS DEBIDO A DESGASTE,300,siderca\60062524,"CSR,GSR,GA15,GFC",2025-04-23 03:18:04.0937195 -03:00,1676757,2025-04-23 02:01:50.4392603 -03:00,10,2
1676929,26,26-CAMBIO DE HERRAMIENTAS DEBIDO A DESGASTE,900.139,siderca\60062291,"CPT,CPA,GSR,GA15,CA12,GA12,CFC,GFC,GDS",2025-04-23 05:10:52.0000000 -03:00,1676839,2025-04-23 03:23:04.0937195 -03:00,10,0
1676976,26,26-CAMBIO DE HERRAMIENTAS DEBIDO A DESGASTE,240.101,siderca\60062291,"CA15,CA12,GA12",2025-04-23 06:50:18.4912304 -03:00,1676929,2025-04-23 05:25:52.1398788 -03:00,10,0
1677060,26,26-CAMBIO DE HERRAMIENTAS DEBIDO A DESGASTE,900.798,siderca\60062291,"CPT,CPA,CSR,CA15,GA15,GA12,GFC,GDS",2025-04-23 08:18:15.8121849 -03:00,1676976,2025-04-23 06:54:18.5924119 -03:00,7,1
1677082,26,26-CAMBIO DE HERRAMIENTAS DEBIDO A DESGASTE,606.876,siderca\60062291,"GA15,GA12",2025-04-23 09:36:10.6629497 -03:00,1677060,2025-04-23 08:33:16.6104791 -03:00,9,0
1677117,26,26-CAMBIO DE HERRAMIENTAS DEBIDO A DESGASTE,638.488,siderca\60062291,"CPA,CFC,GFC,CDS,GDS",2025-04-23 10:47:27.9257231 -03:00,1677082,2025-04-23 09:46:17.5385829 -03:00,9,1
1677167,26,26-CAMBIO DE HERRAMIENTAS DEBIDO A DESGASTE,850,siderca\60062291,"CPT,GSR,GA15,GA12",2025-04-23 12:05:48.0179391 -03:00,1677117,2025-04-23 10:58:06.4130062 -03:00,9,1
1679224,26,26-CAMBIO DE HERRAMIENTAS DEBIDO A DESGASTE,235,siderca\60062567,"CPA,CFC,GDS",2025-04-23 13:39:56.5094693 -03:00,1677167,2025-04-23 12:19:58.0179391 -03:00,11,0
1679277,26,26-CAMBIO DE HERRAMIENTAS DEBIDO A DESGASTE,348.695,siderca\60062567,"CFC,GDS",2025-04-23 15:12:55.8801524 -03:00,1679224,2025-04-23 13:43:51.5094693 -03:00,12,0
1679304,26,26-CAMBIO DE HERRAMIENTAS DEBIDO A DESGASTE,647.625,siderca\60062567,"CPT,CPA,GSR,CA15,GA12,CFC,GDS,CDT,GH",2025-04-23 16:08:32.9021983 -03:00,1679277,2025-04-23 15:18:44.5759451 -03:00,5,0
1679342,26,26-CAMBIO DE HERRAMIENTAS DEBIDO A DESGASTE,296.819,siderca\60062567,"CPA,CFC,GDS",2025-04-23 17:37:15.1381305 -03:00,1679304,2025-04-23 16:19:20.5277620 -03:00,10,0
1679374,26,26-CAMBIO DE HERRAMIENTAS DEBIDO A DESGASTE,414.538,siderca\60062567,"CPA,CFC,GDS",2025-04-23 18:45:24.2300107 -03:00,1679342,2025-04-23 17:42:11.9573732 -03:00,9,0
1679512,26,26-CAMBIO DE HERRAMIENTAS DEBIDO A DESGASTE,862.667,siderca\60062524,"CPA,GA15,GA12,CFC,GFC,CDS,GDS,CDT",2025-04-23 22:13:52.7199817 -03:00,1679374,2025-04-23 18:52:18.7684438 -03:00,19,4
1679683,26,26-CAMBIO DE HERRAMIENTAS DEBIDO A DESGASTE,720,siderca\60062524,"CPT,CPA,GSR,GA15,GA12,GFC,CDS,GDS,CDT",2025-04-24 02:43:24.2222427 -03:00,1679512,2025-04-23 22:28:15.3868273 -03:00,20,3
1679811,26,26-CAMBIO DE HERRAMIENTAS DEBIDO A DESGASTE,720.233,siderca\60062291,"CPA,GA15,CA12,GA12,GFC,GDS",2025-04-24 05:17:17.9516996 -03:00,1679683,2025-04-24 02:55:24.2222427 -03:00,20,0
1679816,26,26-CAMBIO DE HERRAMIENTAS DEBIDO A DESGASTE,462.499,siderca\60062291,"CPT,GSR,GA12",2025-04-24 06:35:15.2219879 -03:00,1679811,2025-04-24 05:29:18.1842499 -03:00,10,1
1679906,26,26-CAMBIO DE HERRAMIENTAS DEBIDO A DESGASTE,840.35,siderca\60062291,"CPA,GA15,GA12,CFC,GFC,CDS,GDS",2025-04-24 08:35:00.8001611 -03:00,1679816,2025-04-24 06:42:57.7207127 -03:00,10,1
1679963,26,26-CAMBIO DE HERRAMIENTAS DEBIDO A DESGASTE,222.459,siderca\60062291,"CA12,GA12",2025-04-24 10:19:27.5257105 -03:00,1679906,2025-04-24 08:49:01.1501349 -03:00,9,0
1680029,26,26-CAMBIO DE HERRAMIENTAS DEBIDO A DESGASTE,952,siderca\60062291,"CPT,CPA,CSR,GSR,CA15,GA15,GA12,GFC,CDS,GDS",2025-04-24 11:51:24.6462581 -03:00,1679963,2025-04-24 10:23:09.9843091 -03:00,9,0
1680123,26,26-CAMBIO DE HERRAMIENTAS DEBIDO A DESGASTE,240.75,siderca\60062567,"CFC,GH",2025-04-24 13:35:14.9439156 -03:00,1680029,2025-04-24 12:07:16.6462581 -03:00,11,0
1680164,26,26-CAMBIO DE HERRAMIENTAS DEBIDO A DESGASTE,414.56,siderca\60062567,"CPA,CA15,CFC,GDS,CDT,GH",2025-04-24 14:40:31.4204425 -03:00,1680123,2025-04-24 13:39:15.6931386 -03:00,10,0
1680205,26,26-CAMBIO DE HERRAMIENTAS DEBIDO A DESGASTE,342.931,siderca\60062567,"CPT,GSR,CA15,GH",2025-04-24 15:54:55.5409988 -03:00,1680164,2025-04-24 14:47:25.9807567 -03:00,9,0
1680249,26,26-CAMBIO DE HERRAMIENTAS DEBIDO A DESGASTE,346.685,siderca\60062567,"CPA,CA15,CFC,GDS,CDT,GH",2025-04-24 17:01:54.7634746 -03:00,1680205,2025-04-24 16:00:38.4711897 -03:00,9,0
1680282,26,26-CAMBIO DE HERRAMIENTAS DEBIDO A DESGASTE,261.968,siderca\60062567,"CPA,GH",2025-04-24 18:05:37.4821068 -03:00,1680249,2025-04-24 17:07:41.4483956 -03:00,9,0
1680320,26,26-CAMBIO DE HERRAMIENTAS DEBIDO A DESGASTE,601.297,siderca\60062567,"CPT,CPA,GSR,CA15,GA12,CFC,GDS,CDT,GH",2025-04-24 19:16:44.6628903 -03:00,1680282,2025-04-24 18:09:59.4504243 -03:00,10,0
1680467,26,26-CAMBIO DE HERRAMIENTAS DEBIDO A DESGASTE,720,siderca\60062524,"CPA,GA15,GA12,CFC,GFC,CDS,GDS,CDT",2025-04-24 22:46:17.9697971 -03:00,1680320,2025-04-24 19:26:45.9594270 -03:00,19,0
1680516,26,26-CAMBIO DE HERRAMIENTAS DEBIDO A DESGASTE,720.566,siderca\60062524,"CPT,CSR,GSR,GA15,GA12,CFC,GFC,CDT",2025-04-25 00:21:00.6386328 -03:00,1680467,2025-04-24 22:58:17.9697971 -03:00,10,0
1680566,26,26-CAMBIO DE HERRAMIENTAS DEBIDO A DESGASTE,611.929,siderca\60062524,"CPA,GA15,GA12,GFC,CDS,GDS,CDT",2025-04-25 01:38:55.8012781 -03:00,1680516,2025-04-25 00:33:01.2048514 -03:00,10,0
1680606,26,26-CAMBIO DE HERRAMIENTAS DEBIDO A DESGASTE,364.351,siderca\60062524,"CPT,CA15,GA15",2025-04-25 02:50:23.1693022 -03:00,1680566,2025-04-25 01:49:07.7303153 -03:00,9,0
1680642,26,26-CAMBIO DE HERRAMIENTAS DEBIDO A DESGASTE,815,siderca\60062524,"CPA,CSR,GSR,GA15,GA12,GFC,CDS,GDS",2025-04-25 03:51:45.9823884 -03:00,1680606,2025-04-25 02:56:27.5208321 -03:00,9,0
1680728,26,26-CAMBIO DE HERRAMIENTAS DEBIDO A DESGASTE,240.094,siderca\12985,CDT,2025-04-25 05:38:55.9874824 -03:00,1680642,2025-04-25 04:05:20.9823884 -03:00,11,0
1680763,26,26-CAMBIO DE HERRAMIENTAS DEBIDO A DESGASTE,829,siderca\12985,"CPT,CPA,CA15,GA15,CFC,GFC,CDS,GDS,CDT",2025-04-25 06:43:15.7852714 -03:00,1680728,2025-04-25 05:42:56.0811384 -03:00,7,0
1680831,26,26-CAMBIO DE HERRAMIENTAS DEBIDO A DESGASTE,381.75,siderca\12985,"CSR,GSR,CDT",2025-04-25 08:35:27.1970914 -03:00,1680763,2025-04-25 06:57:04.7852714 -03:00,9,0
1680876,26,26-CAMBIO DE HERRAMIENTAS DEBIDO A DESGASTE,669.003,siderca\12985,"CPA,CA15,GA15,CFC,GFC,CDS,GDS,CDT",2025-04-25 09:52:21.5314589 -03:00,1680831,2025-04-25 08:41:48.9475985 -03:00,11,0
1680928,26,26-CAMBIO DE HERRAMIENTAS DEBIDO A DESGASTE,387.237,siderca\12985,"CPT,CDT",2025-04-25 11:07:23.9664550 -03:00,1680876,2025-04-25 10:03:30.5346307 -03:00,10,0
1680994,26,26-CAMBIO DE HERRAMIENTAS DEBIDO A DESGASTE,480.269,siderca\12985,"CPA,CSR,CA15,GA15,CFC,GFC,CDS,GDS,CDT",2025-04-25 12:38:06.6195491 -03:00,1680928,2025-04-25 11:13:51.2035533 -03:00,12,0
1681048,26,26-CAMBIO DE HERRAMIENTAS DEBIDO A DESGASTE,316.552,siderca\60062567,"CFC,GH",2025-04-25 13:45:30.9102900 -03:00,1680994,2025-04-25 12:46:06.8884719 -03:00,8,0
1681091,26,26-CAMBIO DE HERRAMIENTAS DEBIDO A DESGASTE,486.512,siderca\60062567,"CPT,CPA,GSR,CA15,GA12,GFC,GDS,CDT,GH",2025-04-25 14:56:41.0690455 -03:00,1681048,2025-04-25 13:50:47.4620081 -03:00,10,0
1681145,26,26-CAMBIO DE HERRAMIENTAS DEBIDO A DESGASTE,300.207,siderca\60062567,"CSR,GH",2025-04-25 16:17:18.9206202 -03:00,1681091,2025-04-25 15:04:47.5819499 -03:00,9,0
1681190,26,26-CAMBIO DE HERRAMIENTAS DEBIDO A DESGASTE,322.993,siderca\60062567,"CPA,CA15,GA12,GFC,GDS,CDT,GH",2025-04-25 17:29:36.1058158 -03:00,1681145,2025-04-25 16:22:19.1270274 -03:00,10,0
1681249,26,26-CAMBIO DE HERRAMIENTAS DEBIDO A DESGASTE,229.722,siderca\60062567,"CFC,GH",2025-04-25 18:49:46.1653646 -03:00,1681190,2025-04-25 17:34:59.0983519 -03:00,9,0
1681315,26,26-CAMBIO DE HERRAMIENTAS DEBIDO A DESGASTE,1017.944,siderca\60062567,"CPT,CPA,GSR,CA15,GA12,GFC,GDS,CDT,GH",2025-04-25 20:17:45.6960192 -03:00,1681249,2025-04-25 18:53:35.8871402 -03:00,9,0
1681429,26,26-CAMBIO DE HERRAMIENTAS DEBIDO A DESGASTE,301,siderca\60062524,"CA15,GA15,GFC",2025-04-25 22:37:49.9578039 -03:00,1681315,2025-04-25 20:34:43.6400402 -03:00,11,2
1681492,26,26-CAMBIO DE HERRAMIENTAS DEBIDO A DESGASTE,1075,siderca\60062524,"CPT,CPA,GSR,GA15,GA12,CFC,GFC,CDS,GDS,CDT",2025-04-26 00:02:50.7864335 -03:00,1681429,2025-04-25 22:42:50.9578039 -03:00,10,0
1681582,26,26-CAMBIO DE HERRAMIENTAS DEBIDO A DESGASTE,189,siderca\60062524,"CA15,GA15",2025-04-26 02:15:28.9392658 -03:00,1681492,2025-04-26 00:20:45.7864335 -03:00,11,0
1681663,26,26-CAMBIO DE HERRAMIENTAS DEBIDO A DESGASTE,770,siderca\60062524,"CPA,GA15,GA12,GFC,GDS,CDT",2025-04-26 04:18:51.0220394 -03:00,1681582,2025-04-26 02:18:37.9392658 -03:00,10,0
1681773,26,26-CAMBIO DE HERRAMIENTAS DEBIDO A DESGASTE,510,siderca\12985,"CPT,CSR,GSR,CDT",2025-04-26 06:50:30.6460289 -03:00,1681663,2025-04-26 04:31:41.0220394 -03:00,9,0
1681869,26,26-CAMBIO DE HERRAMIENTAS DEBIDO A DESGASTE,872.594,siderca\12985,"CPA,CA15,GA15,CFC,GFC,CDS,GDS,CDT",2025-04-26 08:49:56.6812790 -03:00,1681773,2025-04-26 06:59:00.6460289 -03:00,10,0
1682002,26,26-CAMBIO DE HERRAMIENTAS DEBIDO A DESGASTE,854.17,siderca\12985,"CPT,CPA,CSR,GSR,CA15,GA15,CFC,GFC,CDS,GDS,CDT",2025-04-26 12:09:52.8773290 -03:00,1681869,2025-04-26 09:04:29.2753508 -03:00,23,0
1682096,26,26-CAMBIO DE HERRAMIENTAS DEBIDO A DESGASTE,180.218,siderca\60062567,GH,2025-04-26 13:34:27.9107845 -03:00,1682002,2025-04-26 12:24:07.0479447 -03:00,10,0
1682133,26,26-CAMBIO DE HERRAMIENTAS DEBIDO A DESGASTE,338.255,siderca\60062567,"CPT,CPA,GSR,CA15,GA12,CFC,GDS,CDT,GH",2025-04-26 14:38:49.3749598 -03:00,1682096,2025-04-26 13:37:28.1284891 -03:00,10,0
1682177,26,26-CAMBIO DE HERRAMIENTAS DEBIDO A DESGASTE,248,siderca\60062567,"CPT,GSR",2025-04-26 15:47:07.5853707 -03:00,1682133,2025-04-26 14:44:27.6291824 -03:00,9,0
1682249,26,26-CAMBIO DE HERRAMIENTAS DEBIDO A DESGASTE,315.345,siderca\60062567,"CPA,CA15,GA12,CFC,GDS,CDT,GH",2025-04-26 17:17:27.8699330 -03:00,1682177,2025-04-26 15:51:15.5853707 -03:00,12,0
1682298,26,26-CAMBIO DE HERRAMIENTAS DEBIDO A DESGASTE,115.394,siderca\60062567,GH,2025-04-26 18:34:54.2740267 -03:00,1682249,2025-04-26 17:22:43.2142948 -03:00,10,0
1682356,26,26-CAMBIO DE HERRAMIENTAS DEBIDO A DESGASTE,306.563,siderca\60062567,"CPT,CPA,GSR,CA15,GA12,CFC,GDS,CDT,GH",2025-04-26 20:08:08.9341416 -03:00,1682298,2025-04-26 18:36:49.6684075 -03:00,12,0
1682415,26,26-CAMBIO DE HERRAMIENTAS DEBIDO A DESGASTE,304,siderca\60062524,"CA15,GA15,GA12,GFC",2025-04-26 21:33:01.1835195 -03:00,1682356,2025-04-26 20:13:15.4971830 -03:00,9,0
1682480,26,26-CAMBIO DE HERRAMIENTAS DEBIDO A DESGASTE,581,siderca\60062524,"CPA,GA15,GA12,GFC,CDS,CDT",2025-04-26 23:09:04.0000054 -03:00,1682415,2025-04-26 21:38:05.1835195 -03:00,10,0
1682621,26,26-CAMBIO DE HERRAMIENTAS DEBIDO A DESGASTE,825.772,siderca\60062524,"CPA,GA15,GA12,CFC,GFC,GDS,CDT",2025-04-27 02:50:34.7217417 -03:00,1682480,2025-04-26 23:18:45.0000054 -03:00,20,0
1682731,26,26-CAMBIO DE HERRAMIENTAS DEBIDO A DESGASTE,261.357,siderca\12985,CDT,2025-04-27 05:22:19.8661330 -03:00,1682621,2025-04-27 03:04:20.4937164 -03:00,12,0
1682759,26,26-CAMBIO DE HERRAMIENTAS DEBIDO A DESGASTE,484.428,siderca\12985,"CPA,CA15,GA15",2025-04-27 06:03:50.6343833 -03:00,1682731,2025-04-27 05:26:41.2233853 -03:00,5,0
1682783,26,26-CAMBIO DE HERRAMIENTAS DEBIDO A DESGASTE,618.946,siderca\12985,"CPT,CPA,CSR,GSR,CDS,GDS,CDT",2025-04-27 06:37:02.4178125 -03:00,1682759,2025-04-27 06:11:55.0629133 -03:00,4,0
1682865,26,26-CAMBIO DE HERRAMIENTAS DEBIDO A DESGASTE,378,siderca\12985,"CA15,GA15,CDT",2025-04-27 08:24:29.7026893 -03:00,1682783,2025-04-27 06:47:21.3635514 -03:00,13,1
1682932,26,26-CAMBIO DE HERRAMIENTAS DEBIDO A DESGASTE,600,siderca\12985,"CPA,CFC,GFC,CDS,GDS,CDT",2025-04-27 09:37:55.6026689 -03:00,1682865,2025-04-27 08:30:47.7026893 -03:00,7,1
1682976,26,26-CAMBIO DE HERRAMIENTAS DEBIDO A DESGASTE,551,siderca\12985,"CSR,GSR,CA15,GA15,CFC,GFC,CDT",2025-04-27 11:02:57.7022241 -03:00,1682932,2025-04-27 09:47:55.6026689 -03:00,11,0
1683031,26,26-CAMBIO DE HERRAMIENTAS DEBIDO A DESGASTE,466.633,siderca\12985,"CPA,CA15,GA15,CDT",2025-04-27 12:16:59.7977254 -03:00,1682976,2025-04-27 11:12:08.7022241 -03:00,10,0
1683101,26,26-CAMBIO DE HERRAMIENTAS DEBIDO A DESGASTE,319,siderca\60062567,"CPT,CA15,CFC,GDS,GH",2025-04-27 13:42:05.3687255 -03:00,1683031,2025-04-27 12:24:46.4306611 -03:00,10,0
1683141,26,26-CAMBIO DE HERRAMIENTAS DEBIDO A DESGASTE,562.476,siderca\60062567,"CPA,CSR,CA15,CFC,GDS,GH",2025-04-27 14:52:35.9408052 -03:00,1683101,2025-04-27 13:47:24.3687255 -03:00,10,0
1683203,26,26-CAMBIO DE HERRAMIENTAS DEBIDO A DESGASTE,478,siderca\60062567,"CA15,CFC,GDS,GH",2025-04-27 16:19:12.6081402 -03:00,1683141,2025-04-27 15:01:58.4165256 -03:00,12,0
1683248,26,26-CAMBIO DE HERRAMIENTAS DEBIDO A DESGASTE,345.968,siderca\60062567,"CPT,CA15,GDS,GH",2025-04-27 17:33:55.5071368 -03:00,1683203,2025-04-27 16:27:10.6081402 -03:00,10,0
1683331,26,26-CAMBIO DE HERRAMIENTAS DEBIDO A DESGASTE,636.334,siderca\60062567,"CPT,GSR,CA15,CFC,GDS,GH",2025-04-27 19:32:05.2134592 -03:00,1683248,2025-04-27 17:39:41.4755182 -03:00,11,2
1683452,26,26-CAMBIO DE HERRAMIENTAS DEBIDO A DESGASTE,900,siderca\60062291,"CPT,CPA,CSR,GSR,GA15,CA12,GA12,GFC,CDS,GDS",2025-04-27 21:31:52.3441689 -03:00,1683331,2025-04-27 19:42:41.5470493 -03:00,10,0
1683496,26,26-CAMBIO DE HERRAMIENTAS DEBIDO A DESGASTE,231,siderca\60062291,GA12,2025-04-27 23:23:07.3450957 -03:00,1683452,2025-04-27 21:46:52.3441689 -03:00,11,0
1683552,26,26-CAMBIO DE HERRAMIENTAS DEBIDO A DESGASTE,776.025,siderca\60062291,"CPA,GA15,GA12,GFC,CDS,GDS",2025-04-28 00:47:57.0523681 -03:00,1683496,2025-04-27 23:26:58.3450957 -03:00,8,0
1683596,26,26-CAMBIO DE HERRAMIENTAS DEBIDO A DESGASTE,605.133,siderca\60062291,"CPT,GSR,GA12",2025-04-28 02:03:10.7612216 -03:00,1683552,2025-04-28 01:00:53.0773468 -03:00,10,0
1683636,26,26-CAMBIO DE HERRAMIENTAS DEBIDO A DESGASTE,948,siderca\60062291,"CPA,GA15,CA12,GFC,CDS,GDS",2025-04-28 03:16:23.3537604 -03:00,1683596,2025-04-28 02:13:15.8947555 -03:00,9,0
1683761,26,26-CAMBIO DE HERRAMIENTAS DEBIDO A DESGASTE,226.082,siderca\12985,CDT,2025-04-28 06:36:26.7224290 -03:00,1683636,2025-04-28 03:32:11.3537604 -03:00,12,1
1683849,26,26-CAMBIO DE HERRAMIENTAS DEBIDO A DESGASTE,660.779,siderca\12985,"CPT,CPA,CSR,GSR,CA15,GA15,CDT",2025-04-28 08:08:03.5763032 -03:00,1683761,2025-04-28 06:40:12.8042766 -03:00,11,1
1683911,26,26-CAMBIO DE HERRAMIENTAS DEBIDO A DESGASTE,351.362,siderca\12985,CDT,2025-04-28 10:26:55.1357033 -03:00,1683849,2025-04-28 08:19:04.3551035 -03:00,12,0
1683959,26,26-CAMBIO DE HERRAMIENTAS DEBIDO A DESGASTE,284.403,siderca\12985,"CA15,CDS",2025-04-28 11:46:50.5821431 -03:00,1683911,2025-04-28 10:32:46.4971906 -03:00,6,1
1683988,26,26-CAMBIO DE HERRAMIENTAS DEBIDO A DESGASTE,909.1,siderca\12985,"CPT,CPA,CSR,GSR,CA15,GA15,CFC,GFC,CDS,GDS,CDT",2025-04-28 12:28:08.1212473 -03:00,1683959,2025-04-28 11:51:34.9855838 -03:00,3,3
1684256,26,26-CAMBIO DE HERRAMIENTAS DEBIDO A DESGASTE,1130.07,siderca\13035,"CPT,CPA,CSR,CA15,CFC,CDS,CDT",2025-04-28 19:32:49.4672577 -03:00,1683988,2025-04-28 12:43:17.2217371 -03:00,22,2
1684377,26,26-CAMBIO DE HERRAMIENTAS DEBIDO A DESGASTE,957.627,siderca\60062291,"CPT,CPA,CSR,GSR,GA15,CA12,GA12,CFC,GFC,GDS",2025-04-28 22:30:03.9823487 -03:00,1684256,2025-04-28 19:51:39.5373954 -03:00,12,0
1684489,26,26-CAMBIO DE HERRAMIENTAS DEBIDO A DESGASTE,791,siderca\60062291,"CPA,CA15,GA15,GA12,GFC,CDS,GDS",2025-04-29 02:33:37.6284246 -03:00,1684377,2025-04-28 22:46:01.6099674 -03:00,17,0
1684669,26,26-CAMBIO DE HERRAMIENTAS DEBIDO A DESGASTE,664.267,siderca\12985,"CPA,CA15,GA15,CFC,CDS,GDS,CDT",2025-04-29 07:28:15.4376453 -03:00,1684489,2025-04-29 02:46:48.6284246 -03:00,23,0
1684786,26,26-CAMBIO DE HERRAMIENTAS DEBIDO A DESGASTE,245.244,siderca\12985,"CPT,CSR",2025-04-29 10:24:22.9977774 -03:00,1684669,2025-04-29 07:39:19.7044551 -03:00,12,0
1684794,26,26-CAMBIO DE HERRAMIENTAS DEBIDO A DESGASTE,303.076,siderca\12985,"CPT,CSR",2025-04-29 10:41:34.0560469 -03:00,1684786,2025-04-29 10:28:28.2419262 -03:00,1,0
1684839,26,26-CAMBIO DE HERRAMIENTAS DEBIDO A DESGASTE,525.432,siderca\12985,"CPA,CA15,GA15,CFC,GFC,CDS,GDS,CDT",2025-04-29 11:55:37.6427728 -03:00,1684794,2025-04-29 10:46:37.1322272 -03:00,8,0
1684977,26,26-CAMBIO DE HERRAMIENTAS DEBIDO A DESGASTE,953,siderca\60062524,"CPT,CPA,GSR,GA15,GA12,CFC,GFC,CDS,GDS,CDT",2025-04-29 15:30:46.3295056 -03:00,1684839,2025-04-29 12:04:23.0748953 -03:00,18,1
1685073,26,26-CAMBIO DE HERRAMIENTAS DEBIDO A DESGASTE,731.945,siderca\60062524,"CPA,GA15,GA12,CFC,GFC,GDS,CDT",2025-04-29 18:23:22.7821734 -03:00,1684977,2025-04-29 15:46:39.3295056 -03:00,19,0
1685133,26,26-CAMBIO DE HERRAMIENTAS DEBIDO A DESGASTE,520.188,siderca\60062524,"CPT,CSR,GSR",2025-04-29 19:47:21.5071019 -03:00,1685073,2025-04-29 18:35:34.7274094 -03:00,9,0
1685209,26,26-CAMBIO DE HERRAMIENTAS DEBIDO A DESGASTE,660,siderca\60062291,"CPA,GA15,CA12,GA12,GFC,GDS",2025-04-29 21:22:20.0000000 -03:00,1685133,2025-04-29 19:56:01.6957788 -03:00,10,1
1685274,26,26-CAMBIO DE HERRAMIENTAS DEBIDO A DESGASTE,180.737,siderca\60062291,"CA12,GA12",2025-04-29 23:25:23.7860742 -03:00,1685209,2025-04-29 21:33:20.0000000 -03:00,13,1
1685307,26,26-CAMBIO DE HERRAMIENTAS DEBIDO A DESGASTE,728.638,siderca\60062291,"CPT,GSR,CA15,GA15,GFC,CDS,GDS",2025-04-30 00:17:47.1113063 -03:00,1685274,2025-04-29 23:28:24.5235455 -03:00,5,0
1685366,26,26-CAMBIO DE HERRAMIENTAS DEBIDO A DESGASTE,120.787,siderca\60062291,GA12,2025-04-30 01:50:28.9805192 -03:00,1685307,2025-04-30 00:29:55.7498706 -03:00,10,0
1685421,26,26-CAMBIO DE HERRAMIENTAS DEBIDO A DESGASTE,840.328,siderca\60062291,"CPT,CPA,GSR,GA15,GA12,GFC,CDS,GDS",2025-04-30 02:59:25.0441923 -03:00,1685366,2025-04-30 01:52:29.7679017 -03:00,9,0
1685627,26,26-CAMBIO DE HERRAMIENTAS DEBIDO A DESGASTE,960.155,siderca\13066,"CPT,CPA,GSR,GA15,GFC,GDS",2025-04-30 07:12:33.5216265 -03:00,1685421,2025-04-30 03:13:25.3725002 -03:00,19,1
1685745,26,26-CAMBIO DE HERRAMIENTAS DEBIDO A DESGASTE,298.611,siderca\13066,CDT,2025-04-30 11:00:16.0249411 -03:00,1685627,2025-04-30 07:28:33.6769183 -03:00,19,0
1685764,26,26-CAMBIO DE HERRAMIENTAS DEBIDO A DESGASTE,528.704,siderca\13066,"CPA,CA15,GFC",2025-04-30 11:24:30.6474100 -03:00,1685745,2025-04-30 11:05:14.6357650 -03:00,2,0
1685815,26,26-CAMBIO DE HERRAMIENTAS DEBIDO A DESGASTE,823.262,siderca\13066,"CPT,GSR",2025-04-30 12:35:21.7132423 -03:00,1685764,2025-04-30 11:33:19.3513513 -03:00,9,0
1685893,26,26-CAMBIO DE HERRAMIENTAS DEBIDO A DESGASTE,590.726,siderca\60062524,"CPA,GA15,GFC,CDS,GDS,CDT",2025-04-30 14:13:30.6389236 -03:00,1685815,2025-04-30 12:49:04.9757021 -03:00,9,0
1685930,26,26-CAMBIO DE HERRAMIENTAS DEBIDO A DESGASTE,239.538,siderca\60062524,"CA12,GA12",2025-04-30 15:26:17.6678443 -03:00,1685893,2025-04-30 14:23:21.3640101 -03:00,8,0
1685974,26,26-CAMBIO DE HERRAMIENTAS DEBIDO A DESGASTE,955.477,siderca\60062524,"CPT,CPA,CSR,GSR,GA15,GA12,GFC,CDS,GDS,CDT",2025-04-30 16:35:16.4798406 -03:00,1685930,2025-04-30 15:30:17.2052430 -03:00,10,0
1686035,26,26-CAMBIO DE HERRAMIENTAS DEBIDO A DESGASTE,143.37,siderca\60062524,"CA12,GA12",2025-04-30 18:12:14.7776125 -03:00,1685974,2025-04-30 16:51:11.9566191 -03:00,10,0
1686087,26,26-CAMBIO DE HERRAMIENTAS DEBIDO A DESGASTE,590,siderca\60062524,"CPA,GA15,GA12,CFC,GFC,GDS,CDT",2025-04-30 19:38:08.9304185 -03:00,1686035,2025-04-30 18:14:38.1473273 -03:00,10,0
1686203,26,26-CAMBIO DE HERRAMIENTAS DEBIDO A DESGASTE,252.824,siderca\60062291,GA12,2025-04-30 22:15:31.3903485 -03:00,1686087,2025-04-30 19:47:58.9304185 -03:00,10,0
1686264,26,26-CAMBIO DE HERRAMIENTAS DEBIDO A DESGASTE,840.643,siderca\60062291,"CPT,CPA,CSR,GSR,GA15,CA12,GA12,GFC,GDS",2025-04-30 23:27:32.1094192 -03:00,1686203,2025-04-30 22:19:44.2141954 -03:00,9,0
1686299,26,26-CAMBIO DE HERRAMIENTAS DEBIDO A DESGASTE,354.882,siderca\60062291,"CA12,GA12",2025-05-01 00:44:33.6370607 -03:00,1686264,2025-04-30 23:41:32.7522534 -03:00,10,0
1686340,26,26-CAMBIO DE HERRAMIENTAS DEBIDO A DESGASTE,726.247,siderca\60062291,"CPA,GA15,GA12,GFC,GDS",2025-05-01 01:53:40.6810051 -03:00,1686299,2025-05-01 00:50:28.5194921 -03:00,10,0
1686387,26,26-CAMBIO DE HERRAMIENTAS DEBIDO A DESGASTE,522.168,siderca\60062291,"CPT,CSR,GSR,GA12",2025-05-01 03:09:39.1789142 -03:00,1686340,2025-05-01 02:05:46.9285515 -03:00,10,0
1686731,26,26-CAMBIO DE HERRAMIENTAS DEBIDO A DESGASTE,960.215,siderca\60062257,"CPA,CFC,GDS,CDT",2025-05-02 12:10:45.6203253 -03:00,1686387,2025-05-01 03:18:21.3463440 -03:00,28,0
1686812,26,26-CAMBIO DE HERRAMIENTAS DEBIDO A DESGASTE,420.049,siderca\60062524,"CPT,CSR,GSR,GA12",2025-05-02 13:56:51.6960259 -03:00,1686731,2025-05-02 12:26:45.8358108 -03:00,8,0
1686899,26,26-CAMBIO DE HERRAMIENTAS DEBIDO A DESGASTE,990.7,siderca\60062524,"CPA,GA15,GFC",2025-05-02 15:56:18.6647167 -03:00,1686812,2025-05-02 14:03:51.7450989 -03:00,10,0
1686966,26,26-CAMBIO DE HERRAMIENTAS DEBIDO A DESGASTE,469.95,siderca\60062524,"GA15,GA12,CFC,GFC,CDT",2025-05-02 17:35:45.4995441 -03:00,1686899,2025-05-02 16:12:49.3644355 -03:00,11,4
1687040,26,26-CAMBIO DE HERRAMIENTAS DEBIDO A DESGASTE,774,siderca\60062524,"CPT,CPA,CSR,GSR,CA15,GA15,GA12,CFC,CDS,GDS",2025-05-02 19:29:17.7424748 -03:00,1686966,2025-05-02 17:43:35.4495062 -03:00,9,0
1687131,26,26-CAMBIO DE HERRAMIENTAS DEBIDO A DESGASTE,406.611,siderca\60062291,"CA15,GA15,CA12",2025-05-02 21:37:34.8008637 -03:00,1687040,2025-05-02 19:42:11.7424748 -03:00,11,0
1687258,26,26-CAMBIO DE HERRAMIENTAS DEBIDO A DESGASTE,900.627,siderca\60062291,"CPT,CPA,CSR,GSR,GA15,GA12,GFC,CDS,GDS",2025-05-03 00:03:52.6655816 -03:00,1687131,2025-05-02 21:44:21.4113345 -03:00,8,0
1687321,26,26-CAMBIO DE HERRAMIENTAS DEBIDO A DESGASTE,300.61,siderca\60062291,"GA15,GA12",2025-05-03 01:41:48.6503416 -03:00,1687258,2025-05-03 00:18:53.2928776 -03:00,9,0
1687421,26,26-CAMBIO DE HERRAMIENTAS DEBIDO A DESGASTE,684.856,siderca\60062291,"CPA,GA15,GA12,GFC,GDS",2025-05-03 03:56:15.4949197 -03:00,1687321,2025-05-03 01:46:49.2604676 -03:00,10,1
1687481,26,26-CAMBIO DE HERRAMIENTAS DEBIDO A DESGASTE,1047,siderca\13035,"CPT,CSR,CA15",2025-05-03 05:00:00.0000000 -03:00,1687421,2025-05-03 04:07:40.3506119 -03:00,7,0
1687537,26,26-CAMBIO DE HERRAMIENTAS DEBIDO A DESGASTE,1022,siderca\13035,"CPA,CSR,CA15,CFC,CDS,CDT",2025-05-03 06:13:14.1508171 -03:00,1687481,2025-05-03 05:17:27.0000000 -03:00,8,0
1687633,26,26-CAMBIO DE HERRAMIENTAS DEBIDO A DESGASTE,329.122,siderca\13035,CA15,2025-05-03 08:19:08.7845659 -03:00,1687537,2025-05-03 06:30:16.1508171 -03:00,11,1
1687685,26,26-CAMBIO DE HERRAMIENTAS DEBIDO A DESGASTE,714.747,siderca\13035,"CPT,CPA,CSR,CA15,GFC,CDS,CDT",2025-05-03 09:26:38.2097909 -03:00,1687633,2025-05-03 08:24:37.9061960 -03:00,10,0
1687742,26,26-CAMBIO DE HERRAMIENTAS DEBIDO A DESGASTE,213.869,siderca\13035,"CPT,CSR,CA15",2025-05-03 10:40:34.5197400 -03:00,1687685,2025-05-03 09:38:32.9569702 -03:00,9,0
1687804,26,26-CAMBIO DE HERRAMIENTAS DEBIDO A DESGASTE,521.304,siderca\13035,"CPA,CSR,CA15,CFC,CDS,CDT",2025-05-03 11:56:24.5335161 -03:00,1687742,2025-05-03 10:44:08.3882837 -03:00,10,0
1687902,26,26-CAMBIO DE HERRAMIENTAS DEBIDO A DESGASTE,659,siderca\60062524,"CPT,CSR,GSR,GA15,GA12,GFC",2025-05-03 13:48:35.1417361 -03:00,1687804,2025-05-03 12:05:05.8376815 -03:00,9,2
1688054,26,26-CAMBIO DE HERRAMIENTAS DEBIDO A DESGASTE,595.995,siderca\60062524,"CPA,CA15,GA15,GA12,GFC,GDS,CDT",2025-05-03 16:48:15.7621633 -03:00,1687902,2025-05-03 13:59:34.1417361 -03:00,10,1
1688155,26,26-CAMBIO DE HERRAMIENTAS DEBIDO A DESGASTE,471.114,siderca\60062524,"GA15,GFC",2025-05-03 18:40:29.1234149 -03:00,1688054,2025-05-03 16:58:11.7574819 -03:00,10,0
1688212,26,26-CAMBIO DE HERRAMIENTAS DEBIDO A DESGASTE,834,siderca\60062524,"CPT,CPA,GSR,GA15,GA12,CFC,GFC,CDS,GDS,CDT",2025-05-03 19:50:19.2715237 -03:00,1688155,2025-05-03 18:48:20.2375414 -03:00,9,0
1688307,26,26-CAMBIO DE HERRAMIENTAS DEBIDO A DESGASTE,321,siderca\12985,"CA15,GA15,CDT",2025-05-03 21:20:48.5359289 -03:00,1688212,2025-05-03 20:04:13.2715237 -03:00,11,1
1688413,26,26-CAMBIO DE HERRAMIENTAS DEBIDO A DESGASTE,540.004,siderca\12985,"CPT,CPA,CA15,GA15,CFC,GFC,CDS,GDS,CDT",2025-05-03 23:23:26.1561865 -03:00,1688408,2025-05-03 23:32:26.2695580 -03:00,0,0
1688408,26,26-CAMBIO DE HERRAMIENTAS DEBIDO A DESGASTE,0.109,siderca\12985,"CPT,CPA,CA15,GA15,CFC,GFC,CDS,GDS,CDT",2025-05-03 23:32:26.1601503 -03:00,1688307,2025-05-03 21:26:09.5359289 -03:00,12,2
1688487,26,26-CAMBIO DE HERRAMIENTAS DEBIDO A DESGASTE,780.341,siderca\12985,"CSR,GSR,CA15,GA15,CFC,GFC,CDT",2025-05-04 01:02:45.8678515 -03:00,1688413,2025-05-03 23:32:26.1601503 -03:00,7,0
1688596,26,26-CAMBIO DE HERRAMIENTAS DEBIDO A DESGASTE,720.742,siderca\12985,"CPA,CA15,GA15,GFC,CDT",2025-05-04 03:05:32.8085058 -03:00,1688487,2025-05-04 01:15:46.2088325 -03:00,12,0
1688789,26,26-CAMBIO DE HERRAMIENTAS DEBIDO A DESGASTE,790,siderca\60062257,"CPT,CPA,GSR,CA15,CFC,GDS,CDT",2025-05-04 06:32:58.8252789 -03:00,1688596,2025-05-04 03:17:33.5505163 -03:00,20,5
1688904,26,26-CAMBIO DE HERRAMIENTAS DEBIDO A DESGASTE,486.113,siderca\60062257,"CFC,CDT",2025-05-04 08:34:50.6000718 -03:00,1688789,2025-05-04 06:46:08.8252789 -03:00,10,1
1688963,26,26-CAMBIO DE HERRAMIENTAS DEBIDO A DESGASTE,796.951,siderca\60062257,"CPA,CA15,CFC,GDS,CDT",2025-05-04 09:47:32.9570956 -03:00,1688904,2025-05-04 08:42:56.7134663 -03:00,9,0
1689028,26,26-CAMBIO DE HERRAMIENTAS DEBIDO A DESGASTE,602,siderca\60062257,"CPT,GSR,CFC,CDT",2025-05-04 11:10:16.8209234 -03:00,1688963,2025-05-04 10:00:49.9088203 -03:00,10,2
1689184,26,26-CAMBIO DE HERRAMIENTAS DEBIDO A DESGASTE,660,siderca\60062524,"CPA,GA15,CA12,GA12,GFC,CDS,GDS",2025-05-04 13:47:15.7989401 -03:00,1689028,2025-05-04 11:20:18.8209234 -03:00,10,0
1689262,26,26-CAMBIO DE HERRAMIENTAS DEBIDO A DESGASTE,480,siderca\60062524,"CPT,GA15,GFC,CDT",2025-05-04 15:22:43.9422051 -03:00,1689184,2025-05-04 13:58:15.7989401 -03:00,10,1
1689349,26,26-CAMBIO DE HERRAMIENTAS DEBIDO A DESGASTE,801,siderca\60062524,"CPA,GA15,CA12,GA12,GFC,GDS",2025-05-04 17:13:31.0519068 -03:00,1689262,2025-05-04 15:30:43.9422051 -03:00,10,0
1689419,26,26-CAMBIO DE HERRAMIENTAS DEBIDO A DESGASTE,393,siderca\60062524,"GA15,GA12,GFC,CDT",2025-05-04 18:33:18.7954195 -03:00,1689349,2025-05-04 17:26:52.0519068 -03:00,10,0
1689495,26,26-CAMBIO DE HERRAMIENTAS DEBIDO A DESGASTE,836,siderca\60062524,"CPT,CPA,GA15,GA12,GFC,CDS,GDS,CDT",2025-05-04 19:56:55.5311118 -03:00,1689419,2025-05-04 18:39:51.7954195 -03:00,10,0
1689610,26,26-CAMBIO DE HERRAMIENTAS DEBIDO A DESGASTE,840.673,siderca\12985,"CPT,CPA,CSR,GSR,CA15,GA15,CFC,GFC,CDS,GDS,CDT",2025-05-04 21:39:51.5045386 -03:00,1689495,2025-05-04 20:10:51.5311118 -03:00,8,1
1689690,26,26-CAMBIO DE HERRAMIENTAS DEBIDO A DESGASTE,353,siderca\12985,"CA15,GA15,CDT",2025-05-04 23:35:07.2858735 -03:00,1689610,2025-05-04 21:53:52.1778573 -03:00,10,0
1689783,26,26-CAMBIO DE HERRAMIENTAS DEBIDO A DESGASTE,840.945,siderca\12985,"CPA,CA15,GA15,CFC,GFC,CDS,GDS,CDT",2025-05-05 01:10:55.3418726 -03:00,1689690,2025-05-04 23:41:00.2858735 -03:00,10,0
1689829,26,26-CAMBIO DE HERRAMIENTAS DEBIDO A DESGASTE,796.938,siderca\12985,"CPT,CSR,GSR,CA15,GA15,CFC,GFC,CDT",2025-05-05 02:29:59.3145206 -03:00,1689783,2025-05-05 01:24:56.2864881 -03:00,9,0
1689898,26,26-CAMBIO DE HERRAMIENTAS DEBIDO A DESGASTE,779.74,siderca\12985,"CPA,CA15,GA15,CFC,GFC,CDS,GDS,CDT",2025-05-05 03:51:56.3056171 -03:00,1689829,2025-05-05 02:43:16.2526066 -03:00,9,0
1689970,26,26-CAMBIO DE HERRAMIENTAS DEBIDO A DESGASTE,353.658,siderca\60062257,"CFC,CDT",2025-05-05 05:14:00.6669463 -03:00,1689898,2025-05-05 04:04:56.0451283 -03:00,10,0
1690032,26,26-CAMBIO DE HERRAMIENTAS DEBIDO A DESGASTE,841.268,siderca\60062257,"CPT,CPA,GSR,CA15,CFC,GDS,CDT",2025-05-05 06:23:56.0987612 -03:00,1689970,2025-05-05 05:19:54.3244411 -03:00,9,0
1690094,26,26-CAMBIO DE HERRAMIENTAS DEBIDO A DESGASTE,389.857,siderca\60062257,"CFC,CDT",2025-05-05 07:45:54.6922927 -03:00,1690032,2025-05-05 06:37:57.3669167 -03:00,9,0
1690154,26,26-CAMBIO DE HERRAMIENTAS DEBIDO A DESGASTE,591,siderca\60062257,"CPA,CA15,CFC,GDS,CDT",2025-05-05 09:04:17.4050931 -03:00,1690094,2025-05-05 07:52:24.5499648 -03:00,10,0
1690240,26,26-CAMBIO DE HERRAMIENTAS DEBIDO A DESGASTE,594.426,siderca\60062257,"CPT,CPA,CFC,CDT",2025-05-05 10:57:35.1157342 -03:00,1690154,2025-05-05 09:14:08.4050931 -03:00,10,1
1690293,26,26-CAMBIO DE HERRAMIENTAS DEBIDO A DESGASTE,860.394,siderca\60062257,"CPA,CA15,CFC,GDS,CDT",2025-05-05 12:10:46.6853457 -03:00,1690240,2025-05-05 11:07:29.5419022 -03:00,10,0
1690387,26,26-CAMBIO DE HERRAMIENTAS DEBIDO A DESGASTE,900,siderca\60062291,"CPT,CPA,GSR,CA15,GA15,CA12,GA12,GFC,GDS",2025-05-05 13:45:19.0747322 -03:00,1690293,2025-05-05 12:25:07.0799428 -03:00,10,0
1690446,26,26-CAMBIO DE HERRAMIENTAS DEBIDO A DESGASTE,82,siderca\60062291,"CA12,GA12",2025-05-05 15:20:32.0461475 -03:00,1690387,2025-05-05 14:00:19.0747322 -03:00,10,0
1690515,26,26-CAMBIO DE HERRAMIENTAS DEBIDO A DESGASTE,842.391,siderca\60062291,"CPA,GSR,GA15,GA12,GFC,CDS,GDS",2025-05-05 16:48:56.9159072 -03:00,1690446,2025-05-05 15:21:54.0461475 -03:00,10,2
1690562,26,26-CAMBIO DE HERRAMIENTAS DEBIDO A DESGASTE,533.19,siderca\60062291,"CPT,CSR,GSR,GA12",2025-05-05 18:06:26.0633359 -03:00,1690515,2025-05-05 17:02:59.3065018 -03:00,10,0
1690778,26,26-CAMBIO DE HERRAMIENTAS DEBIDO A DESGASTE,404.996,siderca\12985,CDT,2025-05-06 00:35:32.0631063 -03:00,1690562,2025-05-05 18:15:19.2531931 -03:00,21,2
1690872,26,26-CAMBIO DE HERRAMIENTAS DEBIDO A DESGASTE,840.236,siderca\12985,"CPT,CPA,CSR,GSR,CA15,GA15,CFC,GFC,CDS,GDS,CDT",2025-05-06 02:27:39.1376751 -03:00,1690778,2025-05-06 00:42:17.0592192 -03:00,10,0
1690936,26,26-CAMBIO DE HERRAMIENTAS DEBIDO A DESGASTE,352.541,siderca\12985,"CA15,GA15,CDT",2025-05-06 04:26:38.7967780 -03:00,1690872,2025-05-06 02:41:39.3731053 -03:00,12,0
1691015,26,26-CAMBIO DE HERRAMIENTAS DEBIDO A DESGASTE,843,siderca\60062257,"CPT,CPA,GSR,CA15,CFC,CDS,CDT",2025-05-06 06:09:02.1152273 -03:00,1690936,2025-05-06 04:32:31.3378830 -03:00,9,1
1691088,26,26-CAMBIO DE HERRAMIENTAS DEBIDO A DESGASTE,336.548,siderca\60062257,CFC,2025-05-06 07:51:09.5917304 -03:00,1691015,2025-05-06 06:23:05.1152273 -03:00,10,0
1691200,26,26-CAMBIO DE HERRAMIENTAS DEBIDO A DESGASTE,840.692,siderca\60062257,"CPT,CPA,GSR,CA15,CFC,CDS,CDT",2025-05-06 10:48:24.3103537 -03:00,1691088,2025-05-06 07:56:46.1399108 -03:00,12,0
1691252,26,26-CAMBIO DE HERRAMIENTAS DEBIDO A DESGASTE,374.697,siderca\60062257,CDT,2025-05-06 12:12:09.4187758 -03:00,1691200,2025-05-06 11:02:25.0029099 -03:00,10,0
1691384,26,26-CAMBIO DE HERRAMIENTAS DEBIDO A DESGASTE,900,siderca\60062291,"CPT,CPA,CSR,GA15,CA12,GA12,GFC,GDS",2025-05-06 14:36:15.7770750 -03:00,1691252,2025-05-06 12:18:24.1151352 -03:00,7,0
1691485,26,26-CAMBIO DE HERRAMIENTAS DEBIDO A DESGASTE,287.928,siderca\60062291,GA12,2025-05-06 17:15:56.7253867 -03:00,1691384,2025-05-06 14:51:15.7770750 -03:00,13,0
1691527,26,26-CAMBIO DE HERRAMIENTAS DEBIDO A DESGASTE,663,siderca\60062291,"CPA,CA15,GA15,GA12,CFC,GFC,GDS",2025-05-06 18:17:37.7636598 -03:00,1691485,2025-05-06 17:20:44.6532018 -03:00,8,0
1691584,26,26-CAMBIO DE HERRAMIENTAS DEBIDO A DESGASTE,669.57,siderca\60062291,"CPT,GSR,GA12",2025-05-06 19:39:30.1594193 -03:00,1691527,2025-05-06 18:28:40.7636598 -03:00,10,0
1691621,26,26-CAMBIO DE HERRAMIENTAS DEBIDO A DESGASTE,1035.241,siderca\60062291,"CPT,CPA,CSR,GA15,CA12,GA12,GFC,GDS",2025-05-06 20:42:44.7592983 -03:00,1691584,2025-05-06 19:50:39.7296729 -03:00,5,0
1691734,26,26-CAMBIO DE HERRAMIENTAS DEBIDO A DESGASTE,327.69,siderca\12985,CDT,2025-05-06 23:24:25.6396289 -03:00,1691621,2025-05-06 21:00:00.0000000 -03:00,12,0
1691802,26,26-CAMBIO DE HERRAMIENTAS DEBIDO A DESGASTE,240.935,siderca\12985,CPA,2025-05-07 00:57:03.0173886 -03:00,1691734,2025-05-06 23:29:53.3294502 -03:00,8,0
1691829,26,26-CAMBIO DE HERRAMIENTAS DEBIDO A DESGASTE,840.461,siderca\12985,"CPT,CSR,GSR,CA15,GA15,CFC,GFC,CDS,GDS,CDT",2025-05-07 01:24:54.0093266 -03:00,1691802,2025-05-07 01:01:03.9528560 -03:00,2,0
1691851,26,26-CAMBIO DE HERRAMIENTAS DEBIDO A DESGASTE,374.893,siderca\12985,"CPT,CSR,GSR",2025-05-07 02:23:13.4833412 -03:00,1691829,2025-05-07 01:38:54.4707000 -03:00,7,0
1691926,26,26-CAMBIO DE HERRAMIENTAS DEBIDO A DESGASTE,262.625,siderca\12985,CDT,2025-05-07 04:01:40.2406684 -03:00,1691851,2025-05-07 02:29:28.3763609 -03:00,7,1
1691961,26,26-CAMBIO DE HERRAMIENTAS DEBIDO A DESGASTE,198.351,siderca\12985,CPA,2025-05-07 04:45:54.5356029 -03:00,1691926,2025-05-07 04:06:02.8651482 -03:00,3,0
1692059,26,26-CAMBIO DE HERRAMIENTAS DEBIDO A DESGASTE,818,siderca\60062524,"CPT,CPA,CSR,GSR,GA15,GA12,GFC,CDS,GDS,GH",2025-05-07 06:57:06.6365016 -03:00,1691961,2025-05-07 04:49:12.8869498 -03:00,9,1
1692359,26,26-CAMBIO DE HERRAMIENTAS DEBIDO A DESGASTE,920,siderca\60062291,"CPT,CPA,GSR,GA15,GA12,GFC,GDS",2025-05-07 14:30:39.9210027 -03:00,1692059,2025-05-07 07:10:44.6365016 -03:00,20,5
1692427,26,26-CAMBIO DE HERRAMIENTAS DEBIDO A DESGASTE,217.481,siderca\60062291,"CA12,GA12",2025-05-07 16:17:59.7056524 -03:00,1692359,2025-05-07 14:45:59.9210027 -03:00,11,0
1692457,26,26-CAMBIO DE HERRAMIENTAS DEBIDO A DESGASTE,927.954,siderca\60062291,"CPA,GA15,GA12,CFC,GFC,CDS,GDS",2025-05-07 17:16:21.7679993 -03:00,1692427,2025-05-07 16:21:37.1864635 -03:00,7,0
1692522,26,26-CAMBIO DE HERRAMIENTAS DEBIDO A DESGASTE,319.526,siderca\60062291,"CA12,GA12",2025-05-07 19:16:01.5739786 -03:00,1692457,2025-05-07 17:31:49.7214214 -03:00,9,0
1692574,26,26-CAMBIO DE HERRAMIENTAS DEBIDO A DESGASTE,913.72,siderca\12985,"CA15,GA15,CFC,GFC,CDS,GDS,CDT",2025-05-07 20:44:46.2807380 -03:00,1692522,2025-05-07 19:21:21.0997413 -03:00,8,0
1692667,26,26-CAMBIO DE HERRAMIENTAS DEBIDO A DESGASTE,699.224,siderca\12985,"CPT,CSR,GSR,CDT",2025-05-07 22:39:51.1420934 -03:00,1692574,2025-05-07 21:00:00.0000000 -03:00,10,0
1692722,26,26-CAMBIO DE HERRAMIENTAS DEBIDO A DESGASTE,777.19,siderca\12985,"CPA,CA15,GA15,CFC,GFC,CDS,GDS,CDT",2025-05-08 00:09:45.4952460 -03:00,1692667,2025-05-07 22:51:30.3663158 -03:00,10,0
1692797,26,26-CAMBIO DE HERRAMIENTAS DEBIDO A DESGASTE,555.606,siderca\12985,CDT,2025-05-08 02:02:42.6359927 -03:00,1692722,2025-05-08 00:22:42.6854520 -03:00,10,1
1692862,26,26-CAMBIO DE HERRAMIENTAS DEBIDO A DESGASTE,919,siderca\12985,"CPT,CPA,CSR,GSR,CA15,GA15,CFC,GFC,CDS,GDS,CDT",2025-05-08 03:35:50.5995771 -03:00,1692797,2025-05-08 02:11:58.2417879 -03:00,10,0
1693377,26,26-CAMBIO DE HERRAMIENTAS DEBIDO A DESGASTE,900.717,siderca\60062291,"CPT,CPA,GSR,CA15,GA15,GA12,GFC,GDS",2025-05-08 15:32:19.8357137 -03:00,1692862,2025-05-08 03:51:09.5995771 -03:00,24,0
1693531,26,26-CAMBIO DE HERRAMIENTAS DEBIDO A DESGASTE,237,siderca\60062291,"CA12,GA12",2025-05-08 19:56:06.2250325 -03:00,1693377,2025-05-08 15:47:20.5523548 -03:00,8,1
1693598,26,26-CAMBIO DE HERRAMIENTAS DEBIDO A DESGASTE,682.445,siderca\12985,"CPA,CA15,GA15,CFC,GFC,CDS,GDS,CDT",2025-05-08 21:12:59.9917291 -03:00,1693531,2025-05-08 20:00:03.2250325 -03:00,10,0
1693677,26,26-CAMBIO DE HERRAMIENTAS DEBIDO A DESGASTE,603.241,siderca\12985,"CPT,CSR,GSR,CDT",2025-05-08 22:54:50.0757088 -03:00,1693598,2025-05-08 21:24:22.4365340 -03:00,9,0
1693778,26,26-CAMBIO DE HERRAMIENTAS DEBIDO A DESGASTE,616.741,siderca\12985,"CPA,CA15,GA15,CFC,GFC,CDS,GDS,CDT",2025-05-09 01:21:59.0274222 -03:00,1693677,2025-05-08 23:04:53.3166878 -03:00,15,0
1693828,26,26-CAMBIO DE HERRAMIENTAS DEBIDO A DESGASTE,243.261,siderca\12985,CDT,2025-05-09 02:35:09.2023175 -03:00,1693778,2025-05-09 01:32:15.7683029 -03:00,9,0
1693889,26,26-CAMBIO DE HERRAMIENTAS DEBIDO A DESGASTE,780.017,siderca\12985,"CPT,CPA,CSR,GSR,CA15,GA15,CFC,GFC,CDS,GDS,CDT",2025-05-09 03:42:36.8720653 -03:00,1693828,2025-05-09 02:39:12.4631365 -03:00,8,0
1693967,26,26-CAMBIO DE HERRAMIENTAS DEBIDO A DESGASTE,327.362,siderca\60062524,"CPA,GA15",2025-05-09 05:28:32.6375875 -03:00,1693889,2025-05-09 03:55:36.8892074 -03:00,12,0
1694021,26,26-CAMBIO DE HERRAMIENTAS DEBIDO A DESGASTE,903.99,siderca\60062524,"CPT,CPA,CSR,GSR,GA15,GA12,CFC,GFC,GDS,CDT",2025-05-09 06:46:25.9729804 -03:00,1693967,2025-05-09 05:33:59.9995784 -03:00,8,0
1694089,26,26-CAMBIO DE HERRAMIENTAS DEBIDO A DESGASTE,297.571,siderca\60062524,"GA15,GFC",2025-05-09 08:29:23.5518982 -03:00,1694021,2025-05-09 07:01:29.9620030 -03:00,10,0
1694126,26,26-CAMBIO DE HERRAMIENTAS DEBIDO A DESGASTE,490.423,siderca\60062524,"CPA,GA15,GFC,CDS,GDS",2025-05-09 09:37:48.4803062 -03:00,1694089,2025-05-09 08:34:21.1220189 -03:00,9,0
1694171,26,26-CAMBIO DE HERRAMIENTAS DEBIDO A DESGASTE,540,siderca\60062524,"CPT,GSR,GA15,GFC",2025-05-09 10:59:02.3544391 -03:00,1694126,2025-05-09 09:45:58.9038782 -03:00,9,0
1694206,26,26-CAMBIO DE HERRAMIENTAS DEBIDO A DESGASTE,644.195,siderca\60062524,"CPA,GA15,GFC,CDS,GDS",2025-05-09 12:22:05.7045293 -03:00,1694171,2025-05-09 11:08:02.3544391 -03:00,10,1
1694291,26,26-CAMBIO DE HERRAMIENTAS DEBIDO A DESGASTE,354.704,siderca\60062291,"CA12,GA12",2025-05-09 14:50:15.9628127 -03:00,1694206,2025-05-09 12:32:49.8995285 -03:00,9,0
1694330,26,26-CAMBIO DE HERRAMIENTAS DEBIDO A DESGASTE,864,siderca\60062291,"CPT,CPA,CSR,GSR,CA15,GA15,GA12,CFC,GFC,GDS",2025-05-09 15:47:02.0069450 -03:00,1694291,2025-05-09 14:56:10.6666420 -03:00,6,0
1694375,26,26-CAMBIO DE HERRAMIENTAS DEBIDO A DESGASTE,350.881,siderca\60062291,"CA12,GA12",2025-05-09 17:09:03.0845799 -03:00,1694330,2025-05-09 16:01:26.0069450 -03:00,10,0
1694422,26,26-CAMBIO DE HERRAMIENTAS DEBIDO A DESGASTE,874,siderca\60062291,"CPA,GA15,GA12,GFC,CDS,GDS",2025-05-09 18:19:00.5024474 -03:00,1694375,2025-05-09 17:14:53.9650202 -03:00,7,0
1694485,26,26-CAMBIO DE HERRAMIENTAS DEBIDO A DESGASTE,381,siderca\60062291,"CPT,GSR,CA12,GA12",2025-05-09 19:56:41.9238546 -03:00,1694422,2025-05-09 18:33:34.5024474 -03:00,11,0
1694551,26,26-CAMBIO DE HERRAMIENTAS DEBIDO A DESGASTE,619.688,siderca\60062567,"CPT,CPA,GSR,CA15,GA12,CFC,GDS,CDT,GH",2025-05-09 21:24:29.8494705 -03:00,1694485,2025-05-09 20:03:02.9238546 -03:00,10,0
1694614,26,26-CAMBIO DE HERRAMIENTAS DEBIDO A DESGASTE,204.122,siderca\60062567,GH,2025-05-09 22:50:57.9140672 -03:00,1694551,2025-05-09 21:34:49.5377268 -03:00,9,0
1694663,26,26-CAMBIO DE HERRAMIENTAS DEBIDO A DESGASTE,359.21,siderca\60062567,"CA15,GA12,CFC,CDT,GH",2025-05-10 00:07:42.2637180 -03:00,1694614,2025-05-09 22:54:22.0362298 -03:00,9,0
1694706,26,26-CAMBIO DE HERRAMIENTAS DEBIDO A DESGASTE,325.819,siderca\60062567,"CPT,GSR,GDS,CDT,GH",2025-05-10 01:27:49.3700293 -03:00,1694663,2025-05-10 00:13:41.4734835 -03:00,10,1
1694743,26,26-CAMBIO DE HERRAMIENTAS DEBIDO A DESGASTE,547.085,siderca\60062567,"CA15,GA12,CFC,GDS,CDT,GH",2025-05-10 02:34:38.0384700 -03:00,1694706,2025-05-10 01:33:15.1890452 -03:00,9,0
1694872,26,26-CAMBIO DE HERRAMIENTAS DEBIDO A DESGASTE,216,siderca\60062524,"CA12,GA12,GFC",2025-05-10 05:39:50.8591767 -03:00,1694743,2025-05-10 02:43:45.1239138 -03:00,10,1
1694953,26,26-CAMBIO DE HERRAMIENTAS DEBIDO A DESGASTE,815.854,siderca\60062524,"CPT,CPA,GSR,CA15,GA15,GA12,CFC,GFC,GDS,CDT",2025-05-10 07:40:46.5771533 -03:00,1694872,2025-05-10 05:43:26.8591767 -03:00,10,1
1695069,26,26-CAMBIO DE HERRAMIENTAS DEBIDO A DESGASTE,300.197,siderca\60062524,"CA15,GA15",2025-05-10 10:28:49.1819975 -03:00,1694953,2025-05-10 07:54:22.4317969 -03:00,12,3
1695119,26,26-CAMBIO DE HERRAMIENTAS DEBIDO A DESGASTE,600.191,siderca\60062524,"CPA,GA15,GA12,CFC,GFC,CDS,GDS,CDT",2025-05-10 11:30:16.0816878 -03:00,1695069,2025-05-10 10:33:49.3784721 -03:00,3,0
1695169,26,26-CAMBIO DE HERRAMIENTAS DEBIDO A DESGASTE,885.592,siderca\60062291,"CPT,GSR,CA12,GA12",2025-05-10 13:00:00.0000000 -03:00,1695119,2025-05-10 11:40:16.2725822 -03:00,9,0
1695222,26,26-CAMBIO DE HERRAMIENTAS DEBIDO A DESGASTE,821.111,siderca\60062291,"CPA,CA15,GA15,GA12,CFC,GFC,GDS",2025-05-10 14:20:27.1515022 -03:00,1695169,2025-05-10 13:14:45.5924328 -03:00,10,0
1695290,26,26-CAMBIO DE HERRAMIENTAS DEBIDO A DESGASTE,226.156,siderca\60062291,"CA12,GA12",2025-05-10 15:53:02.6041729 -03:00,1695222,2025-05-10 14:34:08.2624208 -03:00,9,0
1695362,26,26-CAMBIO DE HERRAMIENTAS DEBIDO A DESGASTE,951.73,siderca\60062291,"CPT,CPA,CSR,CA15,GA15,GA12,CFC,GFC,GDS",2025-05-10 17:39:52.6107527 -03:00,1695290,2025-05-10 15:56:48.7602147 -03:00,10,0
1695419,26,26-CAMBIO DE HERRAMIENTAS DEBIDO A DESGASTE,199,siderca\60062291,GA12,2025-05-10 19:02:18.9820499 -03:00,1695362,2025-05-10 17:55:44.3401528 -03:00,10,0
1695455,26,26-CAMBIO DE HERRAMIENTAS DEBIDO A DESGASTE,902.041,siderca\60062291,"CPA,GA15,GA12,GFC,CDS,GDS",2025-05-10 19:56:30.9297695 -03:00,1695419,2025-05-10 19:05:37.9820499 -03:00,7,0
1695524,26,26-CAMBIO DE HERRAMIENTAS DEBIDO A DESGASTE,496.345,siderca\60062567,"CPT,CPA,CSR,GH",2025-05-10 21:19:25.3412483 -03:00,1695455,2025-05-10 20:11:32.9709942 -03:00,9,0
1695581,26,26-CAMBIO DE HERRAMIENTAS DEBIDO A DESGASTE,574.217,siderca\60062567,"CA15,CFC,GDS,CDT,GH",2025-05-10 22:49:42.3579051 -03:00,1695524,2025-05-10 21:27:41.6863114 -03:00,10,0
1695622,26,26-CAMBIO DE HERRAMIENTAS DEBIDO A DESGASTE,325.48,siderca\60062567,"CPA,GH",2025-05-10 23:55:25.6782436 -03:00,1695581,2025-05-10 22:59:16.5748500 -03:00,8,0
1695662,26,26-CAMBIO DE HERRAMIENTAS DEBIDO A DESGASTE,908.688,siderca\60062567,"CPT,CPA,GSR,GA15,GFC,GDS",2025-05-11 01:06:38.7197106 -03:00,1695622,2025-05-11 00:00:51.1584920 -03:00,10,1
1695713,26,26-CAMBIO DE HERRAMIENTAS DEBIDO A DESGASTE,390,siderca\60062567,"CPA,GH",2025-05-11 02:24:02.3442647 -03:00,1695662,2025-05-11 01:21:47.4078363 -03:00,10,0
1695772,26,26-CAMBIO DE HERRAMIENTAS DEBIDO A DESGASTE,434.729,siderca\60062567,"CA15,CA12,GFC,GDS",2025-05-11 03:53:08.1851164 -03:00,1695713,2025-05-11 02:30:32.3442647 -03:00,11,0
1695872,26,26-CAMBIO DE HERRAMIENTAS DEBIDO A DESGASTE,840,siderca\60062524,"CPT,CPA,CSR,CA15,CA12,CFC,CDS,CDT,CH",2025-05-11 05:07:57.0000000 -03:00,1695772,2025-05-11 04:00:22.9147284 -03:00,8,0
1695918,26,26-CAMBIO DE HERRAMIENTAS DEBIDO A DESGASTE,199.483,siderca\60062524,CA12,2025-05-11 07:11:36.2574841 -03:00,1695872,2025-05-11 05:21:57.0000000 -03:00,10,0
1695961,26,26-CAMBIO DE HERRAMIENTAS DEBIDO A DESGASTE,643.407,siderca\60062524,"CPA,GA15,CA12,GFC,CDS",2025-05-11 08:17:55.2708852 -03:00,1695918,2025-05-11 07:14:55.7407973 -03:00,9,0
1696079,26,26-CAMBIO DE HERRAMIENTAS DEBIDO A DESGASTE,600.605,siderca\60062524,"CPA,CA15,CA12,GFC,GDS,CDT",2025-05-11 10:18:05.0238053 -03:00,1695961,2025-05-11 08:28:38.6772599 -03:00,8,0
1696165,26,26-CAMBIO DE HERRAMIENTAS DEBIDO A DESGASTE,683.831,siderca\12985,"CPA,CA15,GFC,CDS,GDS,CDT",2025-05-11 13:26:04.0503865 -03:00,1696079,2025-05-11 10:28:05.6281150 -03:00,10,0
1696230,26,26-CAMBIO DE HERRAMIENTAS DEBIDO A DESGASTE,595.941,siderca\12985,"CPA,CA15,GFC,CDS,GDS,CDT",2025-05-11 14:59:29.7465320 -03:00,1696165,2025-05-11 13:37:27.8819866 -03:00,10,0
1696282,26,26-CAMBIO DE HERRAMIENTAS DEBIDO A DESGASTE,813.116,siderca\12985,"CPT,CPA,CSR,GSR,CDT",2025-05-11 16:24:56.6775183 -03:00,1696230,2025-05-11 15:09:25.6879511 -03:00,9,0
1696434,26,26-CAMBIO DE HERRAMIENTAS DEBIDO A DESGASTE,443.393,siderca\12985,"CPA,CFC,GFC,CDT",2025-05-11 20:16:01.0718523 -03:00,1696282,2025-05-11 16:38:29.7934272 -03:00,20,0
1696502,26,26-CAMBIO DE HERRAMIENTAS DEBIDO A DESGASTE,655.715,siderca\60062567,"CPT,CPA,CSR,CA15,GA12,GFC,CDS,GDS,CDT,GH",2025-05-11 21:44:05.9964542 -03:00,1696434,2025-05-11 20:23:24.4641339 -03:00,9,0
1696726,26,26-CAMBIO DE HERRAMIENTAS DEBIDO A DESGASTE,506,siderca\60062567,"CA15,GA12,CFC,GDS,CDT,GH",2025-05-12 03:48:36.3212565 -03:00,1696502,2025-05-11 21:55:01.7112771 -03:00,22,0
1696806,26,26-CAMBIO DE HERRAMIENTAS DEBIDO A DESGASTE,592,siderca\60062567,"CPT,GSR,GA15,CA12,CDT",2025-05-12 05:39:01.5958835 -03:00,1696726,2025-05-12 03:57:02.3212565 -03:00,10,1
1696915,26,26-CAMBIO DE HERRAMIENTAS DEBIDO A DESGASTE,600.009,siderca\60062524,"CPT,CPA,GA15,GFC,GDS,CDT",2025-05-12 08:40:12.9088920 -03:00,1696806,2025-05-12 05:48:53.5958835 -03:00,11,0
1696983,26,26-CAMBIO DE HERRAMIENTAS DEBIDO A DESGASTE,361,siderca\60062524,"GA15,GA12,GFC,CDT",2025-05-12 10:56:22.1111308 -03:00,1696915,2025-05-12 08:50:12.9178674 -03:00,14,0
1697041,26,26-CAMBIO DE HERRAMIENTAS DEBIDO A DESGASTE,793.411,siderca\60062524,"CPT,CPA,GSR,GA15,GA12,GFC,GDS",2025-05-12 12:23:38.1371092 -03:00,1696983,2025-05-12 11:02:23.1111308 -03:00,10,0
1697166,26,26-CAMBIO DE HERRAMIENTAS DEBIDO A DESGASTE,480.143,siderca\12985,"CA15,GA15,CFC,GFC,CDT",2025-05-12 15:08:52.1082805 -03:00,1697041,2025-05-12 12:36:51.5484844 -03:00,9,0
1697215,26,26-CAMBIO DE HERRAMIENTAS DEBIDO A DESGASTE,664.674,siderca\12985,"CPA,CA15,GA15,CFC,CDS,GDS,CDT",2025-05-12 16:43:16.1472731 -03:00,1697166,2025-05-12 15:16:52.2513846 -03:00,9,0
1697281,26,26-CAMBIO DE HERRAMIENTAS DEBIDO A DESGASTE,751.706,siderca\13066,"CPT,CSR,GSR,CA15,GA15,CFC,GFC,CDT",2025-05-12 18:26:13.6094239 -03:00,1697215,2025-05-12 16:54:20.8218727 -03:00,8,1
1697347,26,26-CAMBIO DE HERRAMIENTAS DEBIDO A DESGASTE,600.996,siderca\12985,"CA15,GA15,CFC,GFC,CDS,GDS",2025-05-12 19:50:03.3554138 -03:00,1697281,2025-05-12 18:38:45.3152525 -03:00,9,0
1697401,26,26-CAMBIO DE HERRAMIENTAS DEBIDO A DESGASTE,335.481,siderca\60062567,"CA15,CFC,GH",2025-05-12 21:07:32.2556757 -03:00,1697347,2025-05-12 20:00:04.3516129 -03:00,9,0
1697440,26,26-CAMBIO DE HERRAMIENTAS DEBIDO A DESGASTE,763,siderca\60062567,"CPT,CPA,CSR,CA15,GA12,GDS,CDT,GH",2025-05-12 22:14:59.5156380 -03:00,1697401,2025-05-12 21:13:07.7361089 -03:00,10,0
1697570,26,26-CAMBIO DE HERRAMIENTAS DEBIDO A DESGASTE,420.021,siderca\60062567,"CA15,GA12,GDS,CDT,GH",2025-05-13 00:00:38.3857867 -03:00,1697560,2025-05-13 01:41:13.4486551 -03:00,0,0
1697560,26,26-CAMBIO DE HERRAMIENTAS DEBIDO A DESGASTE,539.92,siderca\60062567,"CPT,CPA,CA15,GA12,GDS,CDT,GH",2025-05-13 01:32:13.5285271 -03:00,1697440,2025-05-12 22:27:42.5156380 -03:00,21,1
1697609,26,26-CAMBIO DE HERRAMIENTAS DEBIDO A DESGASTE,575,siderca\60062567,"CA15,GA12,GDS,CDT,GH",2025-05-13 02:59:38.9189839 -03:00,1697570,2025-05-13 00:07:38.4063554 -03:00,22,0
1697629,26,26-CAMBIO DE HERRAMIENTAS DEBIDO A DESGASTE,340.494,siderca\60062567,CPT,2025-05-13 03:32:45.2989414 -03:00,1697609,2025-05-13 03:09:13.9189839 -03:00,3,0
1697672,26,26-CAMBIO DE HERRAMIENTAS DEBIDO A DESGASTE,520.857,siderca\60062567,"CA15,GA12,GDS,CDT,GH",2025-05-13 04:41:19.0559381 -03:00,1697629,2025-05-13 03:38:25.7925273 -03:00,8,1
1697733,26,26-CAMBIO DE HERRAMIENTAS DEBIDO A DESGASTE,1440.091,siderca\60062291,"CPT,CPA,GSR,CA15,GA15,CA12,GA12,CFC,GFC,CDS,GDS",2025-05-13 05:22:05.8179882 -03:00,1697672,2025-05-13 04:49:59.9127534 -03:00,3,0
1697777,26,26-CAMBIO DE HERRAMIENTAS DEBIDO A DESGASTE,588.681,siderca\60062291,"CA15,GA15,GA12",2025-05-13 07:01:16.9948841 -03:00,1697733,2025-05-13 05:46:05.9084273 -03:00,8,0
1697829,26,26-CAMBIO DE HERRAMIENTAS DEBIDO A DESGASTE,719,siderca\60062291,"CPA,GA15,GA12,GFC,CDS,GDS",2025-05-13 08:31:43.2080554 -03:00,1697777,2025-05-13 07:11:05.6753395 -03:00,10,1
1697899,26,26-CAMBIO DE HERRAMIENTAS DEBIDO A DESGASTE,768,siderca\60062291,"CPT,GSR,GA15,CA12,GA12",2025-05-13 10:11:39.1386238 -03:00,1697829,2025-05-13 08:43:42.2080554 -03:00,8,1
1697950,26,26-CAMBIO DE HERRAMIENTAS DEBIDO A DESGASTE,677,siderca\60062291,"CPA,CA15,GA15,GA12,GFC,GDS",2025-05-13 11:33:49.3513831 -03:00,1697899,2025-05-13 10:24:27.1386238 -03:00,10,0
1698135,26,26-CAMBIO DE HERRAMIENTAS DEBIDO A DESGASTE,294.329,siderca\12985,"CA15,GA15,CDT",2025-05-13 16:13:23.5072935 -03:00,1697950,2025-05-13 11:45:06.3513831 -03:00,13,1
1698164,26,26-CAMBIO DE HERRAMIENTAS DEBIDO A DESGASTE,449.654,siderca\12985,"CPT,CPA,CSR,GSR",2025-05-13 17:07:23.4533499 -03:00,1698135,2025-05-13 16:18:17.8363779 -03:00,6,0
1698190,26,26-CAMBIO DE HERRAMIENTAS DEBIDO A DESGASTE,526.019,siderca\12985,"CA15,GA15,CFC,GFC,CDS,GDS,CDT",2025-05-13 17:42:21.0803937 -03:00,1698164,2025-05-13 17:14:53.1070520 -03:00,4,0
1698214,26,26-CAMBIO DE HERRAMIENTAS DEBIDO A DESGASTE,201.348,siderca\12985,CPT,2025-05-13 18:27:50.7790515 -03:00,1698190,2025-05-13 17:51:07.0994633 -03:00,6,0
1698229,26,26-CAMBIO DE HERRAMIENTAS DEBIDO A DESGASTE,350.231,siderca\12985,CDT,2025-05-13 18:49:44.1559105 -03:00,1698214,2025-05-13 18:31:12.1272089 -03:00,3,0
1698237,26,26-CAMBIO DE HERRAMIENTAS DEBIDO A DESGASTE,178.432,siderca\12985,"CA15,GA15",2025-05-13 19:01:56.3864520 -03:00,1698229,2025-05-13 18:55:34.3864520 -03:00,1,0
1698259,26,26-CAMBIO DE HERRAMIENTAS DEBIDO A DESGASTE,191.334,siderca\12985,CPA,2025-05-13 19:43:21.5463695 -03:00,1698237,2025-05-13 19:04:54.8181588 -03:00,6,0
1698276,26,26-CAMBIO DE HERRAMIENTAS DEBIDO A DESGASTE,630.006,siderca\12985,"CA15,GA15,CFC,GFC,CDS,GDS,CDT",2025-05-13 20:11:09.4907874 -03:00,1698259,2025-05-13 19:46:32.8807425 -03:00,4,0
1698316,26,26-CAMBIO DE HERRAMIENTAS DEBIDO A DESGASTE,433.528,siderca\60062567,"CPT,GSR,CA15,CFC,GDS,CDT,GH",2025-05-13 21:00:00.0000000 -03:00,1698276,2025-05-13 20:21:39.4967595 -03:00,7,0
1698382,26,26-CAMBIO DE HERRAMIENTAS DEBIDO A DESGASTE,314.463,siderca\60062567,"CA15,GH",2025-05-13 22:38:02.5772955 -03:00,1698316,2025-05-13 21:07:13.5285510 -03:00,11,0
1698404,26,26-CAMBIO DE HERRAMIENTAS DEBIDO A DESGASTE,245.619,siderca\60062567,"CPT,CPA",2025-05-13 23:01:46.6939182 -03:00,1698382,2025-05-13 22:43:17.0401285 -03:00,3,0
1698480,26,26-CAMBIO DE HERRAMIENTAS DEBIDO A DESGASTE,677,siderca\60062567,"CPT,CPA,GSR,CA15,CFC,GDS,CDT,GH",2025-05-14 01:00:28.3227192 -03:00,1698404,2025-05-13 23:05:52.3121961 -03:00,9,0
1698551,26,26-CAMBIO DE HERRAMIENTAS DEBIDO A DESGASTE,609.372,siderca\60062567,"CPT,CA15,CFC,GDS,CDT,GH",2025-05-14 03:03:36.1102582 -03:00,1698480,2025-05-14 01:11:45.3227192 -03:00,12,2
1698600,26,26-CAMBIO DE HERRAMIENTAS DEBIDO A DESGASTE,451.673,siderca\60062567,"CPA,CA15,CFC,GDS,CDT,GH",2025-05-14 04:22:46.3014531 -03:00,1698551,2025-05-14 03:13:45.4826558 -03:00,10,0
1698662,26,26-CAMBIO DE HERRAMIENTAS DEBIDO A DESGASTE,888,siderca\60062291,"CPT,CPA,GSR,GA15,CA12,GA12,GFC,CDS,GDS",2025-05-14 05:39:22.3568138 -03:00,1698600,2025-05-14 04:30:17.9744066 -03:00,8,0
1698727,26,26-CAMBIO DE HERRAMIENTAS DEBIDO A DESGASTE,551.141,siderca\60062291,"CA15,GA12",2025-05-14 07:14:25.7573899 -03:00,1698662,2025-05-14 05:54:10.3568138 -03:00,10,0
1699003,26,26-CAMBIO DE HERRAMIENTAS DEBIDO A DESGASTE,197,siderca\12985,CDT,2025-05-14 14:15:34.1655528 -03:00,1698727,2025-05-14 07:23:36.8981786 -03:00,21,0
1699086,26,26-CAMBIO DE HERRAMIENTAS DEBIDO A DESGASTE,900.923,siderca\12985,"CPT,CPA,CSR,GSR,CA15,GA15,CFC,GFC,CDS,GDS,CDT",2025-05-14 15:55:36.9019650 -03:00,1699003,2025-05-14 14:18:51.1655528 -03:00,11,0
1699142,26,26-CAMBIO DE HERRAMIENTAS DEBIDO A DESGASTE,482.432,siderca\12985,"CA15,GA15,CFC,GFC,CDS,GDS,CDT",2025-05-14 17:28:13.7229544 -03:00,1699086,2025-05-14 16:10:37.8240047 -03:00,10,0
1699183,26,26-CAMBIO DE HERRAMIENTAS DEBIDO A DESGASTE,222.646,siderca\13066,CPT,2025-05-14 18:26:27.5066788 -03:00,1699142,2025-05-14 17:36:16.1546646 -03:00,7,0
1699207,26,26-CAMBIO DE HERRAMIENTAS DEBIDO A DESGASTE,642,siderca\12985,"CA15,GA15,CFC,GFC,CDS,GDS,CDT",2025-05-14 18:57:29.1262269 -03:00,1699183,2025-05-14 18:30:10.1528474 -03:00,4,0
1699271,26,26-CAMBIO DE HERRAMIENTAS DEBIDO A DESGASTE,630.137,siderca\12985,"CPT,CA15,GA15,CDT",2025-05-14 20:34:16.5911394 -03:00,1699207,2025-05-14 19:08:11.1262269 -03:00,11,0
1699353,26,26-CAMBIO DE HERRAMIENTAS DEBIDO A DESGASTE,798.899,siderca\60062567,"CPA,CSR,GSR,CA15,GA15,CFC,GDS,CDT,GH",2025-05-14 22:26:32.9786026 -03:00,1699271,2025-05-14 20:44:46.7280966 -03:00,9,0
1699401,26,26-CAMBIO DE HERRAMIENTAS DEBIDO A DESGASTE,383,siderca\60062567,"CFC,CDT",2025-05-14 23:53:15.4667366 -03:00,1699353,2025-05-14 22:39:51.8775367 -03:00,9,0
1699481,26,26-CAMBIO DE HERRAMIENTAS DEBIDO A DESGASTE,738,siderca\60062567,"CPT,CPA,CA15,CA12,GA12,CFC,GDS,CDT,CH",2025-05-15 02:01:39.6822016 -03:00,1699401,2025-05-14 23:59:38.4667366 -03:00,13,0
1699560,26,26-CAMBIO DE HERRAMIENTAS DEBIDO A DESGASTE,619.989,siderca\60062567,"CPT,CPA,GSR,CA15,CFC,GDS,CDT,GH",2025-05-15 04:13:14.1388970 -03:00,1699481,2025-05-15 02:13:57.6822016 -03:00,12,0
1699667,26,26-CAMBIO DE HERRAMIENTAS DEBIDO A DESGASTE,840,siderca\60062291,"CPA,CA15,GA15,CA12,GA12,GFC,CDS,GDS",2025-05-15 06:16:40.3612860 -03:00,1699560,2025-05-15 04:23:34.1273666 -03:00,9,0
1699725,26,26-CAMBIO DE HERRAMIENTAS DEBIDO A DESGASTE,476.19,siderca\60062291,"GA15,GA12",2025-05-15 08:14:42.8135227 -03:00,1699667,2025-05-15 06:30:40.3612860 -03:00,10,0
1699789,26,26-CAMBIO DE HERRAMIENTAS DEBIDO A DESGASTE,920,siderca\60062291,"CPT,CPA,CSR,GSR,GA15,GA12,GFC,GDS",2025-05-15 10:05:04.6184361 -03:00,1699725,2025-05-15 08:22:39.0037580 -03:00,11,0
1699885,26,26-CAMBIO DE HERRAMIENTAS DEBIDO A DESGASTE,267.874,siderca\12985,"CA15,GA15,CDT",2025-05-15 12:47:09.6530904 -03:00,1699789,2025-05-15 10:20:24.6184361 -03:00,10,0
1699970,26,26-CAMBIO DE HERRAMIENTAS DEBIDO A DESGASTE,550,siderca\12985,"CPA,CA15,GA15,CDS,GDS,CDT",2025-05-15 14:53:27.5778020 -03:00,1699885,2025-05-15 12:51:37.5272353 -03:00,12,0
1700021,26,26-CAMBIO DE HERRAMIENTAS DEBIDO A DESGASTE,705.313,siderca\12985,"CPT,CSR,GSR,CA15,GA15,CFC,GFC,CDS,GDS,CDT",2025-05-15 16:22:48.2239210 -03:00,1699970,2025-05-15 15:02:37.5778020 -03:00,10,0
1700068,26,26-CAMBIO DE HERRAMIENTAS DEBIDO A DESGASTE,497.522,siderca\12985,"CPA,CA15,GA15,CFC,CDS,GDS,CDT",2025-05-15 17:49:00.2190081 -03:00,1700021,2025-05-15 16:34:33.5366570 -03:00,8,0
1700139,26,26-CAMBIO DE HERRAMIENTAS DEBIDO A DESGASTE,311.706,siderca\12985,"CA15,GA15,CFC,GFC,CDT",2025-05-15 20:02:38.8070720 -03:00,1700068,2025-05-15 17:57:17.7418734 -03:00,9,2
1700151,26,26-CAMBIO DE HERRAMIENTAS DEBIDO A DESGASTE,249.026,siderca\12985,"CA15,CFC,CDT",2025-05-15 20:14:12.5139607 -03:00,1700139,2025-05-15 20:07:50.5139607 -03:00,0,0
1700239,26,26-CAMBIO DE HERRAMIENTAS DEBIDO A DESGASTE,932,siderca\60062524,"CPT,CPA,CSR,GSR,CA15,GA15,GA12,GFC,GDS,CDT",2025-05-15 21:53:17.3376474 -03:00,1700151,2025-05-15 20:18:21.5397097 -03:00,9,1
1700306,26,26-CAMBIO DE HERRAMIENTAS DEBIDO A DESGASTE,295.783,siderca\60062524,"GA15,GFC",2025-05-15 23:41:54.9895451 -03:00,1700239,2025-05-15 22:08:49.3376474 -03:00,11,0
1700339,26,26-CAMBIO DE HERRAMIENTAS DEBIDO A DESGASTE,651,siderca\60062524,"CPA,GA15,GA12,GFC,CDS,GDS",2025-05-16 00:42:24.9715531 -03:00,1700306,2025-05-15 23:46:50.7722517 -03:00,8,0
1700384,26,26-CAMBIO DE HERRAMIENTAS DEBIDO A DESGASTE,489,siderca\60062524,"CPT,GSR,GA15,GFC,CDT",2025-05-16 02:07:14.1861854 -03:00,1700339,2025-05-16 00:53:15.9715531 -03:00,9,0
1700434,26,26-CAMBIO DE HERRAMIENTAS DEBIDO A DESGASTE,627,siderca\60062524,"CPA,CA15,CFC,GFC,CDS,GDS,CDT",2025-05-16 03:30:50.2075447 -03:00,1700384,2025-05-16 02:15:23.1861854 -03:00,10,0
1700487,26,26-CAMBIO DE HERRAMIENTAS DEBIDO A DESGASTE,630,siderca\60062291,"GA15,GA12",2025-05-16 05:00:00.0000000 -03:00,1700434,2025-05-16 03:41:17.2075447 -03:00,10,0
1700528,26,26-CAMBIO DE HERRAMIENTAS DEBIDO A DESGASTE,1002.708,siderca\60062291,"CPT,CPA,CSR,GSR,GA15,GA12,CFC,GFC,CDS",2025-05-16 05:54:00.4469624 -03:00,1700487,2025-05-16 05:10:30.0000000 -03:00,4,0
1700564,26,26-CAMBIO DE HERRAMIENTAS DEBIDO A DESGASTE,372.524,siderca\60062291,"CA15,GA12",2025-05-16 07:13:20.2122601 -03:00,1700528,2025-05-16 06:10:43.1547287 -03:00,9,0
1700607,26,26-CAMBIO DE HERRAMIENTAS DEBIDO A DESGASTE,1004.599,siderca\60062291,"CPA,GA15,CA12,GFC,GDS",2025-05-16 08:21:14.0857810 -03:00,1700564,2025-05-16 07:19:32.7360676 -03:00,10,0
1700665,26,26-CAMBIO DE HERRAMIENTAS DEBIDO A DESGASTE,657,siderca\60062291,"CPT,CSR,GSR,GA15,GA12",2025-05-16 09:45:47.2998595 -03:00,1700607,2025-05-16 08:37:58.6842318 -03:00,10,0
1700720,26,26-CAMBIO DE HERRAMIENTAS DEBIDO A DESGASTE,789,siderca\60062291,"CPA,GA15,GA12,CFC,GFC,GDS",2025-05-16 11:14:30.9947561 -03:00,1700665,2025-05-16 09:56:44.2998595 -03:00,12,0
1700775,26,26-CAMBIO DE HERRAMIENTAS DEBIDO A DESGASTE,385,siderca\60062291,"CA15,GA12",2025-05-16 12:37:44.1146576 -03:00,1700720,2025-05-16 11:27:39.9947561 -03:00,10,0
1700789,26,26-CAMBIO DE HERRAMIENTAS DEBIDO A DESGASTE,328.422,siderca\12985,"CA15,GA15,CFC,GFC,CDT",2025-05-16 12:54:31.5786469 -03:00,1700775,2025-05-16 12:44:09.1146576 -03:00,1,0
1700802,26,26-CAMBIO DE HERRAMIENTAS DEBIDO A DESGASTE,298.942,siderca\12985,"CA15,GA15,CFC,GFC,CDT",2025-05-16 13:00:00.0000000 -03:00,1700789,2025-05-16 13:00:00.0000000 -03:00,0,0
1700806,26,26-CAMBIO DE HERRAMIENTAS DEBIDO A DESGASTE,0.171,siderca\12985,"CA15,GA15,CFC,GFC,CDT",2025-05-16 13:04:58.9420837 -03:00,1700802,2025-05-16 13:04:58.9420837 -03:00,0,0
1700847,26,26-CAMBIO DE HERRAMIENTAS DEBIDO A DESGASTE,767.332,siderca\12985,"CPT,CPA,CSR,GSR,CA15,GA15,CDS,GDS,CDT",2025-05-16 14:03:36.6371940 -03:00,1700806,2025-05-16 13:04:59.1139525 -03:00,9,0
1700940,26,26-CAMBIO DE HERRAMIENTAS DEBIDO A DESGASTE,274.466,siderca\12985,"CA15,GA15,CDT",2025-05-16 16:53:38.9787214 -03:00,1700847,2025-05-16 14:16:23.9696581 -03:00,13,0
1700957,26,26-CAMBIO DE HERRAMIENTAS DEBIDO A DESGASTE,223.695,siderca\12985,CDT,2025-05-16 17:29:11.7636454 -03:00,1700940,2025-05-16 16:58:13.4444496 -03:00,4,0
1700964,26,26-CAMBIO DE HERRAMIENTAS DEBIDO A DESGASTE,652.697,siderca\12985,"CPA,CA15,GA15,CFC,CDS,GDS,CDT",2025-05-16 17:39:17.4588740 -03:00,1700957,2025-05-16 17:32:55.4588740 -03:00,0,0
1701009,26,26-CAMBIO DE HERRAMIENTAS DEBIDO A DESGASTE,750.128,siderca\12985,"CPT,CSR,GSR,CA15,GA15,CFC,CDT",2025-05-16 18:58:01.7756575 -03:00,1700964,2025-05-16 17:50:10.1552042 -03:00,10,0
1701172,26,26-CAMBIO DE HERRAMIENTAS DEBIDO A DESGASTE,500.021,siderca\60062567,"CA15,GH",2025-05-18 13:52:02.0696230 -03:00,1701009,2025-05-16 19:10:31.9031039 -03:00,13,0
1701210,26,26-CAMBIO DE HERRAMIENTAS DEBIDO A DESGASTE,351.816,siderca\60062567,"CA15,GA12,CFC,GDS,CDT,GH",2025-05-18 15:32:38.8647279 -03:00,1701172,2025-05-18 14:00:22.0909651 -03:00,9,0
1701294,26,26-CAMBIO DE HERRAMIENTAS DEBIDO A DESGASTE,780.326,siderca\60062567,"CPT,CPA,GSR,CA15,GA12,CFC,GDS,CDT,GH",2025-05-18 18:23:03.8224196 -03:00,1701210,2025-05-18 15:38:30.6807661 -03:00,12,4
1701319,26,26-CAMBIO DE HERRAMIENTAS DEBIDO A DESGASTE,424.973,siderca\60062567,"CA15,GA12,GH",2025-05-18 19:29:28.3853164 -03:00,1701294,2025-05-18 18:36:04.1484270 -03:00,10,0
1701427,26,26-CAMBIO DE HERRAMIENTAS DEBIDO A DESGASTE,900.381,siderca\60062524,"CPT,CPA,GSR,CA15,GA15,CA12,CFC,GFC,GDS,CDT",2025-05-18 21:46:21.4331075 -03:00,1701319,2025-05-18 19:36:33.3589826 -03:00,10,1
1701591,26,26-CAMBIO DE HERRAMIENTAS DEBIDO A DESGASTE,324,siderca\60062524,"GA15,GFC",2025-05-19 01:46:58.4622951 -03:00,1701427,2025-05-18 22:01:21.8145148 -03:00,14,2
1701643,26,26-CAMBIO DE HERRAMIENTAS DEBIDO A DESGASTE,709.405,siderca\60062524,"CPA,CA15,GA15,CFC,GFC,CDS,CDT",2025-05-19 03:00:49.9473355 -03:00,1701591,2025-05-19 01:52:22.4622951 -03:00,10,0
1701708,26,26-CAMBIO DE HERRAMIENTAS DEBIDO A DESGASTE,666.756,siderca\60062524,"CPT,CSR,GSR,GA15,GA12,GFC,CDT",2025-05-19 04:25:12.4622501 -03:00,1701643,2025-05-19 03:12:39.3529834 -03:00,9,1
1701771,26,26-CAMBIO DE HERRAMIENTAS DEBIDO A DESGASTE,783,siderca\12985,"CPA,CA15,GA15,CFC,GFC,CDS,GDS,CDT",2025-05-19 05:45:59.8921148 -03:00,1701708,2025-05-19 04:36:19.2184357 -03:00,10,0
1701854,26,26-CAMBIO DE HERRAMIENTAS DEBIDO A DESGASTE,442.447,siderca\12985,"CA15,GA15,CDT",2025-05-19 07:44:47.0674430 -03:00,1701771,2025-05-19 05:59:02.8921148 -03:00,11,0
1701927,26,26-CAMBIO DE HERRAMIENTAS DEBIDO A DESGASTE,934.353,siderca\12985,"CPT,CPA,CSR,GSR,CA15,GA15,CFC,GFC,CDS,GDS,CDT",2025-05-19 09:36:23.3260445 -03:00,1701854,2025-05-19 07:52:09.5149771 -03:00,9,0
1702003,26,26-CAMBIO DE HERRAMIENTAS DEBIDO A DESGASTE,501.391,siderca\12985,"CA15,GA15,CFC,CDT",2025-05-19 11:12:25.3173506 -03:00,1701927,2025-05-19 09:51:57.6798518 -03:00,11,1
1702061,26,26-CAMBIO DE HERRAMIENTAS DEBIDO A DESGASTE,480,siderca\12985,"CPA,CA15,GA15,GFC,CDS,GDS,CDT",2025-05-19 12:24:02.3050377 -03:00,1702003,2025-05-19 11:20:46.7087261 -03:00,9,0
1702116,26,26-CAMBIO DE HERRAMIENTAS DEBIDO A DESGASTE,575.532,siderca\60062567,"CPA,GSR,CA15,GA12,GH",2025-05-19 13:34:03.0719838 -03:00,1702061,2025-05-19 12:32:02.3050377 -03:00,10,0
1702189,26,26-CAMBIO DE HERRAMIENTAS DEBIDO A DESGASTE,642.481,siderca\60062567,"CPA,CA15,CFC,GDS,CDT,GH",2025-05-19 15:08:57.4095375 -03:00,1702116,2025-05-19 13:43:38.6035599 -03:00,12,0
1702206,26,26-CAMBIO DE HERRAMIENTAS DEBIDO A DESGASTE,233.901,siderca\60062567,CPA,2025-05-19 15:26:01.8901460 -03:00,1702189,2025-05-19 15:19:39.8901460 -03:00,0,0
1702256,26,26-CAMBIO DE HERRAMIENTAS DEBIDO A DESGASTE,268.757,siderca\60062567,"CH,GH",2025-05-19 16:32:54.5021226 -03:00,1702206,2025-05-19 15:29:55.7910130 -03:00,9,0
1702297,26,26-CAMBIO DE HERRAMIENTAS DEBIDO A DESGASTE,548.809,siderca\60062567,"CPA,GSR,CA15,CFC,GDS,CDT,GH",2025-05-19 17:37:58.6765987 -03:00,1702256,2025-05-19 16:37:23.2596737 -03:00,10,0
1702351,26,26-CAMBIO DE HERRAMIENTAS DEBIDO A DESGASTE,426.75,siderca\60062567,"CPT,CA15,CFC,GDS,CDT,GH",2025-05-19 18:45:17.4203922 -03:00,1702297,2025-05-19 17:47:07.4857513 -03:00,9,0
1702406,26,26-CAMBIO DE HERRAMIENTAS DEBIDO A DESGASTE,673.78,siderca\60062567,"CPT,CPA,GSR,CA15,GA12,CFC,GDS,CDT,GH",2025-05-19 19:54:44.7674433 -03:00,1702351,2025-05-19 18:52:24.1708117 -03:00,9,0
1702497,26,26-CAMBIO DE HERRAMIENTAS DEBIDO A DESGASTE,937,siderca\60062524,"CPT,CPA,GSR,CA15,GA15,GA12,CFC,GFC,GDS,CDT",2025-05-19 21:36:15.3236669 -03:00,1702406,2025-05-19 20:05:58.5475808 -03:00,8,1
1702573,26,26-CAMBIO DE HERRAMIENTAS DEBIDO A DESGASTE,308,siderca\60062524,"CA15,GA15,GFC",2025-05-19 23:15:25.5730198 -03:00,1702497,2025-05-19 21:51:52.3236669 -03:00,11,0
1702627,26,26-CAMBIO DE HERRAMIENTAS DEBIDO A DESGASTE,734,siderca\60062524,"CPA,GA15,GFC,CDS,GDS,CDT",2025-05-20 00:28:03.7470776 -03:00,1702573,2025-05-19 23:20:33.5730198 -03:00,10,0
1702690,26,26-CAMBIO DE HERRAMIENTAS DEBIDO A DESGASTE,758.894,siderca\60062524,"CPT,CSR,GSR,GA15,GA12,GFC",2025-05-20 01:54:51.2390440 -03:00,1702627,2025-05-20 00:40:17.7470776 -03:00,10,0
1702750,26,26-CAMBIO DE HERRAMIENTAS DEBIDO A DESGASTE,718,siderca\60062524,"CPA,CA15,GA15,CFC,CDS,GDS,CDT",2025-05-20 03:20:16.1914942 -03:00,1702690,2025-05-20 02:07:30.1335942 -03:00,9,0
1702951,26,26-CAMBIO DE HERRAMIENTAS DEBIDO A DESGASTE,540.856,siderca\12985,"CA15,GA15,CFC,GFC,CDT",2025-05-20 07:09:00.3280177 -03:00,1702750,2025-05-20 03:32:14.1914942 -03:00,17,0
1702961,26,26-CAMBIO DE HERRAMIENTAS DEBIDO A DESGASTE,457.311,siderca\12985,"CPT,CSR,GSR",2025-05-20 07:42:55.8809236 -03:00,1702951,2025-05-20 07:18:01.1847939 -03:00,4,0
1702977,26,26-CAMBIO DE HERRAMIENTAS DEBIDO A DESGASTE,355.538,siderca\12985,CPA,2025-05-20 08:14:11.7041581 -03:00,1702961,2025-05-20 07:50:33.1916015 -03:00,3,1
1703149,26,26-CAMBIO DE HERRAMIENTAS DEBIDO A DESGASTE,363.003,siderca\12985,"CA15,GA15,CFC,GFC,CDT",2025-05-20 12:07:15.2163105 -03:00,1702977,2025-05-20 08:20:07.2420898 -03:00,9,0
1703247,26,26-CAMBIO DE HERRAMIENTAS DEBIDO A DESGASTE,540.324,siderca\60062567,"CPA,CA15,GH",2025-05-20 13:41:52.4937868 -03:00,1703149,2025-05-20 12:13:18.2194123 -03:00,10,0
1703295,26,26-CAMBIO DE HERRAMIENTAS DEBIDO A DESGASTE,397.309,siderca\60062567,"CSR,GSR,CA15,GA12,CFC,GDS,CDT,GH",2025-05-20 14:54:32.4313272 -03:00,1703247,2025-05-20 13:50:52.8173458 -03:00,10,0
1703332,26,26-CAMBIO DE HERRAMIENTAS DEBIDO A DESGASTE,450.877,siderca\60062567,"CPA,CA15,GH",2025-05-20 16:00:56.6264948 -03:00,1703295,2025-05-20 15:01:09.7406516 -03:00,9,0
1703374,26,26-CAMBIO DE HERRAMIENTAS DEBIDO A DESGASTE,452.039,siderca\60062567,"CPA,CA15,GH",2025-05-20 17:07:14.8276367 -03:00,1703332,2025-05-20 16:08:27.5035422 -03:00,9,0
1703397,26,26-CAMBIO DE HERRAMIENTAS DEBIDO A DESGASTE,529.077,siderca\60062567,"CA15,GA12,CFC,GDS,CDT,GH",2025-05-20 18:13:34.4538886 -03:00,1703374,2025-05-20 17:14:46.8665893 -03:00,9,0
1703430,26,26-CAMBIO DE HERRAMIENTAS DEBIDO A DESGASTE,563.674,siderca\60062567,"CA15,GA12,CFC,GDS,CDT,GH",2025-05-20 19:31:45.3756158 -03:00,1703397,2025-05-20 18:22:23.5309362 -03:00,9,0
1703536,26,26-CAMBIO DE HERRAMIENTAS DEBIDO A DESGASTE,808.693,siderca\60062524,"CPT,CPA,GSR,GA15,GA12,GFC,CDS,GDS,CDT",2025-05-20 23:01:40.8832268 -03:00,1703430,2025-05-20 19:41:09.0494190 -03:00,24,1
1703568,26,26-CAMBIO DE HERRAMIENTAS DEBIDO A DESGASTE,601,siderca\60062524,"CA15,GA15,CFC,GFC",2025-05-21 00:22:25.7185368 -03:00,1703536,2025-05-20 23:15:09.5763189 -03:00,10,0
1703592,26,26-CAMBIO DE HERRAMIENTAS DEBIDO A DESGASTE,831.547,siderca\60062524,"CPT,CPA,GSR,GA15,GA12,GFC,CDS,GDS,CDT",2025-05-21 01:36:22.4948481 -03:00,1703568,2025-05-21 00:32:26.7185776 -03:00,9,0
1703621,26,26-CAMBIO DE HERRAMIENTAS DEBIDO A DESGASTE,649,siderca\60062524,"CSR,GSR,GA15",2025-05-21 02:49:11.7580309 -03:00,1703592,2025-05-21 01:50:14.0413061 -03:00,9,2
1703658,26,26-CAMBIO DE HERRAMIENTAS DEBIDO A DESGASTE,639,siderca\60062524,"CPT,CPA,GA15,GA12,GFC,CDS,GDS",2025-05-21 04:15:14.4202874 -03:00,1703621,2025-05-21 03:00:00.7580309 -03:00,10,1
1703713,26,26-CAMBIO DE HERRAMIENTAS DEBIDO A DESGASTE,692.437,siderca\12985,"CA15,GA15,CFC,GFC,CDT",2025-05-21 05:50:56.7798029 -03:00,1703658,2025-05-21 04:25:53.4202874 -03:00,10,0
1703746,26,26-CAMBIO DE HERRAMIENTAS DEBIDO A DESGASTE,835.5,siderca\12985,"CPA,CSR,GSR,CA15,GA15,CFC,GFC,CDS,GDS,CDT",2025-05-21 07:01:27.3037713 -03:00,1703713,2025-05-21 06:02:29.2162362 -03:00,9,0
1703787,26,26-CAMBIO DE HERRAMIENTAS DEBIDO A DESGASTE,691.894,siderca\12985,"CPT,CA15,GA15,GFC,CDS,GDS,CDT",2025-05-21 08:22:53.2415046 -03:00,1703746,2025-05-21 07:15:22.8038469 -03:00,10,0
1703847,26,26-CAMBIO DE HERRAMIENTAS DEBIDO A DESGASTE,900.53,siderca\12985,"CPA,CA15,GA15,CFC,GFC,CDS,GDS,CDT",2025-05-21 09:48:31.9250324 -03:00,1703787,2025-05-21 08:34:25.1359150 -03:00,9,1
1703879,26,26-CAMBIO DE HERRAMIENTAS DEBIDO A DESGASTE,419.095,siderca\12985,"CPA,CFC,GFC,CDT",2025-05-21 11:17:24.8198140 -03:00,1703847,2025-05-21 10:03:32.4551196 -03:00,10,0
1703910,26,26-CAMBIO DE HERRAMIENTAS DEBIDO A DESGASTE,616.626,siderca\12985,"CPT,CPA,CA15,GA15,CDS,GDS,CDT",2025-05-21 12:26:59.7579764 -03:00,1703879,2025-05-21 11:24:23.9142415 -03:00,10,0
1703959,26,26-CAMBIO DE HERRAMIENTAS DEBIDO A DESGASTE,355,siderca\60062567,"CA15,GH",2025-05-21 13:36:35.9603106 -03:00,1703910,2025-05-21 12:37:16.3832733 -03:00,8,0
1703996,26,26-CAMBIO DE HERRAMIENTAS DEBIDO A DESGASTE,508.298,siderca\60062567,"CPA,GSR,CA15,CA12,CFC,GDS,CDT,CH,GH",2025-05-21 14:54:52.4157126 -03:00,1703959,2025-05-21 13:42:30.9603106 -03:00,13,1
1704034,26,26-CAMBIO DE HERRAMIENTAS DEBIDO A DESGASTE,395.423,siderca\60062567,"CA15,GH",2025-05-21 16:13:33.8168650 -03:00,1703996,2025-05-21 15:03:20.7134118 -03:00,11,0
1704068,26,26-CAMBIO DE HERRAMIENTAS DEBIDO A DESGASTE,346.397,siderca\60062567,"CA15,GH",2025-05-21 17:24:02.4104451 -03:00,1704034,2025-05-21 16:20:09.2392499 -03:00,10,0
1704106,26,26-CAMBIO DE HERRAMIENTAS DEBIDO A DESGASTE,280.819,siderca\60062567,"CPA,GSR,CA15,GH",2025-05-21 18:43:22.4153263 -03:00,1704068,2025-05-21 17:29:48.8070843 -03:00,10,0
1704139,26,26-CAMBIO DE HERRAMIENTAS DEBIDO A DESGASTE,420.939,siderca\60062567,"CA15,CA12,GA12,CFC,GDS,CDT,GH",2025-05-21 19:45:36.5456154 -03:00,1704106,2025-05-21 18:48:03.2343143 -03:00,10,0
1704186,26,26-CAMBIO DE HERRAMIENTAS DEBIDO A DESGASTE,585.779,siderca\60062291,"CA15,CA12",2025-05-21 21:00:00.0000000 -03:00,1704139,2025-05-21 19:52:37.4843477 -03:00,11,1
1704259,26,26-CAMBIO DE HERRAMIENTAS DEBIDO A DESGASTE,900.905,siderca\60062291,"CPT,CPA,CSR,GA15,GA12,GFC,GDS",2025-05-21 22:11:37.4668406 -03:00,1704186,2025-05-21 21:09:45.7797110 -03:00,10,0
1704267,26,26-CAMBIO DE HERRAMIENTAS DEBIDO A DESGASTE,256.56,siderca\60062291,"GA15,GA12",2025-05-21 23:40:21.6577646 -03:00,1704259,2025-05-21 22:26:38.3716136 -03:00,9,0
1704333,26,26-CAMBIO DE HERRAMIENTAS DEBIDO A DESGASTE,859.964,siderca\60062291,"CPA,GA15,GA12,GFC,CDS,GDS",2025-05-22 01:53:45.8065390 -03:00,1704267,2025-05-21 23:44:38.2178235 -03:00,10,0
1704368,26,26-CAMBIO DE HERRAMIENTAS DEBIDO A DESGASTE,526.715,siderca\60062291,"CPT,GSR,CA15,CA12",2025-05-22 03:06:24.3329640 -03:00,1704333,2025-05-22 02:08:05.7701618 -03:00,10,0
1704388,26,26-CAMBIO DE HERRAMIENTAS DEBIDO A DESGASTE,953.492,siderca\60062291,"CPA,GA15,GA12,GFC,GDS",2025-05-22 04:01:31.5032562 -03:00,1704368,2025-05-22 03:15:11.0475478 -03:00,7,0
1704458,26,26-CAMBIO DE HERRAMIENTAS DEBIDO A DESGASTE,300.765,siderca\12985,"CA15,GA15,CDT",2025-05-22 05:30:02.8857543 -03:00,1704388,2025-05-22 04:17:24.9956440 -03:00,9,0
1704536,26,26-CAMBIO DE HERRAMIENTAS DEBIDO A DESGASTE,509.486,siderca\12985,"CA15,GA15,CDS,GDS,CDT",2025-05-22 08:35:57.9148746 -03:00,1704458,2025-05-22 05:35:03.6501796 -03:00,15,0
1704552,26,26-CAMBIO DE HERRAMIENTAS DEBIDO A DESGASTE,483.132,siderca\13066,"CPT,CSR,GSR",2025-05-22 09:10:20.1238849 -03:00,1704536,2025-05-22 08:44:27.4003816 -03:00,4,0
1704585,26,26-CAMBIO DE HERRAMIENTAS DEBIDO A DESGASTE,601,siderca\13066,"CA15,GA15,CFC,GFC,CDS,GDS,CDT",2025-05-22 10:39:12.2905659 -03:00,1704552,2025-05-22 09:18:23.2554963 -03:00,7,0
1704627,26,26-CAMBIO DE HERRAMIENTAS DEBIDO A DESGASTE,553.224,siderca\12985,"CPA,CA15,GA15,CFC,GFC,CDT",2025-05-22 12:08:30.5885086 -03:00,1704585,2025-05-22 10:49:13.2905659 -03:00,10,0
1704680,26,26-CAMBIO DE HERRAMIENTAS DEBIDO A DESGASTE,324.873,siderca\60062567,"CPT,CSR,CA15,GH",2025-05-22 13:27:40.8797797 -03:00,1704627,2025-05-22 12:17:43.8129995 -03:00,10,0
1704704,26,26-CAMBIO DE HERRAMIENTAS DEBIDO A DESGASTE,682.23,siderca\60062567,"CA15,GA12,CFC,GDS,CDT,GH",2025-05-22 14:35:19.7856693 -03:00,1704680,2025-05-22 13:33:05.7529290 -03:00,10,0
1704746,26,26-CAMBIO DE HERRAMIENTAS DEBIDO A DESGASTE,289.176,siderca\60062567,"CA15,GH",2025-05-22 15:51:53.8975535 -03:00,1704704,2025-05-22 14:46:42.0159534 -03:00,10,0
1704784,26,26-CAMBIO DE HERRAMIENTAS DEBIDO A DESGASTE,493.4,siderca\60062567,"CA15,GA12,CFC,GDS,CDT,GH",2025-05-22 17:00:44.5707931 -03:00,1704746,2025-05-22 15:56:43.0730863 -03:00,9,0
1704823,26,26-CAMBIO DE HERRAMIENTAS DEBIDO A DESGASTE,383.546,siderca\60062567,"CA15,GH",2025-05-22 18:18:17.0476319 -03:00,1704784,2025-05-22 17:08:57.9708080 -03:00,9,2
1704854,26,26-CAMBIO DE HERRAMIENTAS DEBIDO A DESGASTE,480.182,siderca\60062567,"CA15,GA12,CFC,GDS,CDT,GH",2025-05-22 19:34:53.6147641 -03:00,1704823,2025-05-22 18:24:40.5935311 -03:00,10,0
1704901,26,26-CAMBIO DE HERRAMIENTAS DEBIDO A DESGASTE,762.979,siderca\60062291,"CSR,GSR,CA15,CA12,GA12",2025-05-22 21:00:00.0000000 -03:00,1704854,2025-05-22 19:42:53.7969349 -03:00,12,0
1704947,26,26-CAMBIO DE HERRAMIENTAS DEBIDO A DESGASTE,808,siderca\60062291,"CPT,CPA,GSR,GA15,GA12,GFC,GDS",2025-05-22 22:19:26.9498837 -03:00,1704901,2025-05-22 21:12:42.9793379 -03:00,10,0
1704986,26,26-CAMBIO DE HERRAMIENTAS DEBIDO A DESGASTE,324,siderca\60062291,"GA15,CA12,GA12",2025-05-22 23:45:39.9732160 -03:00,1704947,2025-05-22 22:32:54.9498837 -03:00,9,0
1705012,26,26-CAMBIO DE HERRAMIENTAS DEBIDO A DESGASTE,549.567,siderca\60062291,"CPA,GA15,GA12,GFC,GDS",2025-05-23 00:56:05.8658668 -03:00,1704986,2025-05-22 23:51:03.9732160 -03:00,10,0
1705069,26,26-CAMBIO DE HERRAMIENTAS DEBIDO A DESGASTE,660.271,siderca\60062291,"CPT,GSR,CA15,CA12,GA12",2025-05-23 02:23:41.2532462 -03:00,1705012,2025-05-23 01:05:15.4322661 -03:00,8,3
1705083,26,26-CAMBIO DE HERRAMIENTAS DEBIDO A DESGASTE,659.26,siderca\60062291,"CPA,GA15,CA12,GA12,GFC,GDS",2025-05-23 03:39:45.6186219 -03:00,1705069,2025-05-23 02:34:41.5242550 -03:00,10,0
1705134,26,26-CAMBIO DE HERRAMIENTAS DEBIDO A DESGASTE,646,siderca\12985,"CPA,CA15,GA15,CDS,GDS,CDT",2025-05-23 05:13:29.3035774 -03:00,1705083,2025-05-23 03:50:44.8787070 -03:00,9,0
1705166,26,26-CAMBIO DE HERRAMIENTAS DEBIDO A DESGASTE,701,siderca\12985,"CPT,CSR,GSR,CA15,GA15,CFC,GFC,CDT",2025-05-23 06:35:49.8771282 -03:00,1705134,2025-05-23 05:24:15.3035774 -03:00,10,0
1705195,26,26-CAMBIO DE HERRAMIENTAS DEBIDO A DESGASTE,772.231,siderca\12985,"CPA,CA15,GA15,CFC,GFC,CDS,GDS,CDT",2025-05-23 08:09:39.5105270 -03:00,1705166,2025-05-23 06:47:30.8771282 -03:00,11,0
1705231,26,26-CAMBIO DE HERRAMIENTAS DEBIDO A DESGASTE,556,siderca\12985,"CPA,CA15,GA15,CDT",2025-05-23 09:55:35.3283711 -03:00,1705195,2025-05-23 08:22:31.7412448 -03:00,10,0
1705264,26,26-CAMBIO DE HERRAMIENTAS DEBIDO A DESGASTE,746.991,siderca\12985,"CPT,CSR,GSR,CA15,GA15,CDS,GDS,CDT",2025-05-23 11:20:21.7706002 -03:00,1705231,2025-05-23 10:04:51.3283711 -03:00,9,0
1705291,26,26-CAMBIO DE HERRAMIENTAS DEBIDO A DESGASTE,516.745,siderca\12985,"CPA,CA15,GA15,CDT",2025-05-23 12:39:07.7994795 -03:00,1705264,2025-05-23 11:32:48.7615807 -03:00,10,0
1705349,26,26-CAMBIO DE HERRAMIENTAS DEBIDO A DESGASTE,458,siderca\60062524,"GA15,CA12,GFC,CDS,GDS",2025-05-23 14:12:29.5732927 -03:00,1705291,2025-05-23 12:47:44.5443330 -03:00,10,0
1705391,26,26-CAMBIO DE HERRAMIENTAS DEBIDO A DESGASTE,772.742,siderca\60062524,"CPT,CPA,GSR,GA15,GA12,GFC,CDT",2025-05-23 15:49:03.6100016 -03:00,1705349,2025-05-23 14:20:07.5732927 -03:00,10,0
1705446,26,26-CAMBIO DE HERRAMIENTAS DEBIDO A DESGASTE,384,siderca\60062524,"GA15,GFC,CDS,GDS",2025-05-23 17:41:55.6956339 -03:00,1705391,2025-05-23 16:01:56.3529648 -03:00,9,0
1705486,26,26-CAMBIO DE HERRAMIENTAS DEBIDO A DESGASTE,486.085,siderca\60062524,"CPA,GA15,GA12,CFC,GFC,CDT",2025-05-23 19:10:20.3049006 -03:00,1705446,2025-05-23 17:48:19.6956339 -03:00,10,0
1705523,26,26-CAMBIO DE HERRAMIENTAS DEBIDO A DESGASTE,729.911,siderca\60062524,"CPT,CPA,GSR,GA12,CFC,CDS,GDS",2025-05-23 20:31:12.4589247 -03:00,1705486,2025-05-23 19:18:26.3895390 -03:00,10,1
1705579,26,26-CAMBIO DE HERRAMIENTAS DEBIDO A DESGASTE,337.328,siderca\60062291,"GA15,GA12",2025-05-23 22:17:01.6432795 -03:00,1705523,2025-05-23 20:43:22.3696417 -03:00,9,0
1705613,26,26-CAMBIO DE HERRAMIENTAS DEBIDO A DESGASTE,840.647,siderca\60062291,"CPT,CPA,GSR,GA15,GA12,CFC,GFC,CDS,GDS",2025-05-23 23:30:06.3083711 -03:00,1705579,2025-05-23 22:22:38.9715628 -03:00,9,0
1705647,26,26-CAMBIO DE HERRAMIENTAS DEBIDO A DESGASTE,307.108,siderca\60062291,"GA15,CA12,GA12",2025-05-24 00:53:55.6071444 -03:00,1705613,2025-05-23 23:44:06.9552398 -03:00,10,0
1705676,26,26-CAMBIO DE HERRAMIENTAS DEBIDO A DESGASTE,842.173,siderca\60062291,"CPA,GA15,GA12,GFC,GDS",2025-05-24 02:03:23.4643652 -03:00,1705647,2025-05-24 00:59:02.7157492 -03:00,10,2
1705722,26,26-CAMBIO DE HERRAMIENTAS DEBIDO A DESGASTE,625.156,siderca\60062291,"CPT,GSR,GA15,CA12,GA12",2025-05-24 03:40:27.6720581 -03:00,1705676,2025-05-24 02:17:25.6371110 -03:00,10,0
1706782,26,26-CAMBIO DE HERRAMIENTAS DEBIDO A DESGASTE,660.915,siderca\12985,"CPA,CA15,GA15,CFC,GFC,CDS,GDS,CDT",2025-05-24 05:04:36.0806308 -03:00,1705722,2025-05-24 03:50:52.8283622 -03:00,9,0
1706828,26,26-CAMBIO DE HERRAMIENTAS DEBIDO A DESGASTE,480.631,siderca\12985,"CPT,CSR,GSR,CA15,GA15,CDT",2025-05-24 06:22:38.6162208 -03:00,1706782,2025-05-24 05:15:36.9950469 -03:00,10,0
1706852,26,26-CAMBIO DE HERRAMIENTAS DEBIDO A DESGASTE,583.712,siderca\12985,"CPA,CA15,GA15,CFC,CDS,GDS,CDT",2025-05-24 07:48:08.7670448 -03:00,1706828,2025-05-24 06:30:39.2474391 -03:00,10,0
1706882,26,26-CAMBIO DE HERRAMIENTAS DEBIDO A DESGASTE,443.55,siderca\12985,"CPA,CA15,GA15,CDT",2025-05-24 09:00:12.4204464 -03:00,1706852,2025-05-24 07:57:52.4793808 -03:00,10,0
1706922,26,26-CAMBIO DE HERRAMIENTAS DEBIDO A DESGASTE,780.358,siderca\12985,"CPT,CPA,CSR,GSR,CA15,GA15,CFC,CDS,GDS,CDT",2025-05-24 10:13:10.2168457 -03:00,1706882,2025-05-24 09:07:35.9703093 -03:00,10,0
1706955,26,26-CAMBIO DE HERRAMIENTAS DEBIDO A DESGASTE,381.47,siderca\12985,"CA15,GA15,CDT",2025-05-24 11:32:45.6704728 -03:00,1706922,2025-05-24 10:26:10.5741284 -03:00,9,0
1706981,26,26-CAMBIO DE HERRAMIENTAS DEBIDO A DESGASTE,450.869,siderca\12985,"CPA,CA15,GA15,CDT",2025-05-24 12:35:24.5632246 -03:00,1706955,2025-05-24 11:39:07.1401131 -03:00,9,0
1707036,26,26-CAMBIO DE HERRAMIENTAS DEBIDO A DESGASTE,832,siderca\60062524,"CPT,CPA,GSR,GA15,CA12,CFC,CDS,GDS,CDT",2025-05-24 14:12:29.1712289 -03:00,1706981,2025-05-24 12:42:55.4328182 -03:00,9,0
1707098,26,26-CAMBIO DE HERRAMIENTAS DEBIDO A DESGASTE,612.99,siderca\60062524,"GA15,GA12,GFC,CDS,GDS,CDT",2025-05-24 15:58:43.2126925 -03:00,1707036,2025-05-24 14:26:21.1712289 -03:00,11,0
1707172,26,26-CAMBIO DE HERRAMIENTAS DEBIDO A DESGASTE,790.046,siderca\60062524,"CPT,CPA,GSR,GA15,CA12,CFC,CDS,GDS,CDT",2025-05-24 18:21:19.7710106 -03:00,1707098,2025-05-24 16:08:56.2020239 -03:00,10,0
1707213,26,26-CAMBIO DE HERRAMIENTAS DEBIDO A DESGASTE,578.953,siderca\60062524,"GA15,CA12,CFC,GFC,CDS,GDS,CDT",2025-05-24 19:54:27.4955868 -03:00,1707172,2025-05-24 18:34:29.8177449 -03:00,10,1
1707262,26,26-CAMBIO DE HERRAMIENTAS DEBIDO A DESGASTE,941,siderca\60062524,"CPT,CPA,GSR,CA15,GA15,GA12,GFC,CDS,GDS",2025-05-24 21:12:26.1629521 -03:00,1707213,2025-05-24 20:04:06.4489942 -03:00,10,1
1707310,26,26-CAMBIO DE HERRAMIENTAS DEBIDO A DESGASTE,311,siderca\60062524,"CA15,GA15,CA12,GA12",2025-05-24 22:51:18.0599349 -03:00,1707262,2025-05-24 21:28:07.1629521 -03:00,10,0
1707330,26,26-CAMBIO DE HERRAMIENTAS DEBIDO A DESGASTE,669.594,siderca\60062524,"CPA,GA15,GA12,CFC,GFC,CDS,GDS",2025-05-24 23:43:21.5629560 -03:00,1707310,2025-05-24 22:56:29.0599349 -03:00,7,0
1707366,26,26-CAMBIO DE HERRAMIENTAS DEBIDO A DESGASTE,360.382,siderca\60062291,"CPT,CSR,GA15,CA12,GA12",2025-05-25 00:54:00.2096257 -03:00,1707330,2025-05-24 23:54:31.1562938 -03:00,7,1
1707423,26,26-CAMBIO DE HERRAMIENTAS DEBIDO A DESGASTE,836.422,siderca\60062291,"CPA,GA15,GA12,GFC,GDS",2025-05-25 02:54:43.2699352 -03:00,1707366,2025-05-25 01:00:00.5910076 -03:00,10,0
1707477,26,26-CAMBIO DE HERRAMIENTAS DEBIDO A DESGASTE,298.938,siderca\60062291,"CA15,GA15,CA12,GA12",2025-05-25 04:37:52.2537134 -03:00,1707423,2025-05-25 03:08:39.6918703 -03:00,10,0
1707534,26,26-CAMBIO DE HERRAMIENTAS DEBIDO A DESGASTE,1000.059,siderca\60062524,"CPT,CPA,GSR,GA15,GA12,CFC,CDS,GDS,CDT",2025-05-25 21:00:00.0000000 -03:00,1707477,2025-05-25 04:42:51.1910978 -03:00,0,0
1707605,26,26-CAMBIO DE HERRAMIENTAS DEBIDO A DESGASTE,379,siderca\60062524,"GA15,GFC,CDT",2025-05-25 23:29:03.3173898 -03:00,1707534,2025-05-25 21:16:40.0596115 -03:00,10,0
1707674,26,26-CAMBIO DE HERRAMIENTAS DEBIDO A DESGASTE,600.344,siderca\60062524,"CPA,GA15,GA12,CFC,GFC,CDT",2025-05-26 01:26:01.5161500 -03:00,1707605,2025-05-25 23:35:22.3173898 -03:00,11,2
1707704,26,26-CAMBIO DE HERRAMIENTAS DEBIDO A DESGASTE,651.703,siderca\60062524,"CPT,CSR,GSR,GA15,GA12,GFC",2025-05-26 02:45:50.7205564 -03:00,1707674,2025-05-26 01:36:01.8605159 -03:00,9,0
1707737,26,26-CAMBIO DE HERRAMIENTAS DEBIDO A DESGASTE,528.389,siderca\60062524,"CPA,GA15,GA12,CFC,GFC,CDS,GDS",2025-05-26 03:58:55.5792724 -03:00,1707704,2025-05-26 02:56:42.4238294 -03:00,9,0
1707803,26,26-CAMBIO DE HERRAMIENTAS DEBIDO A DESGASTE,240.798,siderca\60062567,"CA15,GH",2025-05-26 05:31:38.6222431 -03:00,1707737,2025-05-26 04:07:43.9680976 -03:00,9,0
1707829,26,26-CAMBIO DE HERRAMIENTAS DEBIDO A DESGASTE,595,siderca\60062567,"CPT,CPA,CSR,GSR,GA15,GA12,CFC,GDS,CDT,GH",2025-05-26 06:37:51.7500840 -03:00,1707803,2025-05-26 05:35:39.4209154 -03:00,9,0
1707875,26,26-CAMBIO DE HERRAMIENTAS DEBIDO A DESGASTE,263.888,siderca\60062567,"CA15,GH",2025-05-26 08:12:41.8498253 -03:00,1707829,2025-05-26 06:47:46.7500840 -03:00,11,0
1707901,26,26-CAMBIO DE HERRAMIENTAS DEBIDO A DESGASTE,643.063,siderca\60062567,"CPA,GA15,GA12,CFC,GDS,CDT,GH",2025-05-26 09:19:17.7983889 -03:00,1707875,2025-05-26 08:17:05.7376485 -03:00,9,0
1707933,26,26-CAMBIO DE HERRAMIENTAS DEBIDO A DESGASTE,449.429,siderca\60062567,"CPA,GSR,GA15,GH",2025-05-26 10:33:55.6213673 -03:00,1707901,2025-05-26 09:30:00.8615305 -03:00,8,1
1708039,26,26-CAMBIO DE HERRAMIENTAS DEBIDO A DESGASTE,300.639,siderca\60062524,"GA15,GA12,CFC,GFC",2025-05-26 14:02:31.3666920 -03:00,1707933,2025-05-26 10:41:25.0502657 -03:00,20,0
1708063,26,26-CAMBIO DE HERRAMIENTAS DEBIDO A DESGASTE,879.549,siderca\60062524,"CPT,CPA,CSR,GSR,GA15,CA12,CFC,GFC,CDS,GDS,CDT",2025-05-26 15:21:25.7458857 -03:00,1708039,2025-05-26 14:07:32.0050839 -03:00,8,0
1708123,26,26-CAMBIO DE HERRAMIENTAS DEBIDO A DESGASTE,421.663,siderca\60062524,"GA15,GA12,CFC,GFC",2025-05-26 17:30:26.2069342 -03:00,1708063,2025-05-26 15:36:05.2943550 -03:00,11,4
1708157,26,26-CAMBIO DE HERRAMIENTAS DEBIDO A DESGASTE,567,siderca\60062524,"CPA,GA15,GA12,GFC,CDS,GDS",2025-05-26 18:45:13.9532689 -03:00,1708123,2025-05-26 17:37:27.8690325 -03:00,9,0
1708192,26,26-CAMBIO DE HERRAMIENTAS DEBIDO A DESGASTE,589,siderca\60062524,"CPT,CSR,GSR,GA15,GA12,GFC,CDT",2025-05-26 20:07:20.7778408 -03:00,1708157,2025-05-26 18:54:40.9532689 -03:00,10,0
1708244,26,26-CAMBIO DE HERRAMIENTAS DEBIDO A DESGASTE,611,siderca\60062291,"CPA,GA15,GA12,GFC,GDS",2025-05-26 21:42:23.3858200 -03:00,1708192,2025-05-26 20:17:09.7778408 -03:00,10,0
1708282,26,26-CAMBIO DE HERRAMIENTAS DEBIDO A DESGASTE,298.537,siderca\60062291,"GA15,GA12",2025-05-26 22:59:09.6655110 -03:00,1708244,2025-05-26 21:52:34.3858200 -03:00,10,0
1708317,26,26-CAMBIO DE HERRAMIENTAS DEBIDO A DESGASTE,824.943,siderca\60062291,"CPT,CPA,GSR,CA15,GA15,CA12,GA12,GFC,GDS",2025-05-27 00:18:29.4758315 -03:00,1708282,2025-05-26 23:04:08.2027422 -03:00,9,1
1708354,26,26-CAMBIO DE HERRAMIENTAS DEBIDO A DESGASTE,349.28,siderca\60062291,"CA15,GA15,GA12",2025-05-27 01:55:55.8668051 -03:00,1708317,2025-05-27 00:32:14.4180900 -03:00,10,0
1708394,26,26-CAMBIO DE HERRAMIENTAS DEBIDO A DESGASTE,720.09,siderca\60062291,"CPA,GA15,CA12,GA12,GFC,CDS,GDS",2025-05-27 03:15:03.4777306 -03:00,1708354,2025-05-27 02:01:45.1465855 -03:00,9,0
1708461,26,26-CAMBIO DE HERRAMIENTAS DEBIDO A DESGASTE,1335.22,siderca\60062567,"CPT,CPA,GSR,GA15,GA12,GFC,GDS",2025-05-27 05:30:53.8529687 -03:00,1708394,2025-05-27 03:27:03.5678203 -03:00,9,1
1708532,26,26-CAMBIO DE HERRAMIENTAS DEBIDO A DESGASTE,553.49,siderca\60062567,"GA15,GA12,GFC,GDS,GH",2025-05-27 07:53:51.9776010 -03:00,1708461,2025-05-27 05:53:09.0723066 -03:00,9,0
1708693,26,26-CAMBIO DE HERRAMIENTAS DEBIDO A DESGASTE,900,siderca\60062524,"CPA,CSR,GSR,GA15,GA12,GFC,GDS,CDT",2025-05-27 13:32:48.6130486 -03:00,1708532,2025-05-27 08:03:05.4671679 -03:00,19,8
1708742,26,26-CAMBIO DE HERRAMIENTAS DEBIDO A DESGASTE,300,siderca\60062524,"GA15,GA12,GFC",2025-05-27 15:27:46.6588571 -03:00,1708693,2025-05-27 13:47:48.6130486 -03:00,11,1
1708811,26,26-CAMBIO DE HERRAMIENTAS DEBIDO A DESGASTE,720.691,siderca\60062524,"CPA,GA15,GA12,CFC,GFC,CDS,GDS,CDT",2025-05-27 17:35:06.6580253 -03:00,1708742,2025-05-27 15:32:46.6588571 -03:00,15,0
1708875,26,26-CAMBIO DE HERRAMIENTAS DEBIDO A DESGASTE,693.737,siderca\60062524,"CPT,CSR,GSR,GA15,GA12,GFC",2025-05-27 19:18:34.7948524 -03:00,1708811,2025-05-27 17:47:07.3493407 -03:00,8,0
1708929,26,26-CAMBIO DE HERRAMIENTAS DEBIDO A DESGASTE,695.213,siderca\60062524,"CPA,GDS,CDT",2025-05-27 20:42:52.0163045 -03:00,1708875,2025-05-27 19:30:08.5318358 -03:00,9,0
1708984,26,26-CAMBIO DE HERRAMIENTAS DEBIDO A DESGASTE,780.968,siderca\60062524,"CA15,GA15,CA12,CFC,GFC,CDT",2025-05-27 22:10:59.2835590 -03:00,1708929,2025-05-27 20:54:27.2299578 -03:00,5,0
1709005,26,26-CAMBIO DE HERRAMIENTAS DEBIDO A DESGASTE,1112.059,siderca\60062524,"CPT,CPA,CSR,GSR,CA15,GA15,GA12,CFC,GFC,GDS",2025-05-27 23:28:46.0971228 -03:00,1708984,2025-05-27 22:24:00.2512407 -03:00,9,1
1709043,26,26-CAMBIO DE HERRAMIENTAS DEBIDO A DESGASTE,653.275,siderca\13310,CDT,2025-05-28 01:07:20.3843798 -03:00,1709005,2025-05-27 23:47:18.1563979 -03:00,11,0
1709067,26,26-CAMBIO DE HERRAMIENTAS DEBIDO A DESGASTE,802.147,siderca\13310,"CPA,GFC,GDS,CDT",2025-05-28 02:22:43.6374478 -03:00,1709043,2025-05-28 01:18:13.6594338 -03:00,9,0
1709118,26,26-CAMBIO DE HERRAMIENTAS DEBIDO A DESGASTE,525,siderca\13310,"CPA,CDT",2025-05-28 04:36:24.2992917 -03:00,1709067,2025-05-28 02:36:05.7848314 -03:00,13,4
1709156,26,26-CAMBIO DE HERRAMIENTAS DEBIDO A DESGASTE,787,siderca\60062257,"CPT,CPA,GSR,CA15,CFC,GDS,CDT",2025-05-28 05:31:12.8021011 -03:00,1709118,2025-05-28 04:45:09.2992917 -03:00,3,0
1709236,26,26-CAMBIO DE HERRAMIENTAS DEBIDO A DESGASTE,454,siderca\60062257,"CFC,CDT",2025-05-28 08:29:30.3398286 -03:00,1709156,2025-05-28 05:44:19.8021011 -03:00,12,0
1709298,26,26-CAMBIO DE HERRAMIENTAS DEBIDO A DESGASTE,629.485,siderca\60062257,"CA15,CFC,GDS,CDT",2025-05-28 10:45:10.2972578 -03:00,1709236,2025-05-28 08:37:04.3398286 -03:00,9,0
1709358,26,26-CAMBIO DE HERRAMIENTAS DEBIDO A DESGASTE,407.882,siderca\60062257,"GSR,CFC,CDT",2025-05-28 12:44:02.2641788 -03:00,1709298,2025-05-28 10:55:39.7821178 -03:00,9,0
1709426,26,26-CAMBIO DE HERRAMIENTAS DEBIDO A DESGASTE,832.038,siderca\60062524,"CPT,CPA,GA15,GA12,GFC,CDS,GDS,CDT",2025-05-28 14:14:13.0095399 -03:00,1709358,2025-05-28 12:50:50.1465086 -03:00,10,0
1709470,26,26-CAMBIO DE HERRAMIENTAS DEBIDO A DESGASTE,441.336,siderca\60062524,"GA15,CA12,GFC",2025-05-28 15:41:20.5425946 -03:00,1709426,2025-05-28 14:28:05.0473120 -03:00,10,0
1709503,26,26-CAMBIO DE HERRAMIENTAS DEBIDO A DESGASTE,972.5,siderca\60062524,"CPA,GSR,CA15,GA15,GA12,CFC,GFC,CDS,GDS,CDT",2025-05-28 16:52:49.1048414 -03:00,1709470,2025-05-28 15:48:41.8780154 -03:00,9,0
1709555,26,26-CAMBIO DE HERRAMIENTAS DEBIDO A DESGASTE,440.897,siderca\60062524,"CPT,GA15,GFC,CDT",2025-05-28 18:45:07.5225782 -03:00,1709503,2025-05-28 17:09:01.6041249 -03:00,10,6
1709601,26,26-CAMBIO DE HERRAMIENTAS DEBIDO A DESGASTE,654.92,siderca\60062524,"CPA,CA15,GA15,GA12,GFC,CDS,GDS,CDT",2025-05-28 20:17:58.9073819 -03:00,1709555,2025-05-28 18:52:28.4193126 -03:00,10,0
1709663,26,26-CAMBIO DE HERRAMIENTAS DEBIDO A DESGASTE,932.596,siderca\60062524,"CPT,CSR,GSR,CA15,GA15,GFC,CDT",2025-05-28 21:47:02.7714682 -03:00,1709601,2025-05-28 20:28:53.8276534 -03:00,9,0
1709710,26,26-CAMBIO DE HERRAMIENTAS DEBIDO A DESGASTE,600,siderca\60062524,"CPA,GA15,CFC,GFC,CDS,GDS,CDT",2025-05-28 23:08:43.7936441 -03:00,1709663,2025-05-28 22:02:35.3670640 -03:00,6,0
1709756,26,26-CAMBIO DE HERRAMIENTAS DEBIDO A DESGASTE,170.961,siderca\60062524,"GA15,GFC,CDT",2025-05-29 00:42:30.5909894 -03:00,1709710,2025-05-28 23:18:43.7936441 -03:00,11,0
1709800,26,26-CAMBIO DE HERRAMIENTAS DEBIDO A DESGASTE,1046,siderca\13310,"CPT,CPA,CSR,GFC,GDS,CDT",2025-05-29 02:03:51.5716245 -03:00,1709756,2025-05-29 00:45:21.5519676 -03:00,10,4
1709846,26,26-CAMBIO DE HERRAMIENTAS DEBIDO A DESGASTE,375.218,siderca\13310,CPA,2025-05-29 03:38:05.6123234 -03:00,1709800,2025-05-29 02:21:17.5716245 -03:00,10,0
1709860,26,26-CAMBIO DE HERRAMIENTAS DEBIDO A DESGASTE,299.969,siderca\13310,CDT,2025-05-29 04:05:59.6329513 -03:00,1709846,2025-05-29 03:44:20.8301264 -03:00,3,0
1709919,26,26-CAMBIO DE HERRAMIENTAS DEBIDO A DESGASTE,909,siderca\60062257,"CPT,CPA,GSR,CA15,CFC,GDS,CDT",2025-05-29 05:44:38.0887883 -03:00,1709860,2025-05-29 04:10:59.6013971 -03:00,9,0
1709977,26,26-CAMBIO DE HERRAMIENTAS DEBIDO A DESGASTE,293,siderca\60062257,"CFC,CDT",2025-05-29 07:31:34.9086379 -03:00,1709919,2025-05-29 05:59:47.0887883 -03:00,10,0
1710026,26,26-CAMBIO DE HERRAMIENTAS DEBIDO A DESGASTE,1005.197,siderca\60062257,"CPA,CFC,CDS,CDT",2025-05-29 09:25:44.8672430 -03:00,1709977,2025-05-29 07:36:27.9086379 -03:00,10,0
1710065,26,26-CAMBIO DE HERRAMIENTAS DEBIDO A DESGASTE,294.323,siderca\60062257,"CPT,GSR,CFC,CDT",2025-05-29 11:04:04.5932532 -03:00,1710026,2025-05-29 09:42:30.0641805 -03:00,9,0
1710103,26,26-CAMBIO DE HERRAMIENTAS DEBIDO A DESGASTE,787.809,siderca\60062257,"CPA,CA15,CFC,GDS,CDT",2025-05-29 12:23:57.9718386 -03:00,1710065,2025-05-29 11:08:58.9165016 -03:00,12,0
1710172,26,26-CAMBIO DE HERRAMIENTAS DEBIDO A DESGASTE,240.849,siderca\60062291,"GA15,GA12",2025-05-29 14:04:20.4189524 -03:00,1710103,2025-05-29 12:37:05.7806451 -03:00,10,0
1710197,26,26-CAMBIO DE HERRAMIENTAS DEBIDO A DESGASTE,942.373,siderca\60062291,"CPT,CPA,CSR,GSR,CA15,GA15,GA12,GFC,GDS",2025-05-29 15:10:40.7234440 -03:00,1710172,2025-05-29 14:08:21.2677585 -03:00,10,0
1710236,26,26-CAMBIO DE HERRAMIENTAS DEBIDO A DESGASTE,280.278,siderca\60062291,"CA15,GA15,GA12",2025-05-29 16:34:16.6225828 -03:00,1710197,2025-05-29 15:26:23.0964582 -03:00,9,0
1710260,26,26-CAMBIO DE HERRAMIENTAS DEBIDO A DESGASTE,984.752,siderca\60062291,"CPA,GA15,CA12,CFC,GFC,CDS",2025-05-29 17:41:16.3883996 -03:00,1710236,2025-05-29 16:38:56.9008793 -03:00,9,0
1710315,26,26-CAMBIO DE HERRAMIENTAS DEBIDO A DESGASTE,334.365,siderca\60062291,"GA15,GA12",2025-05-29 19:14:37.5516463 -03:00,1710260,2025-05-29 17:57:41.1401145 -03:00,9,0
1710350,26,26-CAMBIO DE HERRAMIENTAS DEBIDO A DESGASTE,672,siderca\60062291,"CPA,CA15,GA15,GA12,CFC,GFC,GDS",2025-05-29 20:32:32.0905142 -03:00,1710315,2025-05-29 19:20:11.9164124 -03:00,9,0
1710412,26,26-CAMBIO DE HERRAMIENTAS DEBIDO A DESGASTE,890.956,siderca\13020,"CPT,GSR,GA15,CDT",2025-05-29 22:05:24.9350250 -03:00,1710350,2025-05-29 20:43:44.0905142 -03:00,10,0
1710465,26,26-CAMBIO DE HERRAMIENTAS DEBIDO A DESGASTE,661.727,siderca\13020,"CPA,GA15,GFC,GDS,CDT",2025-05-29 23:52:08.7518836 -03:00,1710412,2025-05-29 22:20:15.8918099 -03:00,8,0
1710536,26,26-CAMBIO DE HERRAMIENTAS DEBIDO A DESGASTE,1032,siderca\13310,"CPT,CPA,GSR,GFC,GDS,CDT",2025-05-30 02:36:40.6493406 -03:00,1710465,2025-05-30 00:03:10.4787388 -03:00,19,0
1710630,26,26-CAMBIO DE HERRAMIENTAS DEBIDO A DESGASTE,300.625,siderca\60062257,"CFC,CDT",2025-05-30 05:21:03.0000000 -03:00,1710536,2025-05-30 02:53:52.6493406 -03:00,14,0
1710659,26,26-CAMBIO DE HERRAMIENTAS DEBIDO A DESGASTE,704.796,siderca\60062257,"CSR,CA15,CFC,CDS,CDT",2025-05-30 06:28:26.2044528 -03:00,1710630,2025-05-30 05:26:03.6251292 -03:00,10,0
1710702,26,26-CAMBIO DE HERRAMIENTAS DEBIDO A DESGASTE,417,siderca\60062257,"CPA,GSR,CFC,CDT",2025-05-30 07:42:33.4504410 -03:00,1710659,2025-05-30 06:40:11.0008492 -03:00,10,0
1710755,26,26-CAMBIO DE HERRAMIENTAS DEBIDO A DESGASTE,653,siderca\60062257,"CPA,CA15,CFC,GDS,CDT",2025-05-30 09:04:39.8965462 -03:00,1710702,2025-05-30 07:49:30.4504410 -03:00,10,0
1710797,26,26-CAMBIO DE HERRAMIENTAS DEBIDO A DESGASTE,307.693,siderca\60062257,"CFC,CDT",2025-05-30 10:22:57.1196776 -03:00,1710755,2025-05-30 09:15:32.8965462 -03:00,10,0
1710829,26,26-CAMBIO DE HERRAMIENTAS DEBIDO A DESGASTE,831.084,siderca\60062257,"CPT,CPA,GSR,CA15,CFC,GDS,CDT",2025-05-30 11:30:26.5513787 -03:00,1710797,2025-05-30 10:28:04.8121888 -03:00,9,0
1710875,26,26-CAMBIO DE HERRAMIENTAS DEBIDO A DESGASTE,559.031,siderca\60062291,"GA15,GA12",2025-05-30 13:00:00.0000000 -03:00,1710829,2025-05-30 11:44:17.6357960 -03:00,10,1
1710919,26,26-CAMBIO DE HERRAMIENTAS DEBIDO A DESGASTE,726.208,siderca\60062291,"CPA,CA15,GA15,GA12,GFC,GDS",2025-05-30 14:22:18.0094570 -03:00,1710875,2025-05-30 13:09:19.0312805 -03:00,11,0
1710963,26,26-CAMBIO DE HERRAMIENTAS DEBIDO A DESGASTE,491.831,siderca\60062291,"CPT,GSR,CA15,GA15,GA12",2025-05-30 15:38:01.9942759 -03:00,1710919,2025-05-30 14:34:24.2177066 -03:00,9,0
1711006,26,26-CAMBIO DE HERRAMIENTAS DEBIDO A DESGASTE,640.746,siderca\60062291,"CPA,GA15,CA12,GFC,CDS",2025-05-30 16:56:17.5370870 -03:00,1710963,2025-05-30 15:46:13.8257409 -03:00,10,0
1711041,26,26-CAMBIO DE HERRAMIENTAS DEBIDO A DESGASTE,443.216,siderca\60062291,"GA15,GA12",2025-05-30 18:21:32.3280274 -03:00,1711006,2025-05-30 17:06:58.2830666 -03:00,10,0
1711072,26,26-CAMBIO DE HERRAMIENTAS DEBIDO A DESGASTE,925,siderca\60062291,"CPT,CPA,CSR,GSR,CA15,GA15,GA12,CFC,GFC,GDS",2025-05-30 19:25:05.1386620 -03:00,1711041,2025-05-30 18:28:55.5441442 -03:00,9,0
1711175,26,26-CAMBIO DE HERRAMIENTAS DEBIDO A DESGASTE,602.063,siderca\13310,"GA15,GFC,CDT",2025-05-30 22:06:59.3205735 -03:00,1711072,2025-05-30 19:40:30.1386620 -03:00,10,0
1711254,26,26-CAMBIO DE HERRAMIENTAS DEBIDO A DESGASTE,882.052,siderca\13310,"CPA,GFC,GDS,CDT",2025-05-31 01:01:09.4509907 -03:00,1711175,2025-05-30 22:17:01.3834178 -03:00,12,0
1711296,26,26-CAMBIO DE HERRAMIENTAS DEBIDO A DESGASTE,819.08,siderca\13310,"CPT,GSR,GDS,CDT",2025-05-31 02:41:10.8856807 -03:00,1711254,2025-05-31 01:15:51.5021176 -03:00,9,0
1711328,26,26-CAMBIO DE HERRAMIENTAS DEBIDO A DESGASTE,950.022,siderca\13310,"CPA,GFC,GDS,CDT",2025-05-31 04:05:17.5577564 -03:00,1711296,2025-05-31 02:54:49.9652800 -03:00,10,0
1711437,26,26-CAMBIO DE HERRAMIENTAS DEBIDO A DESGASTE,960.812,siderca\60062524,"CPT,CPA,CSR,GSR,GA15,GA12,CFC,GFC,GDS,CDT",2025-05-31 06:39:36.6685170 -03:00,1711328,2025-05-31 04:21:07.5799580 -03:00,13,3
1711528,26,26-CAMBIO DE HERRAMIENTAS DEBIDO A DESGASTE,514.89,siderca\60062524,"GA15,GA12,CFC,GFC,CDT",2025-05-31 10:23:21.3364678 -03:00,1711437,2025-05-31 06:55:37.4801701 -03:00,13,1
1711574,26,26-CAMBIO DE HERRAMIENTAS DEBIDO A DESGASTE,768.679,siderca\60062524,"CPT,CSR,GSR,GA15,GA12,GFC,CDS,GDS,CDT",2025-05-31 11:47:42.8577097 -03:00,1711528,2025-05-31 10:31:56.2265148 -03:00,10,0
1711628,26,26-CAMBIO DE HERRAMIENTAS DEBIDO A DESGASTE,660.169,siderca\60062291,"CPA,GA15,GA12,CFC,GFC,CDS,GDS",2025-05-31 13:14:53.9791551 -03:00,1711574,2025-05-31 12:00:31.5369979 -03:00,9,0
1711677,26,26-CAMBIO DE HERRAMIENTAS DEBIDO A DESGASTE,328.407,siderca\60062291,"CA15,GA12",2025-05-31 14:33:57.5013948 -03:00,1711628,2025-05-31 13:25:54.1488409 -03:00,9,0
1711701,26,26-CAMBIO DE HERRAMIENTAS DEBIDO A DESGASTE,912.339,siderca\60062291,"CPT,CPA,CSR,GSR,GA15,CA12,GFC,GDS",2025-05-31 15:34:16.6095477 -03:00,1711677,2025-05-31 14:39:25.9085988 -03:00,8,0
1711736,26,26-CAMBIO DE HERRAMIENTAS DEBIDO A DESGASTE,300.634,siderca\60062291,"GA15,GA12",2025-05-31 17:01:39.2314293 -03:00,1711701,2025-05-31 15:49:28.9482129 -03:00,8,0
1711779,26,26-CAMBIO DE HERRAMIENTAS DEBIDO A DESGASTE,853.372,siderca\60062291,"CPA,GA15,GA12,GFC,CDS,GDS",2025-05-31 18:36:41.3408082 -03:00,1711736,2025-05-31 17:06:39.8657375 -03:00,12,0
1711822,26,26-CAMBIO DE HERRAMIENTAS DEBIDO A DESGASTE,600.398,siderca\60062291,"CPT,CSR,GSR,CA15,GA12",2025-05-31 19:48:46.1841019 -03:00,1711779,2025-05-31 18:50:54.7124372 -03:00,7,0
1711884,26,26-CAMBIO DE HERRAMIENTAS DEBIDO A DESGASTE,876.719,siderca\13020,"CPA,GA15,GFC,GDS,CDT",2025-05-31 21:32:28.2751594 -03:00,1711822,2025-05-31 19:58:46.5825662 -03:00,9,0
1711924,26,26-CAMBIO DE HERRAMIENTAS DEBIDO A DESGASTE,321.456,siderca\13020,GA15,2025-05-31 23:03:13.4167400 -03:00,1711884,2025-05-31 21:47:04.9945120 -03:00,10,0
1711951,26,26-CAMBIO DE HERRAMIENTAS DEBIDO A DESGASTE,1022.321,siderca\13020,"CPT,CPA,GSR,GA15,GFC,GDS,CDT",2025-06-01 00:11:45.7073764 -03:00,1711924,2025-05-31 23:08:34.8727518 -03:00,8,0
1711987,26,26-CAMBIO DE HERRAMIENTAS DEBIDO A DESGASTE,358.105,siderca\13310,CDT,2025-06-01 01:44:36.4192051 -03:00,1711951,2025-06-01 00:28:48.0286682 -03:00,11,0
1712016,26,26-CAMBIO DE HERRAMIENTAS DEBIDO A DESGASTE,1058.016,siderca\13310,"CPT,CPA,GFC,GDS,CDT",2025-06-01 02:59:52.9095953 -03:00,1711987,2025-06-01 01:50:34.5248275 -03:00,10,1
1712103,26,26-CAMBIO DE HERRAMIENTAS DEBIDO A DESGASTE,600.066,siderca\60062524,"CSR,GSR,GA15,GA12,GFC,CDT",2025-06-01 05:19:37.5635557 -03:00,1712016,2025-06-01 03:17:30.9250317 -03:00,11,0
1712150,26,26-CAMBIO DE HERRAMIENTAS DEBIDO A DESGASTE,720.068,siderca\60062524,"CPT,CPA,GA15,GA12,GFC,GDS,CDT",2025-06-01 06:45:14.2798562 -03:00,1712103,2025-06-01 05:29:37.6291163 -03:00,9,0
1712181,26,26-CAMBIO DE HERRAMIENTAS DEBIDO A DESGASTE,430.858,siderca\60062524,"GA15,GFC",2025-06-01 08:05:55.6678350 -03:00,1712150,2025-06-01 06:57:14.3475990 -03:00,9,0
1712222,26,26-CAMBIO DE HERRAMIENTAS DEBIDO A DESGASTE,846.052,siderca\60062524,"CPA,GA15,GA12,CFC,GFC,CDS",2025-06-01 09:25:06.5494029 -03:00,1712181,2025-06-01 08:13:06.5254242 -03:00,9,0
1712252,26,26-CAMBIO DE HERRAMIENTAS DEBIDO A DESGASTE,668,siderca\60062524,"CPA,GA15,GA12,GFC,CDT",2025-06-01 10:37:04.4159635 -03:00,1712222,2025-06-01 09:39:12.6011138 -03:00,7,0
1712328,26,26-CAMBIO DE HERRAMIENTAS DEBIDO A DESGASTE,1012.748,siderca\60062291,"CPA,GA15,GA12,GFC,CDS,GDS",2025-06-01 13:00:00.0000000 -03:00,1712252,2025-06-01 10:48:12.4159635 -03:00,10,1
1712368,26,26-CAMBIO DE HERRAMIENTAS DEBIDO A DESGASTE,364.648,siderca\60062291,"CA15,GA12",2025-06-01 14:34:19.1030587 -03:00,1712328,2025-06-01 13:16:52.7481774 -03:00,10,0
1712396,26,26-CAMBIO DE HERRAMIENTAS DEBIDO A DESGASTE,581.063,siderca\60062291,"CPA,GA15,CA12,GA12,GFC,GDS",2025-06-01 15:45:16.6029939 -03:00,1712368,2025-06-01 14:40:23.7513124 -03:00,8,0
1712436,26,26-CAMBIO DE HERRAMIENTAS DEBIDO A DESGASTE,698,siderca\60062291,"CPT,CSR,GSR,GA15,GA12",2025-06-01 17:10:48.7670871 -03:00,1712396,2025-06-01 15:54:57.6658556 -03:00,8,0
1712474,26,26-CAMBIO DE HERRAMIENTAS DEBIDO A DESGASTE,604.958,siderca\60062291,"CPA,GA15,GA12,GFC,CDS,GDS",2025-06-01 18:35:49.6816576 -03:00,1712436,2025-06-01 17:22:26.7670871 -03:00,10,0
1712587,26,26-CAMBIO DE HERRAMIENTAS DEBIDO A DESGASTE,978.61,siderca\13310,"CPT,CPA,GSR,GA15,GFC,GDS,CDT",2025-06-01 22:16:50.7796327 -03:00,1712474,2025-06-01 18:45:54.6392207 -03:00,20,0
1712636,26,26-CAMBIO DE HERRAMIENTAS DEBIDO A DESGASTE,345.223,siderca\13020,"GA15,CDT",2025-06-02 00:02:17.2967166 -03:00,1712587,2025-06-01 22:33:09.3890260 -03:00,11,0
1712666,26,26-CAMBIO DE HERRAMIENTAS DEBIDO A DESGASTE,875,siderca\13066,"CPT,CPA,GA15,GFC,GDS",2025-06-02 01:14:46.1061747 -03:00,1712636,2025-06-02 00:08:02.5196331 -03:00,9,0
1712711,26,26-CAMBIO DE HERRAMIENTAS DEBIDO A DESGASTE,713.861,siderca\13066,"CPT,GSR,CDT",2025-06-02 03:04:26.1263702 -03:00,1712666,2025-06-02 01:29:21.1061747 -03:00,10,1
1712793,26,26-CAMBIO DE HERRAMIENTAS DEBIDO A DESGASTE,720,siderca\60062524,"CPA,GA15,GA12,CFC,GFC,CDS,GDS,CDT",2025-06-02 05:05:50.0000000 -03:00,1712711,2025-06-02 03:16:19.9871840 -03:00,13,0
1712827,26,26-CAMBIO DE HERRAMIENTAS DEBIDO A DESGASTE,722,siderca\60062524,"CPT,GA15,GA12,GFC,CDT",2025-06-02 06:44:18.3258416 -03:00,1712793,2025-06-02 05:17:50.0000000 -03:00,10,0
1712885,26,26-CAMBIO DE HERRAMIENTAS DEBIDO A DESGASTE,1008,siderca\60062524,"CPT,CPA,GSR,GA15,GA12,GFC,GDS,CDT",2025-06-02 09:03:06.7729823 -03:00,1712827,2025-06-02 06:56:20.3258416 -03:00,10,1
1712953,26,26-CAMBIO DE HERRAMIENTAS DEBIDO A DESGASTE,998.491,siderca\60062524,"CPT,CPA,CSR,GSR,GA15,GA12,CFC,GFC,CDS,GDS,CDT",2025-06-02 12:00:17.9355092 -03:00,1712885,2025-06-02 09:19:54.7729823 -03:00,20,0
1713008,26,26-CAMBIO DE HERRAMIENTAS DEBIDO A DESGASTE,531.241,siderca\60062291,"CSR,GA15,GA12",2025-06-02 13:35:05.6698022 -03:00,1712953,2025-06-02 12:16:56.4262807 -03:00,9,0
1713043,26,26-CAMBIO DE HERRAMIENTAS DEBIDO A DESGASTE,845.318,siderca\60062291,"CPT,CPA,CA15,GA12,GFC,CDS,GDS",2025-06-02 14:46:13.0137133 -03:00,1713008,2025-06-02 13:43:56.9100373 -03:00,9,0
1713084,26,26-CAMBIO DE HERRAMIENTAS DEBIDO A DESGASTE,334.742,siderca\60062291,"GA15,GA12",2025-06-02 16:09:30.2831791 -03:00,1713043,2025-06-02 15:00:18.3317629 -03:00,9,0
1713123,26,26-CAMBIO DE HERRAMIENTAS DEBIDO A DESGASTE,850.433,siderca\60062291,"CPT,CPA,GSR,GA15,CA12,CFC,GFC,GDS",2025-06-02 17:35:32.4560921 -03:00,1713084,2025-06-02 16:15:05.0252276 -03:00,10,0
1713161,26,26-CAMBIO DE HERRAMIENTAS DEBIDO A DESGASTE,368,siderca\60062291,"GA15,GA12",2025-06-02 18:54:07.8472301 -03:00,1713123,2025-06-02 17:49:42.8890305 -03:00,10,0
1713197,26,26-CAMBIO DE HERRAMIENTAS DEBIDO A DESGASTE,695,siderca\60062291,"CPA,CA15,GA12,CFC,GFC,CDS,GDS",2025-06-02 20:15:35.6335173 -03:00,1713161,2025-06-02 19:00:15.8472301 -03:00,10,1
1713285,26,26-CAMBIO DE HERRAMIENTAS DEBIDO A DESGASTE,454.162,siderca\13035,"GSR,CA15,GFC",2025-06-02 22:18:45.7734572 -03:00,1713197,2025-06-02 20:27:10.6335173 -03:00,12,0
1713459,26,26-CAMBIO DE HERRAMIENTAS DEBIDO A DESGASTE,910.722,siderca\13035,"CA15,GA12,CFC",2025-06-03 03:31:15.2420052 -03:00,1713285,2025-06-02 22:26:19.9351744 -03:00,18,3
1713592,26,26-CAMBIO DE HERRAMIENTAS DEBIDO A DESGASTE,600,siderca\60062524,"CPA,GA15,CFC,GFC,CDS,GDS,CDT",2025-06-03 05:59:26.6957866 -03:00,1713459,2025-06-03 03:46:25.9642988 -03:00,11,0
1713623,26,26-CAMBIO DE HERRAMIENTAS DEBIDO A DESGASTE,626.732,siderca\60062524,"CPT,GSR,GA15,GFC,CH",2025-06-03 07:28:21.4530420 -03:00,1713592,2025-06-03 06:09:26.6957866 -03:00,11,0
1713690,26,26-CAMBIO DE HERRAMIENTAS DEBIDO A DESGASTE,660.032,siderca\60062524,"CPA,CA15,GA15,CA12,CFC,GFC,CDS,GDS,CDT",2025-06-03 09:09:53.8998770 -03:00,1713623,2025-06-03 07:38:48.1850331 -03:00,10,0
1713790,26,26-CAMBIO DE HERRAMIENTAS DEBIDO A DESGASTE,900.686,siderca\60062524,"CPT,CPA,CSR,GSR,GA15,GA12,CFC,GFC,GDS,CDT",2025-06-03 11:46:52.8859999 -03:00,1713690,2025-06-03 09:20:53.9318265 -03:00,11,0
1713837,26,26-CAMBIO DE HERRAMIENTAS DEBIDO A DESGASTE,638.937,siderca\60062291,"CA15,CA12,GA12,GFC",2025-06-03 13:15:04.3820734 -03:00,1713790,2025-06-03 12:01:53.5719559 -03:00,9,0
1713892,26,26-CAMBIO DE HERRAMIENTAS DEBIDO A DESGASTE,900.716,siderca\60062291,"CPT,CPA,GSR,GA15,GA12,GFC,GDS",2025-06-03 14:37:07.6994231 -03:00,1713837,2025-06-03 13:25:43.3194516 -03:00,10,1
1713945,26,26-CAMBIO DE HERRAMIENTAS DEBIDO A DESGASTE,480,siderca\60062291,"CPA,GA15,GA12,CFC,GFC",2025-06-03 16:22:40.8284165 -03:00,1713892,2025-06-03 14:52:08.4151071 -03:00,11,0
1713990,26,26-CAMBIO DE HERRAMIENTAS DEBIDO A DESGASTE,900.702,siderca\60062291,"CPT,CPA,CSR,GA15,CA12,GA12,GFC,CDS,GDS",2025-06-03 17:47:29.9993574 -03:00,1713945,2025-06-03 16:30:40.8284165 -03:00,10,0
1714022,26,26-CAMBIO DE HERRAMIENTAS DEBIDO A DESGASTE,408,siderca\60062291,"CA15,CA12,GA12,GFC",2025-06-03 18:59:05.8774983 -03:00,1713990,2025-06-03 18:02:30.7011467 -03:00,8,0
1714097,26,26-CAMBIO DE HERRAMIENTAS DEBIDO A DESGASTE,780.937,siderca\13035,"CPA,CA15,CFC,CDT",2025-06-03 21:00:48.4101735 -03:00,1714022,2025-06-03 19:05:53.8774983 -03:00,13,1
1714144,26,26-CAMBIO DE HERRAMIENTAS DEBIDO A DESGASTE,694.278,siderca\13035,"CPT,CSR,CA15,CFC,CDT",2025-06-03 22:33:45.1993721 -03:00,1714097,2025-06-03 21:13:49.3470498 -03:00,10,0
1714208,26,26-CAMBIO DE HERRAMIENTAS DEBIDO A DESGASTE,541.755,siderca\13035,"CPT,CSR,CA15,CFC,CDT",2025-06-04 00:25:43.2530370 -03:00,1714144,2025-06-03 22:45:19.4776424 -03:00,11,0
1714231,26,26-CAMBIO DE HERRAMIENTAS DEBIDO A DESGASTE,713.989,siderca\13035,"CPT,CSR,CA15,CFC,CDT",2025-06-04 01:13:26.5757933 -03:00,1714208,2025-06-04 00:34:45.0088081 -03:00,5,0
1714255,26,26-CAMBIO DE HERRAMIENTAS DEBIDO A DESGASTE,666.036,siderca\13035,"CPT,CSR,CA15,CFC,CDT",2025-06-04 01:56:58.8219673 -03:00,1714231,2025-06-04 01:25:20.5647082 -03:00,4,0
1714311,26,26-CAMBIO DE HERRAMIENTAS DEBIDO A DESGASTE,764.043,siderca\13035,"CPT,CSR,CA15,CFC,CDT",2025-06-04 03:37:03.0050561 -03:00,1714255,2025-06-04 02:08:04.8574234 -03:00,11,1
1714384,26,26-CAMBIO DE HERRAMIENTAS DEBIDO A DESGASTE,881,siderca\60062524,"CPT,CPA,CSR,GSR,GA15,GA12,CFC,GFC,GDS",2025-06-04 05:18:32.1269094 -03:00,1714311,2025-06-04 03:49:47.0485539 -03:00,12,0
1714430,26,26-CAMBIO DE HERRAMIENTAS DEBIDO A DESGASTE,401,siderca\60062524,"CA15,GA15,GFC,GDS,CDT",2025-06-04 06:42:59.7761433 -03:00,1714384,2025-06-04 05:33:13.1269094 -03:00,9,0
1714504,26,26-CAMBIO DE HERRAMIENTAS DEBIDO A DESGASTE,719,siderca\60062524,"CPA,GA15,CA12,GFC,CDS,GDS",2025-06-04 08:43:17.9421744 -03:00,1714430,2025-06-04 06:49:40.7761433 -03:00,10,2
1714543,26,26-CAMBIO DE HERRAMIENTAS DEBIDO A DESGASTE,771.506,siderca\60062524,"CPT,CSR,GSR,GA15,GA12,CDT",2025-06-04 10:03:41.2780535 -03:00,1714504,2025-06-04 08:55:16.9421744 -03:00,10,0
1714581,26,26-CAMBIO DE HERRAMIENTAS DEBIDO A DESGASTE,780.288,siderca\60062524,"CPA,GA15,GA12,GFC,CDS,GDS,CDT",2025-06-04 11:18:55.2266587 -03:00,1714543,2025-06-04 10:16:32.7846025 -03:00,9,0
1714622,26,26-CAMBIO DE HERRAMIENTAS DEBIDO A DESGASTE,479.056,siderca\60062524,"GA15,GFC,CDT",2025-06-04 12:34:18.4937555 -03:00,1714581,2025-06-04 11:31:55.5144604 -03:00,9,0
1714661,26,26-CAMBIO DE HERRAMIENTAS DEBIDO A DESGASTE,1021,siderca\12985,"CPT,CPA,CSR,GSR,CA15,GA15,CFC,GFC,CDS,GDS,CDT",2025-06-04 13:47:23.2276612 -03:00,1714622,2025-06-04 12:42:17.5491053 -03:00,9,0
1714695,26,26-CAMBIO DE HERRAMIENTAS DEBIDO A DESGASTE,429,siderca\12985,"CA15,GA15,CFC,CDT",2025-06-04 15:21:06.8155127 -03:00,1714661,2025-06-04 14:04:24.2276612 -03:00,11,0
1714747,26,26-CAMBIO DE HERRAMIENTAS DEBIDO A DESGASTE,565.515,siderca\12985,"CPA,CA15,GA15,CFC,CDS,GDS,CDT",2025-06-04 17:06:32.5185145 -03:00,1714695,2025-06-04 15:28:15.8155127 -03:00,11,1
1714788,26,26-CAMBIO DE HERRAMIENTAS DEBIDO A DESGASTE,720.216,siderca\12985,"CPT,CSR,GSR,CA15,GA15,GFC,CDT",2025-06-04 18:32:18.4987772 -03:00,1714747,2025-06-04 17:15:58.0332089 -03:00,10,0
1714826,26,26-CAMBIO DE HERRAMIENTAS DEBIDO A DESGASTE,631.574,siderca\12985,"CPA,CA15,GA15,CFC,CDS,GDS,CDT",2025-06-04 20:03:24.0846788 -03:00,1714788,2025-06-04 18:44:18.7149798 -03:00,11,0
1714872,26,26-CAMBIO DE HERRAMIENTAS DEBIDO A DESGASTE,509.968,siderca\60062567,"CA15,CFC,GH",2025-06-04 21:21:19.4773948 -03:00,1714826,2025-06-04 20:13:55.6589141 -03:00,9,0
1714905,26,26-CAMBIO DE HERRAMIENTAS DEBIDO A DESGASTE,842.238,siderca\60062567,"CPT,CPA,CSR,CA15,GA12,CFC,CDS,GDS,CDT,GH",2025-06-04 22:32:27.1470371 -03:00,1714872,2025-06-04 21:29:49.4459307 -03:00,10,0
1714945,26,26-CAMBIO DE HERRAMIENTAS DEBIDO A DESGASTE,386.343,siderca\60062567,"CA15,CFC,GH",2025-06-04 23:57:21.4116142 -03:00,1714905,2025-06-04 22:46:29.3852064 -03:00,10,0
1714979,26,26-CAMBIO DE HERRAMIENTAS DEBIDO A DESGASTE,719.808,siderca\60062567,"CPA,GA15,CFC,GDS,CDT",2025-06-05 01:06:09.6283260 -03:00,1714945,2025-06-05 00:03:47.7548961 -03:00,10,0
1715014,26,26-CAMBIO DE HERRAMIENTAS DEBIDO A DESGASTE,992.854,siderca\60062567,"CPT,CPA,CSR,CA15,GA12,CFC,CDS,GDS,CDT,GH",2025-06-05 02:20:32.4587439 -03:00,1714979,2025-06-05 01:18:09.4362249 -03:00,10,0
1715081,26,26-CAMBIO DE HERRAMIENTAS DEBIDO A DESGASTE,487.129,siderca\60062567,"CPA,GA15,CFC,GDS,CDT",2025-06-05 04:39:10.2109112 -03:00,1715014,2025-06-05 02:37:05.3124598 -03:00,9,2
1715190,26,26-CAMBIO DE HERRAMIENTAS DEBIDO A DESGASTE,960,siderca\60062524,"CPT,CPA,GSR,GA15,CA12,CFC,GFC,CDS,GDS,CDT",2025-06-05 06:42:04.8489164 -03:00,1715081,2025-06-05 04:47:17.3399703 -03:00,11,0
1715233,26,26-CAMBIO DE HERRAMIENTAS DEBIDO A DESGASTE,337,siderca\60062524,"GA15,GFC,CDT",2025-06-05 08:29:59.6565694 -03:00,1715190,2025-06-05 06:58:04.8489164 -03:00,12,3
1715320,26,26-CAMBIO DE HERRAMIENTAS DEBIDO A DESGASTE,839.642,siderca\60062524,"CPT,CPA,CSR,GSR,GA15,GA12,GFC,CDS,GDS,CDT",2025-06-05 11:20:27.2726930 -03:00,1715233,2025-06-05 08:35:36.6565694 -03:00,14,1
1715390,26,26-CAMBIO DE HERRAMIENTAS DEBIDO A DESGASTE,600,siderca\12985,"CA15,GA15,CFC,GFC,CDT",2025-06-05 13:02:20.0000000 -03:00,1715320,2025-06-05 11:34:26.9146313 -03:00,11,0
1715444,26,26-CAMBIO DE HERRAMIENTAS DEBIDO A DESGASTE,780.869,siderca\12985,"CPA,CA15,GA15,CFC,GFC,CDS,GDS,CDT",2025-06-05 14:51:53.2824110 -03:00,1715390,2025-06-05 13:12:20.0000000 -03:00,9,1
1715475,26,26-CAMBIO DE HERRAMIENTAS DEBIDO A DESGASTE,493.523,siderca\12985,"CPT,GSR,GFC,CDT",2025-06-05 16:28:34.0378907 -03:00,1715444,2025-06-05 15:04:54.1517661 -03:00,10,1
1715482,26,26-CAMBIO DE HERRAMIENTAS DEBIDO A DESGASTE,358.51,siderca\12985,"CPT,GSR,GFC,CDT",2025-06-05 16:43:50.5603107 -03:00,1715475,2025-06-05 16:36:47.5603107 -03:00,1,0
1715545,26,26-CAMBIO DE HERRAMIENTAS DEBIDO A DESGASTE,600.429,siderca\12985,"CPA,CA15,GA15,CFC,CDS,GDS,CDT",2025-06-05 18:54:14.8837573 -03:00,1715482,2025-06-05 16:49:49.0700192 -03:00,16,0
1715574,26,26-CAMBIO DE HERRAMIENTAS DEBIDO A DESGASTE,529,siderca\12985,"CA15,GA15,CFC,GFC,CDT",2025-06-05 20:07:12.9841205 -03:00,1715545,2025-06-05 19:04:15.3127218 -03:00,10,0
1715639,26,26-CAMBIO DE HERRAMIENTAS DEBIDO A DESGASTE,652.38,siderca\12985,"CPA,CA15,GA15,CFC,CDS,GDS,CDT",2025-06-05 21:29:06.5067397 -03:00,1715574,2025-06-05 20:16:01.9841205 -03:00,10,0
1715675,26,26-CAMBIO DE HERRAMIENTAS DEBIDO A DESGASTE,352.448,siderca\60062567,"CA15,GA15,CFC,GH",2025-06-05 22:42:55.7806997 -03:00,1715639,2025-06-05 21:39:58.8861120 -03:00,9,0
1715730,26,26-CAMBIO DE HERRAMIENTAS DEBIDO A DESGASTE,480.95,siderca\60062567,"CA15,GA15,CFC,GH",2025-06-06 00:33:57.1265348 -03:00,1715675,2025-06-05 22:48:48.2288300 -03:00,10,0
1715764,26,26-CAMBIO DE HERRAMIENTAS DEBIDO A DESGASTE,673,siderca\60062567,"CPA,CA15,GA15,CFC,CDS,GDS,CDT",2025-06-06 01:44:38.5310659 -03:00,1715730,2025-06-06 00:41:58.0765285 -03:00,8,1
1715796,26,26-CAMBIO DE HERRAMIENTAS DEBIDO A DESGASTE,916,siderca\60062567,"CPA,CA15,GA15,CFC,CDS,GDS,CDT",2025-06-06 03:03:48.8928386 -03:00,1715764,2025-06-06 01:55:51.5310659 -03:00,10,0
1715835,26,26-CAMBIO DE HERRAMIENTAS DEBIDO A DESGASTE,316.868,siderca\60062567,"CA15,GA15,CFC,GH",2025-06-06 04:35:11.9985489 -03:00,1715796,2025-06-06 03:19:04.8928386 -03:00,11,0
1715883,26,26-CAMBIO DE HERRAMIENTAS DEBIDO A DESGASTE,900.501,siderca\60062291,"CPT,CPA,GSR,CA15,GA15,CA12,GA12,CFC,GFC,GDS",2025-06-06 05:26:50.5566853 -03:00,1715835,2025-06-06 04:40:28.8662104 -03:00,4,0
1715938,26,26-CAMBIO DE HERRAMIENTAS DEBIDO A DESGASTE,300.666,siderca\60062291,"GA15,GA12,GFC",2025-06-06 07:13:29.7493828 -03:00,1715883,2025-06-06 05:41:51.0579015 -03:00,10,0
1715969,26,26-CAMBIO DE HERRAMIENTAS DEBIDO A DESGASTE,828.232,siderca\60062291,"CPA,CA15,GA15,GA12,GFC,GDS",2025-06-06 08:26:08.2346046 -03:00,1715938,2025-06-06 07:18:30.4152454 -03:00,9,0
1716036,26,26-CAMBIO DE HERRAMIENTAS DEBIDO A DESGASTE,520,siderca\60062291,"CPT,GSR,GA15,GA12",2025-06-06 10:15:20.6933890 -03:00,1715969,2025-06-06 08:39:56.4666802 -03:00,9,0
1716098,26,26-CAMBIO DE HERRAMIENTAS DEBIDO A DESGASTE,985.338,siderca\60062291,"CPA,GA15,CA12,GA12,GFC,CDS",2025-06-06 11:49:10.3731158 -03:00,1716036,2025-06-06 10:24:00.6933890 -03:00,10,0
1716178,26,26-CAMBIO DE HERRAMIENTAS DEBIDO A DESGASTE,397.184,siderca\12985,"CA15,GA15,CDT",2025-06-06 13:46:26.6735737 -03:00,1716098,2025-06-06 12:05:35.7115562 -03:00,12,1
1716231,26,26-CAMBIO DE HERRAMIENTAS DEBIDO A DESGASTE,900,siderca\12985,"CPT,CPA,CSR,GSR,CA15,GA15,CFC,GFC,CDS,GDS,CDT",2025-06-06 15:08:18.8442883 -03:00,1716178,2025-06-06 13:53:03.8577290 -03:00,9,0
1716290,26,26-CAMBIO DE HERRAMIENTAS DEBIDO A DESGASTE,649.707,siderca\12985,"CPT,CA15,GA15,CFC,CDT",2025-06-06 16:46:17.2263378 -03:00,1716231,2025-06-06 15:23:18.8442883 -03:00,12,0
1716329,26,26-CAMBIO DE HERRAMIENTAS DEBIDO A DESGASTE,849.904,siderca\12985,"CPA,CA15,GA15,CFC,GFC,CDS,GDS,CDT",2025-06-06 18:11:52.6086678 -03:00,1716290,2025-06-06 16:57:06.9333970 -03:00,10,0
1716368,26,26-CAMBIO DE HERRAMIENTAS DEBIDO A DESGASTE,744,siderca\12985,"CPT,CSR,GSR,CA15,GA15,CFC,CDT",2025-06-06 19:28:25.9424158 -03:00,1716329,2025-06-06 18:26:02.5126400 -03:00,8,0
1716446,26,26-CAMBIO DE HERRAMIENTAS DEBIDO A DESGASTE,757.042,siderca\12985,"CPT,CA15,GA15,CFC,CDT",2025-06-06 21:22:41.1622981 -03:00,1716368,2025-06-06 19:40:49.9424158 -03:00,13,2
1716524,26,26-CAMBIO DE HERRAMIENTAS DEBIDO A DESGASTE,308.899,siderca\60062567,"CA15,GA12,CFC,CDT",2025-06-06 23:24:28.0426973 -03:00,1716446,2025-06-06 21:35:18.2045343 -03:00,10,6
1716676,26,26-CAMBIO DE HERRAMIENTAS DEBIDO A DESGASTE,864.423,siderca\60062567,"CPT,CPA,GSR,CA15,GA15,GA12,CFC,GDS,CDT,GH",2025-06-07 03:59:42.4105332 -03:00,1716524,2025-06-06 23:29:36.9419895 -03:00,9,2
1716729,26,26-CAMBIO DE HERRAMIENTAS DEBIDO A DESGASTE,437.766,siderca\60062291,"GA15,CA12",2025-06-07 05:17:03.5289438 -03:00,1716676,2025-06-07 04:14:06.8332107 -03:00,10,0
1716817,26,26-CAMBIO DE HERRAMIENTAS DEBIDO A DESGASTE,780.332,siderca\60062291,"CPA,CA15,GA15,GA12,GFC,GDS",2025-06-07 06:58:46.3395985 -03:00,1716729,2025-06-07 05:24:21.2945700 -03:00,11,2
1716852,26,26-CAMBIO DE HERRAMIENTAS DEBIDO A DESGASTE,312,siderca\60062291,"GA15,GA12",2025-06-07 08:40:48.8890814 -03:00,1716817,2025-06-07 07:11:46.6712702 -03:00,11,0
1716899,26,26-CAMBIO DE HERRAMIENTAS DEBIDO A DESGASTE,705.772,siderca\60062291,"CPA,GA15,GA12,GFC,GDS",2025-06-07 10:02:45.9237922 -03:00,1716852,2025-06-07 08:46:00.8890814 -03:00,12,0
1716958,26,26-CAMBIO DE HERRAMIENTAS DEBIDO A DESGASTE,607,siderca\60062291,"CPT,CSR,CA15,GA15,GA12",2025-06-07 12:00:11.1757529 -03:00,1716899,2025-06-07 10:14:31.6956980 -03:00,12,0
1716998,26,26-CAMBIO DE HERRAMIENTAS DEBIDO A DESGASTE,0.11,siderca\12985,"CPA,CA15,GA15,CFC,GFC,CDS,GDS,CDT",2025-06-07 13:02:25.3519852 -03:00,1716958,2025-06-07 12:10:18.1757529 -03:00,6,1
1717012,26,26-CAMBIO DE HERRAMIENTAS DEBIDO A DESGASTE,845,siderca\12985,"CPA,CA15,GA15,CFC,GFC,CDS,GDS,CDT",2025-06-07 13:21:46.0079511 -03:00,1716998,2025-06-07 13:02:25.4613596 -03:00,3,0
1717079,26,26-CAMBIO DE HERRAMIENTAS DEBIDO A DESGASTE,847,siderca\12985,"CPT,CSR,GSR,CA15,GA15,CFC,GFC,CDT",2025-06-07 15:15:19.9910967 -03:00,1717012,2025-06-07 13:35:51.0079511 -03:00,13,0
1717135,26,26-CAMBIO DE HERRAMIENTAS DEBIDO A DESGASTE,639.777,siderca\12985,"CPA,GDS,CDT",2025-06-07 17:25:03.0269977 -03:00,1717079,2025-06-07 15:29:26.9910967 -03:00,13,1
1717180,26,26-CAMBIO DE HERRAMIENTAS DEBIDO A DESGASTE,918.611,siderca\12985,"CPT,CSR,CA15,GA15,CFC,CDS,GDS,CDT",2025-06-07 18:59:47.0156138 -03:00,1717135,2025-06-07 17:35:42.8039884 -03:00,12,0
1717253,26,26-CAMBIO DE HERRAMIENTAS DEBIDO A DESGASTE,660.146,siderca\60062567,"CPT,CSR,CA15,GA15,CFC,CDS,GDS,CDT,GH",2025-06-07 21:00:00.0000000 -03:00,1717180,2025-06-07 19:15:05.6266123 -03:00,13,0
1717321,26,26-CAMBIO DE HERRAMIENTAS DEBIDO A DESGASTE,361.916,siderca\60062567,"CA15,CFC,GDS,GH",2025-06-07 22:40:42.8191840 -03:00,1717253,2025-06-07 21:11:00.1460172 -03:00,13,0
1717386,26,26-CAMBIO DE HERRAMIENTAS DEBIDO A DESGASTE,688.488,siderca\60062567,"CPA,CA15,CFC,GDS,GH",2025-06-08 00:20:33.5238272 -03:00,1717321,2025-06-07 22:46:44.7359183 -03:00,12,3
1717497,26,26-CAMBIO DE HERRAMIENTAS DEBIDO A DESGASTE,720.367,siderca\60062567,"CPT,GSR,CA15,GA12,GFC,GDS,CDT,GH",2025-06-08 02:52:58.8172564 -03:00,1717386,2025-06-08 00:32:02.0111760 -03:00,10,1
1717527,26,26-CAMBIO DE HERRAMIENTAS DEBIDO A DESGASTE,373.306,siderca\60062567,"CPA,CA15,CFC,GDS,GH",2025-06-08 03:58:18.0286336 -03:00,1717497,2025-06-08 03:04:59.1846341 -03:00,4,0
1717599,26,26-CAMBIO DE HERRAMIENTAS DEBIDO A DESGASTE,956.128,siderca\60062291,"CPT,CPA,CSR,GA15,GA12,GFC,GDS",2025-06-08 05:28:31.2698149 -03:00,1717527,2025-06-08 04:04:31.3344142 -03:00,12,1
1717662,26,26-CAMBIO DE HERRAMIENTAS DEBIDO A DESGASTE,338.692,siderca\60062291,"CA15,GA15,CA12,GA12",2025-06-08 07:03:33.5669578 -03:00,1717599,2025-06-08 05:44:27.3972274 -03:00,9,0
1717729,26,26-CAMBIO DE HERRAMIENTAS DEBIDO A DESGASTE,881.563,siderca\60062291,"CPT,CPA,GSR,CA15,GA15,CA12,GA12,GFC,GDS",2025-06-08 09:29:25.4726034 -03:00,1717662,2025-06-08 07:09:12.2586612 -03:00,10,0
1717783,26,26-CAMBIO DE HERRAMIENTAS DEBIDO A DESGASTE,316,siderca\60062291,"GA15,GA12",2025-06-08 10:50:22.6379116 -03:00,1717729,2025-06-08 09:44:07.0359033 -03:00,9,0
1717854,26,26-CAMBIO DE HERRAMIENTAS DEBIDO A DESGASTE,720.896,siderca\60062291,"CPA,GA15,GA12,CFC,GFC,CDS",2025-06-08 12:18:26.7048488 -03:00,1717783,2025-06-08 10:55:38.6379116 -03:00,10,0
1717922,26,26-CAMBIO DE HERRAMIENTAS DEBIDO A DESGASTE,900.401,siderca\12985,"CPT,CPA,CSR,CA15,GA15,CDS,GDS,CDT",2025-06-08 14:08:59.6837594 -03:00,1717915,2025-06-08 14:24:00.1934843 -03:00,0,0
1717915,26,26-CAMBIO DE HERRAMIENTAS DEBIDO A DESGASTE,0.109,siderca\12985,"CPT,CPA,CSR,CA15,GA15,CDS,GDS,CDT",2025-06-08 14:24:00.0841086 -03:00,1717854,2025-06-08 12:30:27.6007305 -03:00,9,0
1718000,26,26-CAMBIO DE HERRAMIENTAS DEBIDO A DESGASTE,586.054,siderca\12985,"CA15,GA15,CFC,CDT",2025-06-08 17:19:32.0736492 -03:00,1717922,2025-06-08 14:24:00.0841086 -03:00,14,1
1718176,26,26-CAMBIO DE HERRAMIENTAS DEBIDO A DESGASTE,900,siderca\60062524,"CPT,CSR,GSR,CA15,GA15,GA12,CFC,GFC,GDS,CDT",2025-06-08 21:39:23.4639312 -03:00,1718000,2025-06-08 17:29:18.1273945 -03:00,18,3
1718226,26,26-CAMBIO DE HERRAMIENTAS DEBIDO A DESGASTE,561.138,siderca\60062524,"CPA,GA15,GA12,CDT",2025-06-08 23:29:22.3788056 -03:00,1718176,2025-06-08 21:54:23.4639312 -03:00,10,0
1718270,26,26-CAMBIO DE HERRAMIENTAS DEBIDO A DESGASTE,557.175,siderca\60062524,"CA12,GFC,CDS,GDS",2025-06-09 00:45:05.4655788 -03:00,1718226,2025-06-08 23:38:43.5165099 -03:00,9,0
1718310,26,26-CAMBIO DE HERRAMIENTAS DEBIDO A DESGASTE,848.817,siderca\60062524,"CPT,CPA,GSR,GA15,GA12,GFC,CDT",2025-06-09 01:49:40.2435962 -03:00,1718270,2025-06-09 00:54:22.6403421 -03:00,7,0
1718377,26,26-CAMBIO DE HERRAMIENTAS DEBIDO A DESGASTE,474.565,siderca\60062524,"GA15,GA12,GFC,GDS",2025-06-09 03:30:46.5929815 -03:00,1718310,2025-06-09 02:03:49.0603257 -03:00,11,0
1718463,26,26-CAMBIO DE HERRAMIENTAS DEBIDO A DESGASTE,971.223,siderca\60062291,"CPT,CPA,GSR,GA15,CA12,CFC,GFC,CDS,GDS",2025-06-09 05:37:15.2349590 -03:00,1718377,2025-06-09 03:38:41.1579592 -03:00,10,0
1718516,26,26-CAMBIO DE HERRAMIENTAS DEBIDO A DESGASTE,278,siderca\60062291,"CA15,GA15,GA12",2025-06-09 07:01:26.7969862 -03:00,1718463,2025-06-09 05:53:26.4576144 -03:00,10,0
1718542,26,26-CAMBIO DE HERRAMIENTAS DEBIDO A DESGASTE,562.489,siderca\60062291,"CPA,GA15,GA12,GFC,GDS",2025-06-09 07:49:57.1617628 -03:00,1718516,2025-06-09 07:06:04.7969862 -03:00,6,0
1718594,26,26-CAMBIO DE HERRAMIENTAS DEBIDO A DESGASTE,520,siderca\60062291,"CPT,GSR,CA15,GA15,GA12",2025-06-09 09:16:21.8866416 -03:00,1718542,2025-06-09 07:59:19.6500472 -03:00,9,0
1718635,26,26-CAMBIO DE HERRAMIENTAS DEBIDO A DESGASTE,796.493,siderca\60062291,"CPA,GA15,CA12,GFC,CDS,GDS",2025-06-09 10:35:34.8855867 -03:00,1718594,2025-06-09 09:25:01.8866416 -03:00,10,0
1718676,26,26-CAMBIO DE HERRAMIENTAS DEBIDO A DESGASTE,334,siderca\60062291,"GA15,GA12",2025-06-09 11:56:28.9529424 -03:00,1718635,2025-06-09 10:48:51.3780219 -03:00,10,4
1718738,26,26-CAMBIO DE HERRAMIENTAS DEBIDO A DESGASTE,889.535,siderca\12985,"CPT,CPA,CSR,GSR,CA15,GA15,CFC,GFC,CDS,GDS,CDT",2025-06-09 13:22:23.6396085 -03:00,1718676,2025-06-09 12:02:02.9529424 -03:00,9,0
1718943,26,26-CAMBIO DE HERRAMIENTAS DEBIDO A DESGASTE,600.171,siderca\12985,"CA15,GA15,CDT",2025-06-09 20:03:42.6855130 -03:00,1718738,2025-06-09 13:37:13.1740374 -03:00,15,2
1719000,26,26-CAMBIO DE HERRAMIENTAS DEBIDO A DESGASTE,1133.834,siderca\60062524,"CPT,CPA,CSR,GSR,CA15,GA15,CA12,GA12,CFC,GFC,CDS,GDS,CDT",2025-06-09 21:38:38.5585070 -03:00,1718943,2025-06-09 20:13:42.8562694 -03:00,10,0
1719059,26,26-CAMBIO DE HERRAMIENTAS DEBIDO A DESGASTE,569.748,siderca\60062524,"CA15,GA15,CFC,GFC",2025-06-09 23:13:53.8411569 -03:00,1719000,2025-06-09 21:57:32.3929087 -03:00,10,0
1719101,26,26-CAMBIO DE HERRAMIENTAS DEBIDO A DESGASTE,855.677,siderca\60062524,"CPA,GA15,GFC,CDS,GDS",2025-06-10 00:25:44.5029983 -03:00,1719059,2025-06-09 23:23:23.5896452 -03:00,9,0
1719177,26,26-CAMBIO DE HERRAMIENTAS DEBIDO A DESGASTE,683.724,siderca\60062524,"CPT,CSR,GSR,GA15,GFC",2025-06-10 02:27:09.1190688 -03:00,1719101,2025-06-10 00:40:00.1794829 -03:00,8,0
1719234,26,26-CAMBIO DE HERRAMIENTAS DEBIDO A DESGASTE,597.54,siderca\60062524,"CPA,GA15,CA12,GFC,CDS,GDS",2025-06-10 03:57:19.2529623 -03:00,1719177,2025-06-10 02:38:32.8433390 -03:00,9,0
1719308,26,26-CAMBIO DE HERRAMIENTAS DEBIDO A DESGASTE,1070.965,siderca\60062291,"CPT,CPA,CSR,GA15,CA12,GA12,CFC,GFC,GDS",2025-06-10 05:24:27.9283589 -03:00,1719234,2025-06-10 04:07:16.7927272 -03:00,8,0
1719369,26,26-CAMBIO DE HERRAMIENTAS DEBIDO A DESGASTE,346,siderca\60062291,"GA15,GA12",2025-06-10 07:02:24.3111415 -03:00,1719308,2025-06-10 05:42:18.8933848 -03:00,9,0
1719480,26,26-CAMBIO DE HERRAMIENTAS DEBIDO A DESGASTE,867.449,siderca\60062291,"CPA,CA15,GA15,GA12,CFC,GFC,CDS,GDS",2025-06-10 10:07:12.1233960 -03:00,1719369,2025-06-10 07:08:10.3111415 -03:00,10,0
1719517,26,26-CAMBIO DE HERRAMIENTAS DEBIDO A DESGASTE,505.423,siderca\60062291,"CPT,GSR,GA15,GA12",2025-06-10 11:25:19.9684546 -03:00,1719480,2025-06-10 10:21:39.5720009 -03:00,9,0
1719546,26,26-CAMBIO DE HERRAMIENTAS DEBIDO A DESGASTE,610.676,siderca\60062291,"CPA,GA15,CA12,GA12,CFC,GFC,GDS",2025-06-10 12:38:01.9278648 -03:00,1719517,2025-06-10 11:33:45.3915053 -03:00,9,0
1719557,26,26-CAMBIO DE HERRAMIENTAS DEBIDO A DESGASTE,284.397,siderca\60062291,"CPT,GSR,GA15,GA12",2025-06-10 12:55:15.6031706 -03:00,1719546,2025-06-10 12:48:12.6031706 -03:00,0,0
1719656,26,26-CAMBIO DE HERRAMIENTAS DEBIDO A DESGASTE,969.762,siderca\60062567,"CPT,CPA,GSR,CA15,GA12,CFC,GDS,CDT,GH",2025-06-10 15:46:34.2773312 -03:00,1719557,2025-06-10 13:00:00.0000000 -03:00,17,0
1719696,26,26-CAMBIO DE HERRAMIENTAS DEBIDO A DESGASTE,362.902,siderca\60062567,"CA15,GH",2025-06-10 17:04:07.4618598 -03:00,1719656,2025-06-10 16:02:44.0397866 -03:00,10,0
1719721,26,26-CAMBIO DE HERRAMIENTAS DEBIDO A DESGASTE,556.956,siderca\60062567,"CPA,CA15,GA12,CFC,GDS,CDT,GH",2025-06-10 18:19:57.2317535 -03:00,1719696,2025-06-10 17:10:10.3634700 -03:00,8,0
1719763,26,26-CAMBIO DE HERRAMIENTAS DEBIDO A DESGASTE,466.787,siderca\60062567,"CPT,GSR,CA15,GA12,CFC,GH",2025-06-10 19:33:10.4086473 -03:00,1719721,2025-06-10 18:29:14.1878209 -03:00,9,0
1719856,26,26-CAMBIO DE HERRAMIENTAS DEBIDO A DESGASTE,840.194,siderca\60062524,"CPA,GSR,GA15,GFC,CDS,GDS,CDT",2025-06-10 21:20:14.9559196 -03:00,1719763,2025-06-10 19:40:57.1954514 -03:00,12,0
1719878,26,26-CAMBIO DE HERRAMIENTAS DEBIDO A DESGASTE,440.922,siderca\60062524,"CA15,GA15,GA12,CDT",2025-06-10 22:35:39.7894964 -03:00,1719856,2025-06-10 21:34:15.1496459 -03:00,10,0
1719970,26,26-CAMBIO DE HERRAMIENTAS DEBIDO A DESGASTE,780.39,siderca\60062524,"CPT,CPA,GSR,GA15,GA12,CFC,GFC,CDS,GDS,CDT",2025-06-11 00:22:41.1320364 -03:00,1719878,2025-06-10 22:43:00.7112423 -03:00,10,1
1720022,26,26-CAMBIO DE HERRAMIENTAS DEBIDO A DESGASTE,455,siderca\60062524,"GA15,GA12,CFC,GFC,CDT",2025-06-11 02:34:41.3946158 -03:00,1719970,2025-06-11 00:35:41.5225768 -03:00,12,0
1720519,26,26-CAMBIO DE HERRAMIENTAS DEBIDO A DESGASTE,321.564,siderca\60062567,"CA15,GH",2025-06-11 19:42:48.4323699 -03:00,1720022,2025-06-11 02:42:16.3946158 -03:00,19,0
1720588,26,26-CAMBIO DE HERRAMIENTAS DEBIDO A DESGASTE,600,siderca\60062524,"CPA,GA15,CFC,GFC,CDS,GDS,CDT",2025-06-11 21:06:59.5494387 -03:00,1720519,2025-06-11 19:48:09.9963714 -03:00,9,0
1720631,26,26-CAMBIO DE HERRAMIENTAS DEBIDO A DESGASTE,833.073,siderca\60062524,"CPT,CSR,GSR,GA15,GA12,GFC,GDS,CDT",2025-06-11 22:49:40.3986369 -03:00,1720588,2025-06-11 21:16:59.5494387 -03:00,10,0
1720699,26,26-CAMBIO DE HERRAMIENTAS DEBIDO A DESGASTE,480.005,siderca\60062524,"CPT,CSR,GSR,GA15,GFC",2025-06-11 23:48:21.5151329 -03:00,1720631,2025-06-11 23:03:33.4717712 -03:00,2,0
1720700,26,26-CAMBIO DE HERRAMIENTAS DEBIDO A DESGASTE,622.033,siderca\60062524,"CPA,GA15,CA12,CFC,GFC,CDS,GDS",2025-06-12 00:50:54.1699891 -03:00,1720699,2025-06-11 23:56:21.5203934 -03:00,8,0
1720732,26,26-CAMBIO DE HERRAMIENTAS DEBIDO A DESGASTE,363.078,siderca\60062524,"GA15,GA12,GFC,CDT",2025-06-12 02:07:08.7082175 -03:00,1720700,2025-06-12 01:01:16.2022784 -03:00,9,0
1720795,26,26-CAMBIO DE HERRAMIENTAS DEBIDO A DESGASTE,897.983,siderca\60062524,"CPT,CPA,CSR,GSR,GA15,CA12,CFC,GFC,CDS,GDS,CDT",2025-06-12 04:00:15.7930239 -03:00,1720732,2025-06-12 02:13:11.7861341 -03:00,10,0
1720891,26,26-CAMBIO DE HERRAMIENTAS DEBIDO A DESGASTE,480.988,siderca\12985,"CA15,GA15,CFC,GFC,CDS,GDS,CDT",2025-06-12 05:59:33.7629595 -03:00,1720795,2025-06-12 04:15:13.7762405 -03:00,9,0
1720940,26,26-CAMBIO DE HERRAMIENTAS DEBIDO A DESGASTE,660.526,siderca\12985,"CPA,CA15,GA15,GFC,CDT",2025-06-12 07:26:48.0083972 -03:00,1720891,2025-06-12 06:07:34.7500637 -03:00,11,0
1720974,26,26-CAMBIO DE HERRAMIENTAS DEBIDO A DESGASTE,865.952,siderca\12985,"CPT,CSR,CA15,GA15,CFC,CDS,GDS,CDT",2025-06-12 08:49:28.2376084 -03:00,1720940,2025-06-12 07:37:48.5345129 -03:00,9,0
1721032,26,26-CAMBIO DE HERRAMIENTAS DEBIDO A DESGASTE,780,siderca\12985,"CPA,CA15,GA15,CFC,GFC,CDS,GDS,CDT",2025-06-12 10:26:51.4758510 -03:00,1720974,2025-06-12 09:03:54.1899007 -03:00,11,0
1721205,26,26-CAMBIO DE HERRAMIENTAS DEBIDO A DESGASTE,674.373,siderca\60062567,"CPT,CPA,CSR,CA15,GA12,GH",2025-06-12 15:08:08.3413730 -03:00,1721032,2025-06-12 10:39:51.4758510 -03:00,20,0
1721252,26,26-CAMBIO DE HERRAMIENTAS DEBIDO A DESGASTE,431.511,siderca\60062567,"CA15,GA12,CFC,GDS,GH",2025-06-12 16:40:00.4638238 -03:00,1721205,2025-06-12 15:19:22.7144080 -03:00,11,0
1721374,26,26-CAMBIO DE HERRAMIENTAS DEBIDO A DESGASTE,693.026,siderca\60062567,"CPT,CPA,CSR,GSR,CA15,GA12,CFC,GDS,CDT,GH",2025-06-12 20:27:34.3978361 -03:00,1721252,2025-06-12 16:47:11.9742992 -03:00,22,0
1721474,26,26-CAMBIO DE HERRAMIENTAS DEBIDO A DESGASTE,430,siderca\60062524,"CPA,GA15,CA12,CDT",2025-06-12 22:49:53.6773824 -03:00,1721374,2025-06-12 20:39:07.4233254 -03:00,11,2
1721520,26,26-CAMBIO DE HERRAMIENTAS DEBIDO A DESGASTE,476,siderca\60062524,"GA15,GA12,CDS,GDS,CDT",2025-06-13 00:23:00.0440903 -03:00,1721474,2025-06-12 22:57:03.6773824 -03:00,11,0
1721551,26,26-CAMBIO DE HERRAMIENTAS DEBIDO A DESGASTE,692.712,siderca\60062524,"CPT,CPA,CSR,GSR,GA15,GA12,GFC,CDT",2025-06-13 01:24:58.3812421 -03:00,1721520,2025-06-13 00:30:56.0440903 -03:00,8,0
1721595,26,26-CAMBIO DE HERRAMIENTAS DEBIDO A DESGASTE,556.326,siderca\60062524,"GA15,GFC",2025-06-13 02:40:35.4251914 -03:00,1721551,2025-06-13 01:36:31.0934434 -03:00,9,0
1721624,26,26-CAMBIO DE HERRAMIENTAS DEBIDO A DESGASTE,552,siderca\60062524,"CPA,GA15,CFC,GFC,GDS",2025-06-13 03:46:02.6256129 -03:00,1721595,2025-06-13 02:49:51.7515922 -03:00,8,0
1721709,26,26-CAMBIO DE HERRAMIENTAS DEBIDO A DESGASTE,850,siderca\12985,"CPT,CSR,CA15,GA15,CFC,GFC,CDS,GDS,CDT",2025-06-13 05:54:52.1803236 -03:00,1721624,2025-06-13 03:55:14.6256129 -03:00,10,0
1722083,26,26-CAMBIO DE HERRAMIENTAS DEBIDO A DESGASTE,875,siderca\60062567,"CPT,CPA,GSR,CA15,GA12,CFC,GDS,CDT,GH",2025-06-13 16:41:10.6834425 -03:00,1721709,2025-06-13 06:09:02.1803236 -03:00,18,3
1722172,26,26-CAMBIO DE HERRAMIENTAS DEBIDO A DESGASTE,240.771,siderca\60062567,"CA15,GA15,GH",2025-06-13 19:20:40.4485398 -03:00,1722083,2025-06-13 16:55:45.6834425 -03:00,7,6
1722276,26,26-CAMBIO DE HERRAMIENTAS DEBIDO A DESGASTE,808.009,siderca\60062524,"CPA,CA15,GA15,GA12,CFC,GFC,CDS,GDS,CDT",2025-06-13 21:48:17.9997529 -03:00,1722172,2025-06-13 19:24:41.2197933 -03:00,14,0
1722320,26,26-CAMBIO DE HERRAMIENTAS DEBIDO A DESGASTE,622.597,siderca\60062524,"CPT,CSR,GA15,GFC,CDT",2025-06-13 23:22:16.7637565 -03:00,1722276,2025-06-13 22:01:46.0084021 -03:00,10,1
1722373,26,26-CAMBIO DE HERRAMIENTAS DEBIDO A DESGASTE,587.917,siderca\60062524,"CPA,GA15,GFC,CDS,GDS,CDT",2025-06-14 01:12:58.9379368 -03:00,1722320,2025-06-13 23:32:39.3608209 -03:00,9,0
1722409,26,26-CAMBIO DE HERRAMIENTAS DEBIDO A DESGASTE,387.527,siderca\60062524,"CA15,GA15,GA12,CDT",2025-06-14 02:32:40.8783459 -03:00,1722373,2025-06-14 01:22:46.8548876 -03:00,10,0
1722452,26,26-CAMBIO DE HERRAMIENTAS DEBIDO A DESGASTE,937.202,siderca\60062524,"CPT,CPA,CSR,GA15,CA12,GA12,GFC,GDS,CDT",2025-06-14 03:51:55.2258821 -03:00,1722409,2025-06-14 02:39:08.4052237 -03:00,10,0
1722496,26,26-CAMBIO DE HERRAMIENTAS DEBIDO A DESGASTE,351,siderca\12985,"CA15,GA15,CDT",2025-06-14 05:26:05.4622820 -03:00,1722452,2025-06-14 04:07:32.4273754 -03:00,9,0
1722528,26,26-CAMBIO DE HERRAMIENTAS DEBIDO A DESGASTE,682.793,siderca\12985,"CPA,CA15,GA15,CDS,GDS,CDT",2025-06-14 06:42:23.6703783 -03:00,1722496,2025-06-14 05:31:56.4622820 -03:00,10,0
1722571,26,26-CAMBIO DE HERRAMIENTAS DEBIDO A DESGASTE,763,siderca\12985,"CPT,CSR,GSR,CA15,GA15,CDS,GDS,CDT",2025-06-14 08:13:21.6763754 -03:00,1722528,2025-06-14 06:53:46.4634623 -03:00,10,0
1722675,26,26-CAMBIO DE HERRAMIENTAS DEBIDO A DESGASTE,695,siderca\12985,"CPA,CA15,GA15,CFC,GFC,CDT",2025-06-14 11:09:50.5724341 -03:00,1722571,2025-06-14 08:26:04.6763754 -03:00,15,0
1722774,26,26-CAMBIO DE HERRAMIENTAS DEBIDO A DESGASTE,291.075,siderca\60062567,"CA15,GA15,GDS,CDT,GH",2025-06-14 13:18:33.2718448 -03:00,1722675,2025-06-14 11:21:25.5724341 -03:00,11,0
1722804,26,26-CAMBIO DE HERRAMIENTAS DEBIDO A DESGASTE,611,siderca\60062567,"CPT,CPA,GSR,CA15,GA12,CFC,GDS,CDT,CH",2025-06-14 14:31:52.2179382 -03:00,1722774,2025-06-14 13:23:24.3464535 -03:00,10,0
1722866,26,26-CAMBIO DE HERRAMIENTAS DEBIDO A DESGASTE,788,siderca\60062567,"CPA,CA15,GA12,CFC,GDS,CDT,GH",2025-06-14 16:54:56.9613100 -03:00,1722804,2025-06-14 14:42:03.2179382 -03:00,14,0
1722915,26,26-CAMBIO DE HERRAMIENTAS DEBIDO A DESGASTE,563.113,siderca\60062567,"CPT,CPA,GSR,CA15,GA12,CDT,CH",2025-06-14 18:26:32.9368548 -03:00,1722866,2025-06-14 17:08:04.9613100 -03:00,10,0
1722956,26,26-CAMBIO DE HERRAMIENTAS DEBIDO A DESGASTE,728.083,siderca\60062567,"CA15,GA12,CDT,CH",2025-06-14 19:58:17.4899577 -03:00,1722915,2025-06-14 18:35:56.0498968 -03:00,12,1
1723063,26,26-CAMBIO DE HERRAMIENTAS DEBIDO A DESGASTE,802,siderca\14611,"CPA,GA15,GFC,CDT",2025-06-14 22:42:37.3265854 -03:00,1722956,2025-06-14 20:10:25.5726060 -03:00,10,1
1723119,26,26-CAMBIO DE HERRAMIENTAS DEBIDO A DESGASTE,885.611,siderca\14611,"CPA,GA15,GFC,CDT",2025-06-15 00:33:02.5543904 -03:00,1723063,2025-06-14 22:55:59.3265854 -03:00,11,0
1723167,26,26-CAMBIO DE HERRAMIENTAS DEBIDO A DESGASTE,948,siderca\14611,"CPT,GSR,CA15,CFC,GDS,CDT",2025-06-15 01:58:05.2158136 -03:00,1723119,2025-06-15 00:47:48.1653573 -03:00,10,0
1723259,26,26-CAMBIO DE HERRAMIENTAS DEBIDO A DESGASTE,868,siderca\12985,"CPT,CPA,CA15,GA15,CFC,GFC,CDS,GDS,CDT",2025-06-15 05:00:00.0000000 -03:00,1723167,2025-06-15 02:13:53.2158136 -03:00,9,0
1723345,26,26-CAMBIO DE HERRAMIENTAS DEBIDO A DESGASTE,568.943,siderca\12985,"CSR,GSR,CA15,GA15,CDS,GDS,CDT",2025-06-15 07:44:59.5078108 -03:00,1723259,2025-06-15 05:14:28.0000000 -03:00,13,4
1723437,26,26-CAMBIO DE HERRAMIENTAS DEBIDO A DESGASTE,803,siderca\12985,"CPA,CA15,GA15,CFC,GFC,CDS,GDS,CDT",2025-06-15 10:28:46.4594496 -03:00,1723345,2025-06-15 07:54:28.4503276 -03:00,9,0
1723492,26,26-CAMBIO DE HERRAMIENTAS DEBIDO A DESGASTE,692,siderca\12985,"CPT,CSR,CA15,GA15,CDT",2025-06-15 12:20:22.3778640 -03:00,1723437,2025-06-15 10:42:09.4594496 -03:00,10,1
1723585,26,26-CAMBIO DE HERRAMIENTAS DEBIDO A DESGASTE,934,siderca\60062567,"CPT,CPA,GSR,CA15,GA12,CFC,CDT,GH",2025-06-15 14:14:22.4734093 -03:00,1723492,2025-06-15 12:31:54.3778640 -03:00,12,3
1723716,26,26-CAMBIO DE HERRAMIENTAS DEBIDO A DESGASTE,396.084,siderca\60062567,"CA15,GA12,CFC,CDT,GH",2025-06-15 18:17:54.2578709 -03:00,1723585,2025-06-15 14:29:56.4734093 -03:00,18,0
1723762,26,26-CAMBIO DE HERRAMIENTAS DEBIDO A DESGASTE,300.025,siderca\60062567,"CPT,CPA,GSR,CA15,GH",2025-06-15 19:40:09.1247936 -03:00,1723716,2025-06-15 18:24:30.3410167 -03:00,10,1
1723848,26,26-CAMBIO DE HERRAMIENTAS DEBIDO A DESGASTE,759,siderca\14611,"CPA,GA15,GFC,GDS",2025-06-15 22:13:50.1489547 -03:00,1723762,2025-06-15 19:45:09.1492457 -03:00,12,0
1723905,26,26-CAMBIO DE HERRAMIENTAS DEBIDO A DESGASTE,842,siderca\14611,"CPT,CPA,CA15,CFC,CDT",2025-06-15 23:54:56.3708569 -03:00,1723848,2025-06-15 22:26:29.1489547 -03:00,10,0
1724227,26,26-CAMBIO DE HERRAMIENTAS DEBIDO A DESGASTE,891,siderca\12985,"CPT,CPA,CSR,GSR,CA15,GA15,CFC,GFC,CDS,GDS,CDT",2025-06-17 09:23:55.2809953 -03:00,1723905,2025-06-16 00:08:58.3708569 -03:00,30,0
1724312,26,26-CAMBIO DE HERRAMIENTAS DEBIDO A DESGASTE,575,siderca\12985,"CA15,GA15,CFC,GFC,CDT",2025-06-17 11:43:26.5204005 -03:00,1724227,2025-06-17 09:38:46.2809953 -03:00,12,1
1725717,26,26-CAMBIO DE HERRAMIENTAS DEBIDO A DESGASTE,822.941,siderca\14611,"CPA,CFC,CDT",2025-06-19 03:34:06.2072732 -03:00,1724312,2025-06-17 11:53:01.5204005 -03:00,26,1
1725776,26,26-CAMBIO DE HERRAMIENTAS DEBIDO A DESGASTE,796,siderca\60062567,"CPT,CPA,GSR,CA15,GA12,GFC,CDS,GDS,CDT,GH",2025-06-19 05:00:00.0000000 -03:00,1725717,2025-06-19 03:47:49.1489197 -03:00,9,0
1725856,26,26-CAMBIO DE HERRAMIENTAS DEBIDO A DESGASTE,395.199,siderca\60062567,"CA15,GH",2025-06-19 07:04:59.1157976 -03:00,1725776,2025-06-19 05:13:16.0000000 -03:00,12,0
1725938,26,26-CAMBIO DE HERRAMIENTAS DEBIDO A DESGASTE,568.339,siderca\60062567,"CPA,CA15,GA12,GFC,GDS,CDT,GH",2025-06-19 09:17:43.7623319 -03:00,1725856,2025-06-19 07:11:34.3141106 -03:00,12,0
1725992,26,26-CAMBIO DE HERRAMIENTAS DEBIDO A DESGASTE,386.589,siderca\60062567,"CPT,GSR,CA15,GFC,GDS,CDT,GH",2025-06-19 10:50:00.8607787 -03:00,1725938,2025-06-19 09:27:12.1019219 -03:00,10,0
1726108,26,26-CAMBIO DE HERRAMIENTAS DEBIDO A DESGASTE,1020.453,siderca\60062524,"CPA,CA15,GA15,CFC,GFC,CDS,GDS,CDT",2025-06-19 13:05:36.0000000 -03:00,1725992,2025-06-19 10:56:27.4498883 -03:00,13,2
1726162,26,26-CAMBIO DE HERRAMIENTAS DEBIDO A DESGASTE,546.388,siderca\60062524,"CPA,GA15,CA12,GA12,CDT",2025-06-19 14:43:58.3763601 -03:00,1726108,2025-06-19 13:22:36.4533145 -03:00,10,0
1726203,26,26-CAMBIO DE HERRAMIENTAS DEBIDO A DESGASTE,126.88,siderca\60062524,CPT,2025-06-19 15:38:34.4600306 -03:00,1726162,2025-06-19 14:53:04.7640834 -03:00,5,1
1726237,26,26-CAMBIO DE HERRAMIENTAS DEBIDO A DESGASTE,891.398,siderca\60062524,"CPT,CSR,GSR,CA15,GA15,GA12,CFC,GFC,CDS,CDT",2025-06-19 16:22:17.8411012 -03:00,1726203,2025-06-19 15:40:41.3400316 -03:00,4,0
1726304,26,26-CAMBIO DE HERRAMIENTAS DEBIDO A DESGASTE,341.466,siderca\60062524,CPT,2025-06-19 18:12:45.4547668 -03:00,1726237,2025-06-19 16:37:09.2394519 -03:00,9,0
1726318,26,26-CAMBIO DE HERRAMIENTAS DEBIDO A DESGASTE,636.314,siderca\60062524,"CPA,CA15,GA15,GA12,CDT",2025-06-19 18:32:19.4814555 -03:00,1726304,2025-06-19 18:18:26.9207880 -03:00,2,0
1726395,26,26-CAMBIO DE HERRAMIENTAS DEBIDO A DESGASTE,600.188,siderca\60062524,"CPA,GA15,GA12,CFC,GFC,CDS,GDS",2025-06-19 20:09:00.8698336 -03:00,1726318,2025-06-19 18:42:55.7950708 -03:00,10,1
1726509,26,26-CAMBIO DE HERRAMIENTAS DEBIDO A DESGASTE,720.76,siderca\14611,"CPT,CPA,GSR,CA15,CFC,CDS,CDT",2025-06-19 22:52:06.1438264 -03:00,1726395,2025-06-19 20:19:01.0578605 -03:00,9,0
1726551,26,26-CAMBIO DE HERRAMIENTAS DEBIDO A DESGASTE,609.806,siderca\14611,"GA15,GFC,GDS",2025-06-20 01:05:10.4187024 -03:00,1726509,2025-06-19 23:04:06.9039286 -03:00,12,0
1726558,26,26-CAMBIO DE HERRAMIENTAS DEBIDO A DESGASTE,634,siderca\14611,"CPT,CSR,CA15,CFC,GDS,CDT",2025-06-20 01:22:23.2245918 -03:00,1726551,2025-06-20 01:15:20.2245918 -03:00,1,0
1726597,26,26-CAMBIO DE HERRAMIENTAS DEBIDO A DESGASTE,948,siderca\14611,"CPT,CPA,CA15,CFC,GDS,CDT",2025-06-20 02:51:44.6550227 -03:00,1726558,2025-06-20 01:32:57.2245918 -03:00,7,0
1726784,26,26-CAMBIO DE HERRAMIENTAS DEBIDO A DESGASTE,1061.227,siderca\60062567,"CPT,CPA,GSR,CA15,GA12,CFC,GDS,CDT,GH",2025-06-21 05:00:00.0000000 -03:00,1726597,2025-06-20 03:07:32.6550227 -03:00,9,0
1726824,26,26-CAMBIO DE HERRAMIENTAS DEBIDO A DESGASTE,281.525,siderca\60062567,"CA15,CFC,GH",2025-06-21 06:44:45.3365798 -03:00,1726784,2025-06-21 05:17:41.2277655 -03:00,11,0
1726869,26,26-CAMBIO DE HERRAMIENTAS DEBIDO A DESGASTE,521.215,siderca\60062567,"CPA,CA15,CFC,GDS,CDT,GH",2025-06-21 08:20:34.4890275 -03:00,1726824,2025-06-21 06:49:26.8616281 -03:00,9,0
1726921,26,26-CAMBIO DE HERRAMIENTAS DEBIDO A DESGASTE,553.961,siderca\60062567,"CPT,GSR,CA15,CFC,GH",2025-06-21 09:56:36.5786760 -03:00,1726869,2025-06-21 08:29:15.7045342 -03:00,10,1
1726987,26,26-CAMBIO DE HERRAMIENTAS DEBIDO A DESGASTE,631.655,siderca\60062567,"CPA,CA15,CFC,GDS,CDT,GH",2025-06-21 11:41:40.5559515 -03:00,1726921,2025-06-21 10:05:50.5390227 -03:00,12,1
1727102,26,26-CAMBIO DE HERRAMIENTAS DEBIDO A DESGASTE,1093.776,siderca\60062524,"CPT,CPA,CSR,GA15,GFC,GDS,CH",2025-06-21 14:50:30.0516114 -03:00,1726987,2025-06-21 11:52:12.2108716 -03:00,16,1
1727154,26,26-CAMBIO DE HERRAMIENTAS DEBIDO A DESGASTE,135.688,siderca\60062524,CPT,2025-06-21 16:38:56.2423222 -03:00,1727102,2025-06-21 15:08:43.8278886 -03:00,11,0
1727159,26,26-CAMBIO DE HERRAMIENTAS DEBIDO A DESGASTE,376.156,siderca\60062524,"GA15,GA12,CFC,GFC,CDT",2025-06-21 16:48:14.9300582 -03:00,1727154,2025-06-21 16:41:11.9300582 -03:00,0,0
1727189,26,26-CAMBIO DE HERRAMIENTAS DEBIDO A DESGASTE,549.228,siderca\60062524,"CPA,GA15,GA12,CFC,GFC,CDT",2025-06-21 18:02:50.3663231 -03:00,1727159,2025-06-21 16:54:31.0867990 -03:00,10,0
1727246,26,26-CAMBIO DE HERRAMIENTAS DEBIDO A DESGASTE,653.813,siderca\60062524,"CPT,CSR,GSR,GFC,CDT",2025-06-21 19:48:14.5585198 -03:00,1727189,2025-06-21 18:11:59.5944368 -03:00,9,3
1727322,26,26-CAMBIO DE HERRAMIENTAS DEBIDO A DESGASTE,660.625,siderca\12985,"CPA,CA15,GA15,CDS,GDS,CDT",2025-06-21 21:24:27.0229793 -03:00,1727246,2025-06-21 19:59:08.3710886 -03:00,10,1
1727376,26,26-CAMBIO DE HERRAMIENTAS DEBIDO A DESGASTE,695.263,siderca\12985,"CA15,GA15,CFC,GFC,CDT",2025-06-21 23:37:42.0261935 -03:00,1727322,2025-06-21 21:35:27.6473977 -03:00,13,0
1727410,26,26-CAMBIO DE HERRAMIENTAS DEBIDO A DESGASTE,886.762,siderca\12985,"CPT,CPA,CSR,GSR,CA15,GA15,CFC,CDS,GDS,CDT",2025-06-22 00:57:37.3332817 -03:00,1727376,2025-06-21 23:49:17.2894332 -03:00,9,0
1727458,26,26-CAMBIO DE HERRAMIENTAS DEBIDO A DESGASTE,595.163,siderca\12985,"CA15,GA15,CFC,GFC,CDT",2025-06-22 02:54:23.4637841 -03:00,1727410,2025-06-22 01:12:24.0954694 -03:00,12,0
1727510,26,26-CAMBIO DE HERRAMIENTAS DEBIDO A DESGASTE,597.915,siderca\12985,"CPA,CA15,GA15,CDS,GDS,CDT",2025-06-22 04:35:13.8427582 -03:00,1727458,2025-06-22 03:04:18.6260081 -03:00,10,2
1727572,26,26-CAMBIO DE HERRAMIENTAS DEBIDO A DESGASTE,205.174,siderca\60062567,CPA,2025-06-22 05:59:47.0897637 -03:00,1727510,2025-06-22 04:45:11.7579665 -03:00,5,0
1727599,26,26-CAMBIO DE HERRAMIENTAS DEBIDO A DESGASTE,480.945,siderca\60062567,"CPT,CSR,GSR,CA15,CA12,CFC,GDS,CDT,GH",2025-06-22 06:53:42.5065359 -03:00,1727572,2025-06-22 06:03:12.2639745 -03:00,4,0
1727612,26,26-CAMBIO DE HERRAMIENTAS DEBIDO A DESGASTE,512.344,siderca\60062567,"CPT,GSR,CA15,CA12,CFC,GDS,CDT,GH",2025-06-22 07:37:43.7708440 -03:00,1727599,2025-06-22 07:01:43.4514760 -03:00,3,3
1727703,26,26-CAMBIO DE HERRAMIENTAS DEBIDO A DESGASTE,422.781,siderca\60062567,"CA15,CFC,GDS,CDT,GH",2025-06-22 10:40:54.3639781 -03:00,1727612,2025-06-22 07:46:16.1148289 -03:00,11,4
1727746,26,26-CAMBIO DE HERRAMIENTAS DEBIDO A DESGASTE,790.151,siderca\60062567,"CPT,CSR,GSR,CA15,CA12,CFC,GDS,CDT,GH",2025-06-22 12:02:01.9674007 -03:00,1727703,2025-06-22 10:47:57.1445353 -03:00,9,0
1727829,26,26-CAMBIO DE HERRAMIENTAS DEBIDO A DESGASTE,300.666,siderca\60062291,"CA15,GA15,GA12",2025-06-22 13:54:08.3365615 -03:00,1727746,2025-06-22 12:15:12.1181629 -03:00,11,1
1727874,26,26-CAMBIO DE HERRAMIENTAS DEBIDO A DESGASTE,1029.068,siderca\60062291,"CPT,CPA,GSR,CA15,GA15,GA12,CFC,GFC,GDS",2025-06-22 15:13:35.6611531 -03:00,1727829,2025-06-22 13:59:09.0024206 -03:00,9,0
1727914,26,26-CAMBIO DE HERRAMIENTAS DEBIDO A DESGASTE,366.025,siderca\60062291,"GA15,CA12",2025-06-22 16:52:08.9496993 -03:00,1727874,2025-06-22 15:30:44.7296562 -03:00,11,0
1727947,26,26-CAMBIO DE HERRAMIENTAS DEBIDO A DESGASTE,625,siderca\60062291,"CPA,GA15,GA12,GFC,GDS",2025-06-22 17:59:45.3154140 -03:00,1727914,2025-06-22 16:58:14.9741887 -03:00,9,0
1728005,26,26-CAMBIO DE HERRAMIENTAS DEBIDO A DESGASTE,569,siderca\60062291,"CPT,GSR,CA15,GA15,GA12",2025-06-22 19:56:30.1921821 -03:00,1727947,2025-06-22 18:10:10.3154140 -03:00,10,0
1728062,26,26-CAMBIO DE HERRAMIENTAS DEBIDO A DESGASTE,704.966,siderca\12985,"CPA,CA15,GA15,CFC,GFC,CDS,GDS,CDT",2025-06-22 21:24:19.8458301 -03:00,1728005,2025-06-22 20:05:59.1921821 -03:00,10,0
1728103,26,26-CAMBIO DE HERRAMIENTAS DEBIDO A DESGASTE,675.129,siderca\12985,"CPT,CA15,GA15,CDS,GDS,CDT",2025-06-22 23:01:51.3602441 -03:00,1728062,2025-06-22 21:36:04.8112344 -03:00,11,1
1728139,26,26-CAMBIO DE HERRAMIENTAS DEBIDO A DESGASTE,845,siderca\12985,"CPT,CPA,CSR,GSR,CA15,GA15,CFC,GFC,CDS,GDS,CDT",2025-06-23 00:38:58.4124528 -03:00,1728103,2025-06-22 23:13:06.4898273 -03:00,10,0
1728205,26,26-CAMBIO DE HERRAMIENTAS DEBIDO A DESGASTE,828,siderca\12985,"CPT,CPA,CA15,GA15,CFC,GFC,CDT",2025-06-23 02:55:43.6095811 -03:00,1728139,2025-06-23 00:53:03.4124528 -03:00,12,0
1728279,26,26-CAMBIO DE HERRAMIENTAS DEBIDO A DESGASTE,784,siderca\60062567,"CPA,CA15,GA12,CFC,CDS,GDS,CDT,GH",2025-06-23 05:00:17.4664735 -03:00,1728205,2025-06-23 03:09:31.6095811 -03:00,11,0
1728346,26,26-CAMBIO DE HERRAMIENTAS DEBIDO A DESGASTE,841.324,siderca\60062567,"CA15,GA12,CFC,CDS,CDT,GH",2025-06-23 07:02:51.8385108 -03:00,1728279,2025-06-23 05:13:21.4664735 -03:00,9,0
1728584,26,26-CAMBIO DE HERRAMIENTAS DEBIDO A DESGASTE,900.892,siderca\60062291,"CPT,CPA,GSR,CA15,GA15,CA12,CFC,GFC,CDS",2025-06-23 14:11:37.3758968 -03:00,1728346,2025-06-23 07:16:53.1621282 -03:00,28,5
1728634,26,26-CAMBIO DE HERRAMIENTAS DEBIDO A DESGASTE,240.702,siderca\60062291,"GA15,GA12",2025-06-23 15:43:59.5435485 -03:00,1728584,2025-06-23 14:26:38.2674689 -03:00,9,0
1728675,26,26-CAMBIO DE HERRAMIENTAS DEBIDO A DESGASTE,686.856,siderca\60062291,"CPA,GA15,GA12,CFC,GFC,GDS",2025-06-23 17:05:00.6960813 -03:00,1728634,2025-06-23 15:48:00.2455059 -03:00,9,0
1728729,26,26-CAMBIO DE HERRAMIENTAS DEBIDO A DESGASTE,600.724,siderca\60062291,"CPT,GSR,CA15,GA15,GA12",2025-06-23 18:36:50.0284341 -03:00,1728675,2025-06-23 17:16:27.5528597 -03:00,9,0
1728790,26,26-CAMBIO DE HERRAMIENTAS DEBIDO A DESGASTE,802.966,siderca\60062291,"CPA,CA15,GA15,CA12,CFC,GFC,GDS",2025-06-23 20:15:54.3160794 -03:00,1728729,2025-06-23 18:46:50.7524685 -03:00,8,1
1728895,26,26-CAMBIO DE HERRAMIENTAS DEBIDO A DESGASTE,841.174,siderca\12985,"CPT,CPA,CSR,GSR,CA15,GA15,CFC,GFC,CDS,GDS,CDT",2025-06-23 22:55:31.1245282 -03:00,1728790,2025-06-23 20:29:17.2825888 -03:00,17,0
1728962,26,26-CAMBIO DE HERRAMIENTAS DEBIDO A DESGASTE,529.295,siderca\12985,"GDS,CDT",2025-06-24 01:09:42.1154714 -03:00,1728895,2025-06-23 23:09:32.2983502 -03:00,13,0
1728998,26,26-CAMBIO DE HERRAMIENTAS DEBIDO A DESGASTE,875,siderca\12985,"CPA,CA15,GA15,CFC,GFC,CDS,GDS,CDT",2025-06-24 02:16:22.6759057 -03:00,1728962,2025-06-24 01:18:31.4105617 -03:00,7,0
1729045,26,26-CAMBIO DE HERRAMIENTAS DEBIDO A DESGASTE,810.252,siderca\12985,"CPT,CSR,GSR,CA15,GA15,CDS,GDS,CDT",2025-06-24 03:48:08.2204157 -03:00,1728998,2025-06-24 02:30:57.6759057 -03:00,10,0
1729197,26,26-CAMBIO DE HERRAMIENTAS DEBIDO A DESGASTE,433.496,siderca\60062524,"GA15,GFC,CDT",2025-06-24 08:36:00.1638975 -03:00,1729045,2025-06-24 04:01:38.4725616 -03:00,17,1
1729223,26,26-CAMBIO DE HERRAMIENTAS DEBIDO A DESGASTE,833,siderca\60062524,"CPT,CPA,CSR,GSR,GA15,GA12,GFC,GDS,CDT",2025-06-24 09:47:31.8288718 -03:00,1729197,2025-06-24 08:43:13.6594315 -03:00,8,0
1729393,26,26-CAMBIO DE HERRAMIENTAS DEBIDO A DESGASTE,571.182,siderca\60062291,"CPT,GA15,GA12",2025-06-24 14:17:18.2281928 -03:00,1729223,2025-06-24 10:01:24.8288718 -03:00,12,1
1729543,26,26-CAMBIO DE HERRAMIENTAS DEBIDO A DESGASTE,589.766,siderca\60062291,"CPT,CA15,GA12",2025-06-24 18:45:14.0999297 -03:00,1729393,2025-06-24 14:26:49.4108033 -03:00,19,0
1729617,26,26-CAMBIO DE HERRAMIENTAS DEBIDO A DESGASTE,770.882,siderca\12985,"CPT,CSR,GSR,CA15,GA15,CFC,GFC,CDS,GDS,CDT",2025-06-24 20:47:09.1184042 -03:00,1729543,2025-06-24 18:55:03.8651125 -03:00,11,0
1729631,26,26-CAMBIO DE HERRAMIENTAS DEBIDO A DESGASTE,225,siderca\12985,"CPT,CSR,GSR,CA15,GA15,CFC,GFC,CDS,GDS,CDT",2025-06-24 21:00:00.0000000 -03:00,1729617,2025-06-24 21:00:00.0000000 -03:00,0,0
1729723,26,26-CAMBIO DE HERRAMIENTAS DEBIDO A DESGASTE,592,siderca\12985,"CA15,GA15,CDT",2025-06-25 00:03:48.1574890 -03:00,1729631,2025-06-24 21:03:45.0000000 -03:00,12,0
1729770,26,26-CAMBIO DE HERRAMIENTAS DEBIDO A DESGASTE,632.623,siderca\12985,"CPT,CA15,GA15,CFC,GFC,CDS,GDS,CDT",2025-06-25 01:42:30.3161355 -03:00,1729723,2025-06-25 00:13:40.1574890 -03:00,11,0
1729861,26,26-CAMBIO DE HERRAMIENTAS DEBIDO A DESGASTE,600.2,siderca\12985,"CSR,GSR,CA15,GA15,CFC,GFC,CDT",2025-06-25 04:07:18.7659695 -03:00,1729770,2025-06-25 01:53:02.9398860 -03:00,10,0
1729937,26,26-CAMBIO DE HERRAMIENTAS DEBIDO A DESGASTE,918,siderca\60062524,"CPT,CPA,GSR,GA15,CA12,GA12,CFC,GFC,GDS,CDT",2025-06-25 05:52:20.0074136 -03:00,1729861,2025-06-25 04:17:18.9659192 -03:00,11,1
1730216,26,26-CAMBIO DE HERRAMIENTAS DEBIDO A DESGASTE,886.533,siderca\60062291,"CPT,GSR,GA15,GA12,GFC,CDS,GDS",2025-06-25 13:39:04.6955800 -03:00,1729937,2025-06-25 06:07:38.0074136 -03:00,12,5
1730265,26,26-CAMBIO DE HERRAMIENTAS DEBIDO A DESGASTE,452.412,siderca\60062291,"GA15,CA12,GA12",2025-06-25 15:30:01.3477000 -03:00,1730216,2025-06-25 13:53:51.2288522 -03:00,12,0
1730308,26,26-CAMBIO DE HERRAMIENTAS DEBIDO A DESGASTE,677,siderca\60062291,"CPT,CA15,GA12,CFC,GFC,GDS",2025-06-25 16:45:21.7771166 -03:00,1730265,2025-06-25 15:37:33.7596994 -03:00,9,0
1730345,26,26-CAMBIO DE HERRAMIENTAS DEBIDO A DESGASTE,398,siderca\60062291,"GSR,GA15,GA12",2025-06-25 18:08:26.1373392 -03:00,1730308,2025-06-25 16:56:38.7771166 -03:00,10,0
1730394,26,26-CAMBIO DE HERRAMIENTAS DEBIDO A DESGASTE,776,siderca\60062291,"CPT,GA15,CA12,GA12,GFC,CDS,GDS",2025-06-25 19:30:02.7313462 -03:00,1730345,2025-06-25 18:15:04.1373392 -03:00,10,0
1730491,26,26-CAMBIO DE HERRAMIENTAS DEBIDO A DESGASTE,392.645,siderca\12985,"CA15,GA15,CDT",2025-06-25 21:50:32.3410792 -03:00,1730394,2025-06-25 19:42:58.7313462 -03:00,13,1
1730645,26,26-CAMBIO DE HERRAMIENTAS DEBIDO A DESGASTE,556.864,siderca\12985,"CA15,GA15,CFC,GFC,CDS,GDS,CDT",2025-06-26 02:37:07.1052404 -03:00,1730491,2025-06-25 21:57:04.9864367 -03:00,14,1
1730799,26,26-CAMBIO DE HERRAMIENTAS DEBIDO A DESGASTE,881.544,siderca\60062524,"CPT,GA15,GA12,GFC,CDS,GDS,CDT",2025-06-26 06:45:10.8634313 -03:00,1730645,2025-06-26 02:46:23.9695646 -03:00,10,0
1730936,26,26-CAMBIO DE HERRAMIENTAS DEBIDO A DESGASTE,789.123,siderca\60062524,"CSR,GSR,GA15,GA12,GFC,CDT",2025-06-26 11:25:12.6614295 -03:00,1730799,2025-06-26 06:59:52.4073426 -03:00,9,1
1731029,26,26-CAMBIO DE HERRAMIENTAS DEBIDO A DESGASTE,754.146,siderca\60062291,"CPT,CA15,GA15,GA12,CFC,GFC,GDS",2025-06-26 14:06:40.4217884 -03:00,1730936,2025-06-26 11:38:21.7842397 -03:00,12,0
1731088,26,26-CAMBIO DE HERRAMIENTAS DEBIDO A DESGASTE,328.632,siderca\60062291,"CA15,GA15,GA12",2025-06-26 15:43:06.4183603 -03:00,1731029,2025-06-26 14:19:14.5675644 -03:00,9,0
1731158,26,26-CAMBIO DE HERRAMIENTAS DEBIDO A DESGASTE,864.045,siderca\60062291,"CPT,GSR,GA15,CA12,GA12,GFC,CDS,GDS",2025-06-26 17:14:42.2960033 -03:00,1731088,2025-06-26 15:48:35.0506034 -03:00,10,0
1731226,26,26-CAMBIO DE HERRAMIENTAS DEBIDO A DESGASTE,349.064,siderca\60062291,"GA15,CA12,GA12",2025-06-26 18:51:36.9649077 -03:00,1731158,2025-06-26 17:29:06.3413126 -03:00,10,0
1731281,26,26-CAMBIO DE HERRAMIENTAS DEBIDO A DESGASTE,729,siderca\60062291,"CPT,CA15,GA15,GA12,CFC,GFC,GDS",2025-06-26 20:11:51.2131327 -03:00,1731226,2025-06-26 18:57:26.0282424 -03:00,9,1
1731370,26,26-CAMBIO DE HERRAMIENTAS DEBIDO A DESGASTE,441.576,siderca\60062567,"GSR,CA15,GH",2025-06-26 21:58:34.6022518 -03:00,1731281,2025-06-26 20:24:00.2131327 -03:00,11,0
1731426,26,26-CAMBIO DE HERRAMIENTAS DEBIDO A DESGASTE,745,siderca\60062567,"CPT,CA15,GA12,CFC,CDS,GDS,CDT,CH,GH",2025-06-26 23:14:53.8721044 -03:00,1731370,2025-06-26 22:05:56.1780172 -03:00,8,0
1731513,26,26-CAMBIO DE HERRAMIENTAS DEBIDO A DESGASTE,385.167,siderca\60062567,"GSR,CA15,GH",2025-06-27 01:01:48.0687547 -03:00,1731426,2025-06-26 23:27:18.8721044 -03:00,12,0
1731571,26,26-CAMBIO DE HERRAMIENTAS DEBIDO A DESGASTE,662.887,siderca\60062567,"CPT,CSR,GSR,CA15,GA12,CFC,CDS,GDS,CDT,CH,GH",2025-06-27 02:14:10.4086144 -03:00,1731513,2025-06-27 01:08:13.2357229 -03:00,10,0
1731655,26,26-CAMBIO DE HERRAMIENTAS DEBIDO A DESGASTE,462.107,siderca\60062567,"GSR,CA15,GH",2025-06-27 03:53:34.6403345 -03:00,1731571,2025-06-27 02:25:13.2950107 -03:00,11,0
1731734,26,26-CAMBIO DE HERRAMIENTAS DEBIDO A DESGASTE,863,siderca\60062524,"CPT,CSR,GSR,GA15,GA12,GFC,GDS,CDT",2025-06-27 05:30:39.5934400 -03:00,1731655,2025-06-27 04:01:16.7476439 -03:00,10,0
1731804,26,26-CAMBIO DE HERRAMIENTAS DEBIDO A DESGASTE,319.186,siderca\60062524,"GA15,GA12,CDT",2025-06-27 07:07:41.5036160 -03:00,1731734,2025-06-27 05:45:02.5934400 -03:00,11,0
1731849,26,26-CAMBIO DE HERRAMIENTAS DEBIDO A DESGASTE,1057,siderca\60062524,"CPT,CSR,GSR,GA15,CA12,CFC,GFC,CDS,GDS,CDT",2025-06-27 08:18:59.6853970 -03:00,1731804,2025-06-27 07:13:00.6898622 -03:00,10,1
1731907,26,26-CAMBIO DE HERRAMIENTAS DEBIDO A DESGASTE,415.198,siderca\60062524,"GA15,CDT",2025-06-27 10:09:13.2878104 -03:00,1731849,2025-06-27 08:36:36.6853970 -03:00,11,0
1731956,26,26-CAMBIO DE HERRAMIENTAS DEBIDO A DESGASTE,791,siderca\60062524,"CPT,GA15,GA12,GFC,GDS,CDT",2025-06-27 11:35:08.9159110 -03:00,1731907,2025-06-27 10:16:08.4853182 -03:00,9,0
1732017,26,26-CAMBIO DE HERRAMIENTAS DEBIDO A DESGASTE,441,siderca\60062291,"CSR,GSR,CA15,GA15,GA12",2025-06-27 13:10:55.5605308 -03:00,1731956,2025-06-27 11:48:19.9159110 -03:00,10,0
1732088,26,26-CAMBIO DE HERRAMIENTAS DEBIDO A DESGASTE,739.018,siderca\60062291,"CPT,GA15,CA12,GA12,CFC,GFC,GDS",2025-06-27 15:33:01.3338965 -03:00,1732017,2025-06-27 13:18:16.5605308 -03:00,10,0
1732139,26,26-CAMBIO DE HERRAMIENTAS DEBIDO A DESGASTE,240,siderca\60062291,"CA15,GA15,CA12,GA12",2025-06-27 16:58:36.9334528 -03:00,1732088,2025-06-27 15:45:20.3512537 -03:00,11,1
1732197,26,26-CAMBIO DE HERRAMIENTAS DEBIDO A DESGASTE,837,siderca\60062291,"CPT,CSR,GSR,GA15,GA12,GFC,GDS",2025-06-27 18:51:01.0646188 -03:00,1732139,2025-06-27 17:02:36.9334528 -03:00,10,2
1732251,26,26-CAMBIO DE HERRAMIENTAS DEBIDO A DESGASTE,308.16,siderca\60062291,"CA15,GA15,GA12",2025-06-27 20:22:55.5565721 -03:00,1732197,2025-06-27 19:04:58.0646188 -03:00,10,1
1732292,26,26-CAMBIO DE HERRAMIENTAS DEBIDO A DESGASTE,799.939,siderca\60062567,"CPT,GSR,GA15,CA12,GA12,CFC,GFC,GDS,CDT,GH",2025-06-27 21:16:52.2138506 -03:00,1732251,2025-06-27 20:28:03.7169530 -03:00,6,1
1732368,26,26-CAMBIO DE HERRAMIENTAS DEBIDO A DESGASTE,329.549,siderca\60062567,"CA15,GH",2025-06-27 23:32:23.0099148 -03:00,1732292,2025-06-27 21:30:12.1521399 -03:00,12,4
1732408,26,26-CAMBIO DE HERRAMIENTAS DEBIDO A DESGASTE,928.448,siderca\60062567,"CPT,GSR,GA15,CA12,GA12,CFC,GFC,GDS,CDT,GH",2025-06-28 00:37:10.1418406 -03:00,1732368,2025-06-27 23:37:52.5589401 -03:00,8,0
1732467,26,26-CAMBIO DE HERRAMIENTAS DEBIDO A DESGASTE,399.513,siderca\60062567,"CA15,GA12,GH",2025-06-28 02:11:05.5674970 -03:00,1732408,2025-06-28 00:52:38.5894370 -03:00,10,0
1732544,26,26-CAMBIO DE HERRAMIENTAS DEBIDO A DESGASTE,759.561,siderca\60062567,"CPT,GSR,GA15,CA12,GA12,CFC,GFC,GDS,CDT,GH",2025-06-28 04:03:19.2852612 -03:00,1732467,2025-06-28 02:17:45.0806157 -03:00,14,0
1732605,26,26-CAMBIO DE HERRAMIENTAS DEBIDO A DESGASTE,791.918,siderca\60062524,"CSR,GSR,GA15,CFC,GFC,CDT,CH",2025-06-28 05:39:56.5081258 -03:00,1732544,2025-06-28 04:15:58.8464576 -03:00,10,0
1732653,26,26-CAMBIO DE HERRAMIENTAS DEBIDO A DESGASTE,574,siderca\60062524,"CPT,GA15,GA12,GFC,CDT",2025-06-28 06:58:55.2512559 -03:00,1732605,2025-06-28 05:53:08.4268279 -03:00,9,0
1732709,26,26-CAMBIO DE HERRAMIENTAS DEBIDO A DESGASTE,558,siderca\60062524,"GA15,GFC,GH",2025-06-28 08:27:48.4964593 -03:00,1732653,2025-06-28 07:08:29.2512559 -03:00,11,0
1732753,26,26-CAMBIO DE HERRAMIENTAS DEBIDO A DESGASTE,829,siderca\60062524,"CPT,CSR,GSR,CA15,GA15,GA12,CFC,GFC,GDS,CDT",2025-06-28 10:00:05.8227473 -03:00,1732709,2025-06-28 08:37:06.4964593 -03:00,10,0
1732820,26,26-CAMBIO DE HERRAMIENTAS DEBIDO A DESGASTE,357,siderca\60062524,"GA15,GA12,GFC,CDT",2025-06-28 11:41:20.7211442 -03:00,1732753,2025-06-28 10:13:54.8227473 -03:00,11,0
1732891,26,26-CAMBIO DE HERRAMIENTAS DEBIDO A DESGASTE,867,siderca\12985,"CPT,CSR,GSR,CA15,GA15,CFC,GFC,CDS,GDS,CDT",2025-06-28 13:09:39.5646469 -03:00,1732820,2025-06-28 11:47:17.7211442 -03:00,10,0
1732949,26,26-CAMBIO DE HERRAMIENTAS DEBIDO A DESGASTE,531,siderca\12985,"CA15,GA15,CDT",2025-06-28 14:49:06.4243556 -03:00,1732891,2025-06-28 13:24:06.5646469 -03:00,11,0
1733004,26,26-CAMBIO DE HERRAMIENTAS DEBIDO A DESGASTE,812.936,siderca\12985,"CPT,CA15,GA15,CFC,GFC,CDS,GDS,CDT",2025-06-28 16:18:17.9747034 -03:00,1732949,2025-06-28 14:57:57.4243556 -03:00,11,0
1733066,26,26-CAMBIO DE HERRAMIENTAS DEBIDO A DESGASTE,603.185,siderca\12985,"GSR,GDS,CDT",2025-06-28 17:38:37.4272816 -03:00,1733004,2025-06-28 16:31:50.9108130 -03:00,10,0
1733117,26,26-CAMBIO DE HERRAMIENTAS DEBIDO A DESGASTE,551.997,siderca\12985,"CPT,CA15,GA15,CDT",2025-06-28 18:58:24.5509981 -03:00,1733066,2025-06-28 17:48:40.6127453 -03:00,9,0
1733161,26,26-CAMBIO DE HERRAMIENTAS DEBIDO A DESGASTE,335.723,siderca\12985,"CA15,GA15,CDT",2025-06-28 20:13:52.8998656 -03:00,1733117,2025-06-28 19:07:36.5479132 -03:00,9,0
1733216,26,26-CAMBIO DE HERRAMIENTAS DEBIDO A DESGASTE,591.89,siderca\12985,"CPT,CA15,GA15,CFC,GFC,CDS,GDS,CDT",2025-06-28 21:30:22.6500877 -03:00,1733161,2025-06-28 20:19:28.6226403 -03:00,8,0
1733261,26,26-CAMBIO DE HERRAMIENTAS DEBIDO A DESGASTE,215.884,siderca\60062567,"CA15,GA15,CDT",2025-06-28 22:55:42.9596686 -03:00,1733216,2025-06-28 21:40:14.5400740 -03:00,10,0
1733306,26,26-CAMBIO DE HERRAMIENTAS DEBIDO A DESGASTE,520.472,siderca\60062567,"CPT,CA15,GA15,CFC,GFC,CDS,GDS,CDT",2025-06-29 00:17:13.1922520 -03:00,1733261,2025-06-28 22:59:18.8436382 -03:00,11,0
1733339,26,26-CAMBIO DE HERRAMIENTAS DEBIDO A DESGASTE,336.856,siderca\60062567,"CA15,GA15,CDT",2025-06-29 01:35:39.8026634 -03:00,1733306,2025-06-29 00:25:53.6643769 -03:00,9,0
1733378,26,26-CAMBIO DE HERRAMIENTAS DEBIDO A DESGASTE,572.232,siderca\60062567,"CPT,CA15,GA15,CFC,GFC,CDS,GDS,CDT,GH",2025-06-29 02:53:58.2784953 -03:00,1733339,2025-06-29 01:41:16.6585765 -03:00,9,1
1733414,26,26-CAMBIO DE HERRAMIENTAS DEBIDO A DESGASTE,253.26,siderca\60062567,"CA15,GA15,CDT",2025-06-29 04:14:02.1662243 -03:00,1733378,2025-06-29 03:03:30.5105127 -03:00,10,0
1733467,26,26-CAMBIO DE HERRAMIENTAS DEBIDO A DESGASTE,913,siderca\60062524,"CPT,GSR,GA15,CA12,CFC,GFC,CDS,GDS,CDT",2025-06-29 05:49:45.7828928 -03:00,1733414,2025-06-29 04:18:15.4262677 -03:00,11,1
1733532,26,26-CAMBIO DE HERRAMIENTAS DEBIDO A DESGASTE,390,siderca\60062524,"GA15,CDT",2025-06-29 08:03:17.0026017 -03:00,1733467,2025-06-29 06:04:58.7828928 -03:00,13,0
1733586,26,26-CAMBIO DE HERRAMIENTAS DEBIDO A DESGASTE,626,siderca\60062524,"CPT,GA15,GA12,CFC,GFC,CDS,GDS",2025-06-29 09:20:27.2676754 -03:00,1733532,2025-06-29 08:09:47.0026017 -03:00,10,0
1733631,26,26-CAMBIO DE HERRAMIENTAS DEBIDO A DESGASTE,470.199,siderca\60062524,"GSR,GA15,GH",2025-06-29 10:45:12.0532051 -03:00,1733586,2025-06-29 09:30:53.2676754 -03:00,10,0
1733660,26,26-CAMBIO DE HERRAMIENTAS DEBIDO A DESGASTE,813,siderca\60062524,"CPT,GA15,GA12,CFC,GFC,CDT",2025-06-29 11:58:56.9089062 -03:00,1733631,2025-06-29 10:53:02.2520565 -03:00,10,0
1733717,26,26-CAMBIO DE HERRAMIENTAS DEBIDO A DESGASTE,583.747,siderca\12985,"CA15,GA15,CFC,CDT",2025-06-29 13:37:37.5490156 -03:00,1733660,2025-06-29 12:12:29.9089062 -03:00,11,0
1733770,26,26-CAMBIO DE HERRAMIENTAS DEBIDO A DESGASTE,815,siderca\12985,"CPT,CSR,GSR,CA15,GA15,CFC,CDS,GDS,CDT",2025-06-29 15:06:22.8582267 -03:00,1733717,2025-06-29 13:47:21.2962172 -03:00,10,0
1733836,26,26-CAMBIO DE HERRAMIENTAS DEBIDO A DESGASTE,467.774,siderca\12985,"CA15,GA15,CDT",2025-06-29 16:57:10.5723659 -03:00,1733770,2025-06-29 15:19:57.8582267 -03:00,12,0
1733878,26,26-CAMBIO DE HERRAMIENTAS DEBIDO A DESGASTE,738,siderca\12985,"CPT,CA15,GA15,CFC,GFC,CDS,GDS,CDT",2025-06-29 18:11:06.6517832 -03:00,1733836,2025-06-29 17:04:58.3460433 -03:00,9,0
1733925,26,26-CAMBIO DE HERRAMIENTAS DEBIDO A DESGASTE,502.644,siderca\12985,"CSR,GSR,CA15,GA15,CDT",2025-06-29 19:30:28.7000389 -03:00,1733878,2025-06-29 18:23:24.6517832 -03:00,10,0
1733992,26,26-CAMBIO DE HERRAMIENTAS DEBIDO A DESGASTE,506.951,siderca\12985,"CPT,CSR,GSR,CA15,GA15,CFC,CDS,GDS,CDT",2025-06-29 21:00:00.0000000 -03:00,1733925,2025-06-29 19:38:51.3449240 -03:00,9,0
1734550,26,26-CAMBIO DE HERRAMIENTAS DEBIDO A DESGASTE,577,siderca\12985,"CA15,GA15,CDT",2025-06-30 15:27:19.2286768 -03:00,1733992,2025-06-29 21:08:26.9515479 -03:00,24,2
1734593,26,26-CAMBIO DE HERRAMIENTAS DEBIDO A DESGASTE,835.269,siderca\12985,"CPT,CA15,GA15,CFC,GFC,CDS,GDS,CDT",2025-06-30 16:54:36.3124363 -03:00,1734550,2025-06-30 15:36:56.2286768 -03:00,10,0
1734639,26,26-CAMBIO DE HERRAMIENTAS DEBIDO A DESGASTE,793.113,siderca\12985,"CSR,GSR,CA15,GA15,CFC,CDT",2025-06-30 18:22:39.6838008 -03:00,1734593,2025-06-30 17:08:31.5819617 -03:00,9,0
1734673,26,26-CAMBIO DE HERRAMIENTAS DEBIDO A DESGASTE,287.241,siderca\12985,CPT,2025-06-30 19:29:51.3728307 -03:00,1734639,2025-06-30 18:35:52.7965045 -03:00,6,0
1734696,26,26-CAMBIO DE HERRAMIENTAS DEBIDO A DESGASTE,762,siderca\12985,"CPT,CA15,GA15,CFC,GFC,CDS,GDS,CDT",2025-06-30 20:17:22.7311893 -03:00,1734673,2025-06-30 19:34:38.6134204 -03:00,6,1
1734767,26,26-CAMBIO DE HERRAMIENTAS DEBIDO A DESGASTE,352.42,siderca\60062567,"CA15,GA15,CFC,CDT,GH",2025-06-30 22:18:30.3874516 -03:00,1734696,2025-06-30 20:30:04.7311893 -03:00,12,0
1734881,26,26-CAMBIO DE HERRAMIENTAS DEBIDO A DESGASTE,214.546,siderca\60062567,CPT,2025-07-01 01:59:30.5294934 -03:00,1734767,2025-06-30 22:24:22.8077489 -03:00,21,1
1734883,26,26-CAMBIO DE HERRAMIENTAS DEBIDO A DESGASTE,368.874,siderca\60062567,"CA15,GA15,CDT,GH",2025-07-01 02:10:08.0755812 -03:00,1734881,2025-07-01 02:03:05.0755812 -03:00,0,0
1734924,26,26-CAMBIO DE HERRAMIENTAS DEBIDO A DESGASTE,730.142,siderca\60062567,"CPT,GSR,CA15,GA15,CFC,GDS,CDT,GH",2025-07-01 03:29:38.2832069 -03:00,1734883,2025-07-01 02:16:16.9495779 -03:00,9,0
1734955,26,26-CAMBIO DE HERRAMIENTAS DEBIDO A DESGASTE,406.642,siderca\60062567,"CSR,GSR,CA15,GA15,CDT,GH",2025-07-01 04:28:01.7658310 -03:00,1734924,2025-07-01 03:41:48.4251928 -03:00,5,0
1735021,26,26-CAMBIO DE HERRAMIENTAS DEBIDO A DESGASTE,696.431,siderca\60062291,"CA15,GA15,GA12,GFC,GDS",2025-07-01 06:13:23.2925075 -03:00,1734955,2025-07-01 04:34:48.4075059 -03:00,8,1
1735058,26,26-CAMBIO DE HERRAMIENTAS DEBIDO A DESGASTE,636.37,siderca\60062291,"CPT,GSR,GA15,GA12",2025-07-01 07:36:19.9357567 -03:00,1735021,2025-07-01 06:24:59.7232411 -03:00,10,0
1735111,26,26-CAMBIO DE HERRAMIENTAS DEBIDO A DESGASTE,700,siderca\60062291,"GA15,CA12,GFC,GDS",2025-07-01 09:07:36.9110050 -03:00,1735058,2025-07-01 07:46:56.3056864 -03:00,10,0
1735169,26,26-CAMBIO DE HERRAMIENTAS DEBIDO A DESGASTE,540.741,siderca\60062291,"CPT,CA15,GA15,GA12",2025-07-01 10:51:32.5406310 -03:00,1735111,2025-07-01 09:19:16.9110050 -03:00,11,0
1735224,26,26-CAMBIO DE HERRAMIENTAS DEBIDO A DESGASTE,856.759,siderca\60062291,"GSR,CA15,GA15,GA12,CFC,GFC,CDS",2025-07-01 12:24:12.5381501 -03:00,1735169,2025-07-01 11:00:33.2819679 -03:00,11,0
1735311,26,26-CAMBIO DE HERRAMIENTAS DEBIDO A DESGASTE,871.587,siderca\12985,"CPT,CA15,GA15,CFC,GFC,CDS,GDS,CDT",2025-07-01 14:18:25.3787663 -03:00,1735224,2025-07-01 12:38:29.2977914 -03:00,12,0
1735391,26,26-CAMBIO DE HERRAMIENTAS DEBIDO A DESGASTE,659,siderca\12985,"CA15,GA15,CFC,GFC,CDS,GDS,CDT",2025-07-01 16:40:01.9503981 -03:00,1735311,2025-07-01 14:32:56.9654982 -03:00,11,4
1735482,26,26-CAMBIO DE HERRAMIENTAS DEBIDO A DESGASTE,652.029,siderca\12985,"CPT,CSR,GSR,CA15,GA15,CDS,GDS",2025-07-01 19:02:45.1649137 -03:00,1735391,2025-07-01 16:51:00.9503981 -03:00,12,0
1735538,26,26-CAMBIO DE HERRAMIENTAS DEBIDO A DESGASTE,653.152,siderca\12985,"CA15,GA15,CDS,GDS,CDT",2025-07-01 20:40:02.4619636 -03:00,1735482,2025-07-01 19:13:37.1931593 -03:00,10,0
1735627,26,26-CAMBIO DE HERRAMIENTAS DEBIDO A DESGASTE,646.106,siderca\60062567,"CPT,CA15,GA15,CDS,GDS",2025-07-01 22:48:40.3971982 -03:00,1735538,2025-07-01 20:50:55.6131771 -03:00,10,0
1735686,26,26-CAMBIO DE HERRAMIENTAS DEBIDO A DESGASTE,539.696,siderca\60062567,"GSR,CA15,GA15,CDS,GDS",2025-07-02 00:21:21.9438035 -03:00,1735627,2025-07-01 22:59:26.5036296 -03:00,10,0
1735734,26,26-CAMBIO DE HERRAMIENTAS DEBIDO A DESGASTE,487.084,siderca\60062567,"GSR,CA15,GA15,CDS,GDS",2025-07-02 01:40:31.6076134 -03:00,1735686,2025-07-02 00:30:21.6398806 -03:00,8,0
1736078,26,26-CAMBIO DE HERRAMIENTAS DEBIDO A DESGASTE,251,siderca\60062291,"CA15,GA15,GA12",2025-07-02 12:08:14.3438981 -03:00,1735734,2025-07-02 01:48:38.6910226 -03:00,11,0
1736151,26,26-CAMBIO DE HERRAMIENTAS DEBIDO A DESGASTE,809.33,siderca\12985,"CPT,CA15,GA15,CFC,GFC,CDS,GDS",2025-07-02 13:48:00.0884251 -03:00,1736078,2025-07-02 12:12:25.3438981 -03:00,11,0
1736224,26,26-CAMBIO DE HERRAMIENTAS DEBIDO A DESGASTE,600.66,siderca\12985,"CSR,GSR,CA15,GA15,CDT",2025-07-02 15:29:14.5723247 -03:00,1736151,2025-07-02 14:01:29.4189560 -03:00,10,0
1736271,26,26-CAMBIO DE HERRAMIENTAS DEBIDO A DESGASTE,714.546,siderca\12985,"CPT,CA15,GA15,CFC,CDS,GDS,CDT",2025-07-02 17:05:37.7509734 -03:00,1736224,2025-07-02 15:39:15.2327465 -03:00,11,0
1736332,26,26-CAMBIO DE HERRAMIENTAS DEBIDO A DESGASTE,581.134,siderca\12985,"CA15,CFC,CDT",2025-07-02 18:33:08.2782267 -03:00,1736271,2025-07-02 17:17:32.2964622 -03:00,11,0
1736375,26,26-CAMBIO DE HERRAMIENTAS DEBIDO A DESGASTE,967.128,siderca\12985,"CPT,CSR,GSR,CA15,GA15,CFC,GFC,CDS,GDS,CDT",2025-07-02 19:51:23.8491712 -03:00,1736332,2025-07-02 18:42:49.4123920 -03:00,9,0
1736502,26,26-CAMBIO DE HERRAMIENTAS DEBIDO A DESGASTE,360.9,siderca\60062524,"GA15,CFC,GFC,CDT",2025-07-02 22:03:59.1907131 -03:00,1736375,2025-07-02 20:07:30.9772274 -03:00,11,2
1736542,26,26-CAMBIO DE HERRAMIENTAS DEBIDO A DESGASTE,359.946,siderca\60062524,"CA15,GA15,GFC,CDS,GDS,CDT",2025-07-02 23:55:52.9253960 -03:00,1736502,2025-07-02 22:10:00.0900798 -03:00,13,0
1736631,26,26-CAMBIO DE HERRAMIENTAS DEBIDO A DESGASTE,420.303,siderca\60062524,"CPT,CSR,GSR,GA15,CFC,GFC,GDS",2025-07-03 02:22:54.3684314 -03:00,1736542,2025-07-03 00:01:52.8710845 -03:00,10,2
1736706,26,26-CAMBIO DE HERRAMIENTAS DEBIDO A DESGASTE,720.116,siderca\60062524,"CA15,GA15,CFC,GFC,GDS,CDT",2025-07-03 04:21:04.6090092 -03:00,1736631,2025-07-03 02:29:54.6710882 -03:00,11,3
1736776,26,26-CAMBIO DE HERRAMIENTAS DEBIDO A DESGASTE,840,siderca\60062291,"CPT,GSR,CA15,GA15,CA12,GA12,CFC,GFC,GDS",2025-07-03 05:28:27.7102317 -03:00,1736706,2025-07-03 04:33:04.7251864 -03:00,5,0
1736831,26,26-CAMBIO DE HERRAMIENTAS DEBIDO A DESGASTE,641.711,siderca\60062291,"CA15,GA15,GA12",2025-07-03 08:03:25.0373699 -03:00,1736776,2025-07-03 05:42:27.7102317 -03:00,12,0
1736888,26,26-CAMBIO DE HERRAMIENTAS DEBIDO A DESGASTE,813.265,siderca\60062291,"CPT,GA15,GA12,CFC,GFC,GDS",2025-07-03 09:35:18.4339389 -03:00,1736831,2025-07-03 08:14:06.7487454 -03:00,11,0
1736947,26,26-CAMBIO DE HERRAMIENTAS DEBIDO A DESGASTE,360.003,siderca\60062291,"CSR,GSR,GA15,GA12",2025-07-03 11:20:31.0315386 -03:00,1736888,2025-07-03 09:48:51.6983383 -03:00,11,0
1737101,26,26-CAMBIO DE HERRAMIENTAS DEBIDO A DESGASTE,506,siderca\12985,"CA15,GA15,CDT",2025-07-03 16:31:46.3737267 -03:00,1736947,2025-07-03 11:26:31.0340120 -03:00,26,5
1737142,26,26-CAMBIO DE HERRAMIENTAS DEBIDO A DESGASTE,664.441,siderca\12985,"CPT,CSR,GSR,CA15,GA15,CFC,GFC,CDS,GDS,CDT",2025-07-03 17:59:21.4888919 -03:00,1737101,2025-07-03 16:40:12.3737267 -03:00,11,0
1737615,26,26-CAMBIO DE HERRAMIENTAS DEBIDO A DESGASTE,314.653,siderca\60062291,"CA15,GA15,CA12",2025-07-04 07:36:52.4818487 -03:00,1737142,2025-07-03 18:10:25.9298611 -03:00,19,1
1737709,26,26-CAMBIO DE HERRAMIENTAS DEBIDO A DESGASTE,806,siderca\60062291,"CPT,GA15,CA12,GA12,GFC,CDS,GDS",2025-07-04 10:31:57.8634398 -03:00,1737615,2025-07-04 07:42:07.1345282 -03:00,11,0
1737770,26,26-CAMBIO DE HERRAMIENTAS DEBIDO A DESGASTE,478.757,siderca\60062291,"GSR,GA15,GA12",2025-07-04 12:12:35.0386692 -03:00,1737709,2025-07-04 10:45:23.8634398 -03:00,11,0
1737823,26,26-CAMBIO DE HERRAMIENTAS DEBIDO A DESGASTE,844.587,siderca\13035,"CPT,CSR,CA15,CFC,GDS,CDT",2025-07-04 13:30:24.8353299 -03:00,1737770,2025-07-04 12:20:33.7959753 -03:00,11,3
1737836,26,26-CAMBIO DE HERRAMIENTAS DEBIDO A DESGASTE,266.807,siderca\13035,CPT,2025-07-04 13:57:33.9672311 -03:00,1737823,2025-07-04 13:44:29.4228185 -03:00,1,0
1737875,26,26-CAMBIO DE HERRAMIENTAS DEBIDO A DESGASTE,201.974,siderca\60062567,"CA15,CDT,GH",2025-07-04 15:06:06.0589697 -03:00,1737836,2025-07-04 14:02:00.7747869 -03:00,10,0
1737911,26,26-CAMBIO DE HERRAMIENTAS DEBIDO A DESGASTE,881.858,siderca\60062567,"CPT,CA15,CFC,GDS,CDT,GH",2025-07-04 16:30:42.4729459 -03:00,1737875,2025-07-04 15:09:28.0324025 -03:00,11,0
1737948,26,26-CAMBIO DE HERRAMIENTAS DEBIDO A DESGASTE,272.601,siderca\60062567,"CSR,CA15,CDT,GH",2025-07-04 17:52:38.5115285 -03:00,1737911,2025-07-04 16:45:24.3309323 -03:00,10,0
1737978,26,26-CAMBIO DE HERRAMIENTAS DEBIDO A DESGASTE,449.56,siderca\60062567,"CPT,CA15,CFC,GDS,CDT,GH",2025-07-04 19:04:23.2100578 -03:00,1737948,2025-07-04 17:57:11.1120436 -03:00,10,0
1738115,26,26-CAMBIO DE HERRAMIENTAS DEBIDO A DESGASTE,790,siderca\60062524,"CPT,CSR,GSR,GA15,GA12,GFC,CDS,GDS,CDT",2025-07-04 23:35:58.4374470 -03:00,1737978,2025-07-04 19:11:52.7700806 -03:00,22,1
1738158,26,26-CAMBIO DE HERRAMIENTAS DEBIDO A DESGASTE,332,siderca\60062524,"GA15,GFC",2025-07-05 01:20:39.1338436 -03:00,1738115,2025-07-04 23:49:08.4374470 -03:00,12,0
1738190,26,26-CAMBIO DE HERRAMIENTAS DEBIDO A DESGASTE,565.567,siderca\60062524,"CPT,GA15,CA12,GFC,CDS,GDS,CDT",2025-07-05 02:44:38.1532255 -03:00,1738158,2025-07-05 01:26:11.1338436 -03:00,11,0
1738225,26,26-CAMBIO DE HERRAMIENTAS DEBIDO A DESGASTE,454.387,siderca\60062524,"CSR,GSR,GA15,CDT",2025-07-05 04:12:20.5352036 -03:00,1738190,2025-07-05 02:54:03.7208059 -03:00,11,0
1738301,26,26-CAMBIO DE HERRAMIENTAS DEBIDO A DESGASTE,840.17,siderca\60062291,"CPT,CSR,GSR,GA15,GA12,GFC,GDS",2025-07-05 06:28:48.9884952 -03:00,1738225,2025-07-05 04:19:54.9225571 -03:00,8,5
1738333,26,26-CAMBIO DE HERRAMIENTAS DEBIDO A DESGASTE,331,siderca\60062291,"GA15,CA12",2025-07-05 08:08:12.7021256 -03:00,1738301,2025-07-05 06:42:49.1589582 -03:00,10,0
1738508,26,26-CAMBIO DE HERRAMIENTAS DEBIDO A DESGASTE,317.452,siderca\60062291,"CA15,GA15,CA12,CDT,GH",2025-07-05 13:58:27.3967090 -03:00,1738333,2025-07-05 08:13:43.7021256 -03:00,23,0
1738564,26,26-CAMBIO DE HERRAMIENTAS DEBIDO A DESGASTE,1014.721,siderca\60062291,"CPT,CSR,CA15,CFC,CDS,CDT",2025-07-05 15:30:02.9513739 -03:00,1738508,2025-07-05 14:03:44.8481548 -03:00,10,1
1738628,26,26-CAMBIO DE HERRAMIENTAS DEBIDO A DESGASTE,276,siderca\60062567,"CA15,CDT",2025-07-05 17:25:21.7860233 -03:00,1738564,2025-07-05 15:46:57.6726472 -03:00,12,0
1738668,26,26-CAMBIO DE HERRAMIENTAS DEBIDO A DESGASTE,596.009,siderca\60062567,"CPT,CSR,CA15,GA12,CFC,CDS,CDT,GH",2025-07-05 18:53:28.4069541 -03:00,1738628,2025-07-05 17:29:57.7865946 -03:00,10,0
1738726,26,26-CAMBIO DE HERRAMIENTAS DEBIDO A DESGASTE,236.042,siderca\60062567,"CA15,CDT",2025-07-05 20:32:14.0081257 -03:00,1738668,2025-07-05 19:03:24.4152666 -03:00,11,1
1738809,26,26-CAMBIO DE HERRAMIENTAS DEBIDO A DESGASTE,748,siderca\60062524,"CPT,CSR,GSR,CA15,CA12,CFC,GFC,GDS,CDT",2025-07-05 22:19:24.8826110 -03:00,1738726,2025-07-05 20:36:10.0505072 -03:00,11,2
1738957,26,26-CAMBIO DE HERRAMIENTAS DEBIDO A DESGASTE,753.791,siderca\60062524,"CPT,GA15,GA12,CFC,GFC,CDS,GDS,CDT",2025-07-06 02:10:33.9897674 -03:00,1738809,2025-07-05 22:31:52.8826110 -03:00,21,0
1739024,26,26-CAMBIO DE HERRAMIENTAS DEBIDO A DESGASTE,496.547,siderca\60062524,"CSR,GSR,GA15,CFC,GFC,CDT",2025-07-06 04:10:55.2171033 -03:00,1738957,2025-07-06 02:23:07.7806249 -03:00,10,0
1739077,26,26-CAMBIO DE HERRAMIENTAS DEBIDO A DESGASTE,855.709,siderca\12985,"CPT,CA15,GA15,CFC,GFC,CDS,GDS,CDT",2025-07-06 05:41:01.2040266 -03:00,1739024,2025-07-06 04:19:11.7643212 -03:00,10,0
1739229,26,26-CAMBIO DE HERRAMIENTAS DEBIDO A DESGASTE,812,siderca\12985,"CPT,CSR,GSR,CA15,GA15,CFC,GFC,CDS,GDS,CDT",2025-07-06 09:52:05.2314586 -03:00,1739077,2025-07-06 05:55:16.9132590 -03:00,23,1
1739290,26,26-CAMBIO DE HERRAMIENTAS DEBIDO A DESGASTE,396.126,siderca\12985,"CA15,GA15,CDT",2025-07-06 11:34:45.2926384 -03:00,1739229,2025-07-06 10:05:37.2314586 -03:00,11,1
1739323,26,26-CAMBIO DE HERRAMIENTAS DEBIDO A DESGASTE,553.611,siderca\12985,"CPT,CA15,GA15,CFC,CDT",2025-07-06 12:30:10.7236141 -03:00,1739290,2025-07-06 11:41:21.4187461 -03:00,7,0
1739411,26,26-CAMBIO DE HERRAMIENTAS DEBIDO A DESGASTE,417.961,siderca\60062567,"GSR,CA15,GA15,CFC,CDT",2025-07-06 14:18:10.2733810 -03:00,1739323,2025-07-06 12:39:24.3346553 -03:00,12,1
1739445,26,26-CAMBIO DE HERRAMIENTAS DEBIDO A DESGASTE,251.539,siderca\60062567,"CA15,CFC,CDT",2025-07-06 15:14:19.1176401 -03:00,1739411,2025-07-06 14:25:08.2343683 -03:00,7,0
1739528,26,26-CAMBIO DE HERRAMIENTAS DEBIDO A DESGASTE,257.197,siderca\60062567,"CA15,CFC,CDT",2025-07-06 17:40:58.2693190 -03:00,1739445,2025-07-06 15:18:30.6561899 -03:00,14,0
1739575,26,26-CAMBIO DE HERRAMIENTAS DEBIDO A DESGASTE,753.181,siderca\60062567,"CPT,GSR,CA15,GA15,CFC,GDS,CDT,GH",2025-07-06 19:07:40.5562281 -03:00,1739528,2025-07-06 17:45:15.4661288 -03:00,10,0
1739663,26,26-CAMBIO DE HERRAMIENTAS DEBIDO A DESGASTE,420.5,siderca\60062524,"CA15,GA15,CFC,GFC,CDT",2025-07-06 21:06:43.0000000 -03:00,1739657,2025-07-06 21:13:43.6254061 -03:00,0,0
1739657,26,26-CAMBIO DE HERRAMIENTAS DEBIDO A DESGASTE,0.125,siderca\60062524,"CA15,GA15,CFC,GFC,CDT",2025-07-06 21:13:43.5004541 -03:00,1739575,2025-07-06 19:20:13.7378110 -03:00,12,0
1739714,26,26-CAMBIO DE HERRAMIENTAS DEBIDO A DESGASTE,878,siderca\60062524,"CPT,GA15,CA12,GA12,GFC,GDS,CDT",2025-07-06 22:45:29.6052378 -03:00,1739663,2025-07-06 21:13:43.5004541 -03:00,11,0
1739780,26,26-CAMBIO DE HERRAMIENTAS DEBIDO A DESGASTE,354.752,siderca\60062524,"CSR,GSR,GA15,CDT",2025-07-07 00:30:26.6727515 -03:00,1739714,2025-07-06 23:00:07.6052378 -03:00,11,0
1739817,26,26-CAMBIO DE HERRAMIENTAS DEBIDO A DESGASTE,622.425,siderca\60062524,"CPT,CA15,GA12,CFC,GFC,CDS,GDS,CDT",2025-07-07 01:51:53.7541163 -03:00,1739780,2025-07-07 00:36:21.4241872 -03:00,11,0
1739915,26,26-CAMBIO DE HERRAMIENTAS DEBIDO A DESGASTE,360.632,siderca\60062524,"GA15,GA12,GFC,CDT",2025-07-07 04:03:32.2610210 -03:00,1739817,2025-07-07 02:02:16.1792771 -03:00,9,0
1740002,26,26-CAMBIO DE HERRAMIENTAS DEBIDO A DESGASTE,746.14,siderca\12985,"CPT,CSR,GSR,CA15,GA15,CFC,CDS,GDS,CDT",2025-07-07 06:04:36.8109271 -03:00,1739915,2025-07-07 04:09:32.8930693 -03:00,11,0
1740045,26,26-CAMBIO DE HERRAMIENTAS DEBIDO A DESGASTE,775.096,siderca\12985,"CPT,CA15,GA15,CDT",2025-07-07 07:32:28.9155296 -03:00,1740002,2025-07-07 06:17:02.9503218 -03:00,11,0
1740103,26,26-CAMBIO DE HERRAMIENTAS DEBIDO A DESGASTE,744,siderca\12985,"CPT,CSR,GSR,CA15,GA15,CFC,CDS,GDS,CDT",2025-07-07 09:41:46.0551925 -03:00,1740045,2025-07-07 07:45:24.0110665 -03:00,13,0
1740165,26,26-CAMBIO DE HERRAMIENTAS DEBIDO A DESGASTE,660,siderca\12985,"CPT,CA15,GA15,CFC,GFC,CDT",2025-07-07 11:39:30.6513887 -03:00,1740103,2025-07-07 09:54:10.0551925 -03:00,14,0
1740204,26,26-CAMBIO DE HERRAMIENTAS DEBIDO A DESGASTE,667.186,siderca\60062567,"CA15,GA15,GA12,CFC,CDS,GDS,CDT,GH",2025-07-07 13:00:34.4415470 -03:00,1740165,2025-07-07 11:50:30.6513887 -03:00,11,0
1740261,26,26-CAMBIO DE HERRAMIENTAS DEBIDO A DESGASTE,617.655,siderca\60062567,"CPT,CSR,GSR,CA15,GA15,GA12,CDT",2025-07-07 14:30:32.8941018 -03:00,1740204,2025-07-07 13:11:41.6277501 -03:00,11,1
1740412,26,26-CAMBIO DE HERRAMIENTAS DEBIDO A DESGASTE,485.903,siderca\60062567,"CPT,CA15,GA15,GA12,CDT",2025-07-07 20:02:23.4618718 -03:00,1740261,2025-07-07 14:40:50.5490949 -03:00,27,0
1740477,26,26-CAMBIO DE HERRAMIENTAS DEBIDO A DESGASTE,573.675,siderca\60062524,"CSR,GSR,GA15,GFC,CDS,GDS,CDT",2025-07-07 21:33:18.5584733 -03:00,1740412,2025-07-07 20:10:29.3642374 -03:00,10,0
1740517,26,26-CAMBIO DE HERRAMIENTAS DEBIDO A DESGASTE,348.549,siderca\60062524,"CPT,GA15,GFC",2025-07-07 22:48:11.0818147 -03:00,1740477,2025-07-07 21:42:52.2334541 -03:00,11,0
1740561,26,26-CAMBIO DE HERRAMIENTAS DEBIDO A DESGASTE,534.161,siderca\60062524,"GA15,GFC,CDS,GDS,CDT",2025-07-08 00:12:34.7289276 -03:00,1740517,2025-07-07 22:53:59.6303187 -03:00,10,0
1740621,26,26-CAMBIO DE HERRAMIENTAS DEBIDO A DESGASTE,600.27,siderca\60062524,"CPT,CSR,GSR,GA15,CFC,GFC,CDT",2025-07-08 01:23:46.0615866 -03:00,1740561,2025-07-08 00:21:28.8896615 -03:00,9,0
1740667,26,26-CAMBIO DE HERRAMIENTAS DEBIDO A DESGASTE,600.623,siderca\60062524,"GA15,GA12,CFC,GFC,CDS,GDS,CDT",2025-07-08 03:03:37.5029356 -03:00,1740621,2025-07-08 01:33:46.3312139 -03:00,7,0
1740717,26,26-CAMBIO DE HERRAMIENTAS DEBIDO A DESGASTE,348.613,siderca\60062524,"CPT,GSR,GFC",2025-07-08 04:27:45.5363921 -03:00,1740667,2025-07-08 03:13:38.1259796 -03:00,10,0
1740830,26,26-CAMBIO DE HERRAMIENTAS DEBIDO A DESGASTE,871,siderca\12985,"CPT,CSR,GSR,CA15,GA15,CFC,GFC,CDS,GDS,CDT",2025-07-08 07:22:05.1371501 -03:00,1740717,2025-07-08 04:33:34.1497214 -03:00,13,0
1740898,26,26-CAMBIO DE HERRAMIENTAS DEBIDO A DESGASTE,202.373,siderca\12985,"CA15,GA15",2025-07-08 09:45:24.3291883 -03:00,1740830,2025-07-08 07:36:36.1371501 -03:00,11,0
1740984,26,26-CAMBIO DE HERRAMIENTAS DEBIDO A DESGASTE,806.455,siderca\12985,"CPT,CA15,GA15,CFC,GFC,CDS,GDS,CDT",2025-07-08 12:25:07.6765042 -03:00,1740898,2025-07-08 09:48:46.7026384 -03:00,14,0
1741053,26,26-CAMBIO DE HERRAMIENTAS DEBIDO A DESGASTE,257.964,siderca\60062567,"CA15,CDT",2025-07-08 14:33:26.4080995 -03:00,1740984,2025-07-08 12:38:34.1315126 -03:00,10,0
1741182,26,26-CAMBIO DE HERRAMIENTAS DEBIDO A DESGASTE,801.263,siderca\60062567,"CPT,CA15,GA15,CA12,GA12,CFC,GDS,CDT,GH",2025-07-08 18:27:46.3602176 -03:00,1741053,2025-07-08 14:37:44.3721231 -03:00,13,0
1741273,26,26-CAMBIO DE HERRAMIENTAS DEBIDO A DESGASTE,928,siderca\60062291,"CPT,CSR,GSR,GA15,GA12,CFC,GFC,CDS,GDS",2025-07-08 21:10:21.3847285 -03:00,1741182,2025-07-08 18:41:07.6237787 -03:00,13,0
1741412,26,26-CAMBIO DE HERRAMIENTAS DEBIDO A DESGASTE,240.655,siderca\60062291,"CA15,GA15",2025-07-09 01:37:54.0481376 -03:00,1741273,2025-07-08 21:25:49.3847285 -03:00,11,0
1741435,26,26-CAMBIO DE HERRAMIENTAS DEBIDO A DESGASTE,799.049,siderca\60062291,"CPT,CA15,GA15,GA12,GFC,CDS,GDS",2025-07-09 02:33:18.9234905 -03:00,1741412,2025-07-09 01:41:54.7039558 -03:00,6,0
1741488,26,26-CAMBIO DE HERRAMIENTAS DEBIDO A DESGASTE,367,siderca\60062291,"GSR,GA15",2025-07-09 04:15:11.8090557 -03:00,1741435,2025-07-09 02:46:37.9725773 -03:00,11,3
1741611,26,26-CAMBIO DE HERRAMIENTAS DEBIDO A DESGASTE,720.444,siderca\12985,"CPT,CA15,GA15,CFC,CDS,GDS,CDT",2025-07-10 06:10:00.1681739 -03:00,1741488,2025-07-09 04:21:18.8090557 -03:00,9,0
1741828,26,26-CAMBIO DE HERRAMIENTAS DEBIDO A DESGASTE,900,siderca\60062524,"CPT,GSR,GA15,GA12,GFC,CDS,GDS,CDT",2025-07-10 13:00:00.0000000 -03:00,1741611,2025-07-10 06:22:00.6126161 -03:00,25,1
1741892,26,26-CAMBIO DE HERRAMIENTAS DEBIDO A DESGASTE,273.266,siderca\60062524,"CA15,GA15,CFC,GFC,CDT",2025-07-10 14:59:32.0931594 -03:00,1741828,2025-07-10 13:15:00.0000000 -03:00,12,0
1741936,26,26-CAMBIO DE HERRAMIENTAS DEBIDO A DESGASTE,642,siderca\60062524,"CPT,GA15,GA12,CDS,GDS,CDT",2025-07-10 16:21:46.7978915 -03:00,1741892,2025-07-10 15:04:05.3591593 -03:00,10,0
1742004,26,26-CAMBIO DE HERRAMIENTAS DEBIDO A DESGASTE,489.537,siderca\60062524,"CSR,GSR,GA15,GFC,CDT",2025-07-10 18:33:33.0979508 -03:00,1741936,2025-07-10 16:32:28.7978915 -03:00,11,0
1742041,26,26-CAMBIO DE HERRAMIENTAS DEBIDO A DESGASTE,730.601,siderca\60062524,"CPT,CSR,GSR,CA15,GA12,GFC,GDS,CDT",2025-07-10 19:59:01.4831915 -03:00,1742004,2025-07-10 18:41:42.6341170 -03:00,11,0
1742096,26,26-CAMBIO DE HERRAMIENTAS DEBIDO A DESGASTE,575.848,siderca\60062291,"GA15,GA12,GFC",2025-07-10 21:36:27.2823275 -03:00,1742041,2025-07-10 20:11:12.0842521 -03:00,11,0
1742150,26,26-CAMBIO DE HERRAMIENTAS DEBIDO A DESGASTE,801,siderca\60062291,"CPT,CSR,GSR,CA15,GA12,GDS",2025-07-10 23:12:29.4342375 -03:00,1742096,2025-07-10 21:46:03.1308610 -03:00,11,0
1742208,26,26-CAMBIO DE HERRAMIENTAS DEBIDO A DESGASTE,554.816,siderca\60062291,"GA15,CA12,GFC",2025-07-11 00:49:47.9863754 -03:00,1742150,2025-07-10 23:25:50.4342375 -03:00,11,0
1742245,26,26-CAMBIO DE HERRAMIENTAS DEBIDO A DESGASTE,532.516,siderca\60062291,"CPT,GA15,GA12,CDS,GDS",2025-07-11 01:48:42.5203677 -03:00,1742208,2025-07-11 00:59:02.8024537 -03:00,6,0
1742308,26,26-CAMBIO DE HERRAMIENTAS DEBIDO A DESGASTE,848.058,siderca\60062291,"CSR,GSR,GA15,GA12,CFC,GFC,CDS,GDS",2025-07-11 03:16:02.2923452 -03:00,1742245,2025-07-11 01:57:35.0366032 -03:00,10,0
1742380,26,26-CAMBIO DE HERRAMIENTAS DEBIDO A DESGASTE,607,siderca\12985,"CPT,CA15,CFC,GFC,CDS,GDS,CDT",2025-07-11 05:00:00.0000000 -03:00,1742308,2025-07-11 03:30:10.3507941 -03:00,11,0
1742459,26,26-CAMBIO DE HERRAMIENTAS DEBIDO A DESGASTE,578.857,siderca\12985,"CA15,GA15,CFC,GFC",2025-07-11 07:12:22.8560303 -03:00,1742380,2025-07-11 05:10:07.0000000 -03:00,12,0
1742546,26,26-CAMBIO DE HERRAMIENTAS DEBIDO A DESGASTE,420.045,siderca\12985,"CPT,CSR,GSR,CA15,GA15,CDT",2025-07-11 09:18:27.4893148 -03:00,1742459,2025-07-11 07:22:01.7134051 -03:00,9,0
1742593,26,26-CAMBIO DE HERRAMIENTAS DEBIDO A DESGASTE,200,siderca\12985,"CA15,GA15",2025-07-11 10:42:35.9714072 -03:00,1742546,2025-07-11 09:25:27.5341768 -03:00,10,0
1742625,26,26-CAMBIO DE HERRAMIENTAS DEBIDO A DESGASTE,674.214,siderca\12985,CPT,2025-07-11 11:37:11.8453572 -03:00,1742593,2025-07-11 10:45:55.9714072 -03:00,7,0
1742647,26,26-CAMBIO DE HERRAMIENTAS DEBIDO A DESGASTE,614.519,siderca\12985,"CA15,GA15,CFC,GFC,CDT",2025-07-11 12:16:58.9193153 -03:00,1742625,2025-07-11 11:48:26.0598709 -03:00,3,0
1742691,26,26-CAMBIO DE HERRAMIENTAS DEBIDO A DESGASTE,945.341,siderca\60062291,"CPT,GSR,GA15,GA12,CFC,GFC,GDS",2025-07-11 13:16:04.4653643 -03:00,1742647,2025-07-11 12:27:13.4382695 -03:00,5,0
1742744,26,26-CAMBIO DE HERRAMIENTAS DEBIDO A DESGASTE,377.054,siderca\60062291,"GA15,GA12",2025-07-11 14:59:23.4581788 -03:00,1742691,2025-07-11 13:31:49.8066028 -03:00,11,0
1742776,26,26-CAMBIO DE HERRAMIENTAS DEBIDO A DESGASTE,835.67,siderca\60062291,"CPT,GA15,CA12,GA12,GFC,CDS,GDS",2025-07-11 16:21:24.9058718 -03:00,1742744,2025-07-11 15:05:40.5120166 -03:00,11,0
1742817,26,26-CAMBIO DE HERRAMIENTAS DEBIDO A DESGASTE,620.015,siderca\60062291,"CSR,GSR,CA15,GA12",2025-07-11 17:51:10.4939175 -03:00,1742776,2025-07-11 16:35:20.5753798 -03:00,11,0
1742875,26,26-CAMBIO DE HERRAMIENTAS DEBIDO A DESGASTE,891.805,siderca\60062291,"CPT,GA15,CA12,GA12,GFC,CDS,GDS",2025-07-11 19:52:18.9861482 -03:00,1742817,2025-07-11 18:01:30.5083024 -03:00,11,1
1742956,26,26-CAMBIO DE HERRAMIENTAS DEBIDO A DESGASTE,360.341,siderca\60062524,"CA15,GA15,CFC,GFC,CDT",2025-07-11 21:43:49.1104517 -03:00,1742875,2025-07-11 20:07:10.7910263 -03:00,11,0
1742994,26,26-CAMBIO DE HERRAMIENTAS DEBIDO A DESGASTE,728.304,siderca\60062524,"CPT,CSR,GSR,GA15,CA12,GA12,GFC,CDS,GDS,CDT",2025-07-11 23:11:47.6777628 -03:00,1742956,2025-07-11 21:49:49.4518896 -03:00,10,3
1743074,26,26-CAMBIO DE HERRAMIENTAS DEBIDO A DESGASTE,652.52,siderca\60062524,"GA15,GA12,CFC,GFC,CDT",2025-07-12 01:45:06.8656487 -03:00,1742994,2025-07-11 23:23:55.9813728 -03:00,13,1
1743111,26,26-CAMBIO DE HERRAMIENTAS DEBIDO A DESGASTE,813,siderca\60062524,"CPT,CA15,GA15,GA12,CFC,GFC,CDS,GDS,CDT",2025-07-12 03:11:49.4651378 -03:00,1743074,2025-07-12 01:55:59.3859140 -03:00,10,0
1743200,26,26-CAMBIO DE HERRAMIENTAS DEBIDO A DESGASTE,707,siderca\60062567,"CPT,CSR,GSR,CA15,GA12,CFC,GDS,CDT,GH",2025-07-12 05:24:59.8413667 -03:00,1743111,2025-07-12 03:25:22.4651378 -03:00,12,1
1743280,26,26-CAMBIO DE HERRAMIENTAS DEBIDO A DESGASTE,378.304,siderca\60062567,"CA15,GA12,CDT",2025-07-12 07:47:47.4677048 -03:00,1743200,2025-07-12 05:36:46.8413667 -03:00,12,0
1743323,26,26-CAMBIO DE HERRAMIENTAS DEBIDO A DESGASTE,644.608,siderca\60062567,"CPT,CA15,GA12,CFC,GDS,CDT,GH",2025-07-12 09:05:19.4996887 -03:00,1743280,2025-07-12 07:54:05.7715460 -03:00,10,0
1743383,26,26-CAMBIO DE HERRAMIENTAS DEBIDO A DESGASTE,460.52,siderca\60062567,"GSR,CA15,CFC,CDT,GH",2025-07-12 11:12:13.9766179 -03:00,1743323,2025-07-12 09:16:04.1070814 -03:00,12,2
1743488,26,26-CAMBIO DE HERRAMIENTAS DEBIDO A DESGASTE,840,siderca\60062291,"CPT,CSR,GSR,CA15,GA15,GA12,GFC,GDS",2025-07-12 13:18:27.0000000 -03:00,1743383,2025-07-12 11:19:54.4967146 -03:00,13,1
1743513,26,26-CAMBIO DE HERRAMIENTAS DEBIDO A DESGASTE,455.391,siderca\60062291,"GA15,CA12",2025-07-12 15:04:56.9444547 -03:00,1743488,2025-07-12 13:32:27.0000000 -03:00,12,0
1743539,26,26-CAMBIO DE HERRAMIENTAS DEBIDO A DESGASTE,736.11,siderca\60062291,"CPT,GA15,GA12,GFC,GDS",2025-07-12 16:15:37.5597551 -03:00,1743513,2025-07-12 15:12:32.3352788 -03:00,9,0
1743591,26,26-CAMBIO DE HERRAMIENTAS DEBIDO A DESGASTE,526.226,siderca\60062291,"CSR,GSR,GA15,GA12",2025-07-12 17:55:03.8740826 -03:00,1743539,2025-07-12 16:27:53.6695378 -03:00,11,0
1743632,26,26-CAMBIO DE HERRAMIENTAS DEBIDO A DESGASTE,959.09,siderca\60062291,"CPT,CA15,GA15,GA12,CFC,GFC,CDS",2025-07-12 19:06:54.4304090 -03:00,1743591,2025-07-12 18:03:50.1001595 -03:00,8,0
1743703,26,26-CAMBIO DE HERRAMIENTAS DEBIDO A DESGASTE,647,siderca\60062524,"CSR,GSR,GA15,GA12,GFC,CDT",2025-07-12 21:00:00.0000000 -03:00,1743632,2025-07-12 19:22:53.5205601 -03:00,10,0
1743771,26,26-CAMBIO DE HERRAMIENTAS DEBIDO A DESGASTE,674.199,siderca\60062524,"CPT,GA15,CFC,GFC,CDS,GDS,CDT",2025-07-12 22:43:52.6815462 -03:00,1743703,2025-07-12 21:10:47.0000000 -03:00,11,0
1743881,26,26-CAMBIO DE HERRAMIENTAS DEBIDO A DESGASTE,866.383,siderca\60062524,"CPT,CSR,GSR,GA15,CFC,GFC,GDS,CDT",2025-07-13 02:40:59.5545014 -03:00,1743771,2025-07-12 22:55:06.8803809 -03:00,23,0
1743961,26,26-CAMBIO DE HERRAMIENTAS DEBIDO A DESGASTE,432.641,siderca\60062567,"CA15,GA15,CDT",2025-07-13 05:11:09.1212038 -03:00,1743881,2025-07-13 02:55:25.9376849 -03:00,11,0
1744710,26,26-CAMBIO DE HERRAMIENTAS DEBIDO A DESGASTE,372.142,siderca\60062567,"CA15,CA12,CDT",2025-07-14 11:08:49.1927496 -03:00,1743961,2025-07-13 05:18:21.7624890 -03:00,17,0
1744748,26,26-CAMBIO DE HERRAMIENTAS DEBIDO A DESGASTE,511.356,siderca\60062567,"CPT,CA15,CA12,CFC,GDS,CDT,GH",2025-07-14 12:33:36.5755800 -03:00,1744710,2025-07-14 11:15:01.3344046 -03:00,10,0
1744822,26,26-CAMBIO DE HERRAMIENTAS DEBIDO A DESGASTE,765.588,siderca\60062524,"CSR,GSR,GA15,GA12,CFC,GFC,CDT",2025-07-14 14:25:16.4704349 -03:00,1744748,2025-07-14 12:42:07.9318270 -03:00,11,0
1744871,26,26-CAMBIO DE HERRAMIENTAS DEBIDO A DESGASTE,722.918,siderca\60062524,"CPT,GA15,GA12,GFC,CDS,GDS,CDT",2025-07-14 15:56:35.5263212 -03:00,1744822,2025-07-14 14:38:02.0588020 -03:00,11,0
1744911,26,26-CAMBIO DE HERRAMIENTAS DEBIDO A DESGASTE,811.979,siderca\60062524,"GA15,GA12,CFC,GFC,CDT",2025-07-14 17:29:09.4427238 -03:00,1744871,2025-07-14 16:08:38.4449003 -03:00,10,0
1744952,26,26-CAMBIO DE HERRAMIENTAS DEBIDO A DESGASTE,903.538,siderca\60062524,"CPT,GSR,GA15,GA12,GFC,GDS",2025-07-14 19:01:27.9127590 -03:00,1744911,2025-07-14 17:42:41.4211529 -03:00,11,0
1745033,26,26-CAMBIO DE HERRAMIENTAS DEBIDO A DESGASTE,480.502,siderca\12985,"CA15,GA15,CDT",2025-07-14 21:12:03.7951350 -03:00,1744952,2025-07-14 19:16:31.4505497 -03:00,11,0
1745065,26,26-CAMBIO DE HERRAMIENTAS DEBIDO A DESGASTE,688,siderca\12985,"CPT,CA15,GA15,CDS,GDS,CDT",2025-07-14 22:37:14.7700633 -03:00,1745033,2025-07-14 21:20:04.2975372 -03:00,11,0
1745108,26,26-CAMBIO DE HERRAMIENTAS DEBIDO A DESGASTE,651.529,siderca\12985,"CSR,GSR,CA15,GA15,CDT",2025-07-15 00:08:53.5724040 -03:00,1745065,2025-07-14 22:48:42.7700633 -03:00,11,0
1745152,26,26-CAMBIO DE HERRAMIENTAS DEBIDO A DESGASTE,898.298,siderca\12985,"CPT,GFC,GDS,CDT",2025-07-15 01:49:01.6397056 -03:00,1745108,2025-07-15 00:19:45.1010992 -03:00,12,0
1745215,26,26-CAMBIO DE HERRAMIENTAS DEBIDO A DESGASTE,465.452,siderca\12985,"CA15,GA15,CDT",2025-07-15 03:43:48.4998298 -03:00,1745152,2025-07-15 02:03:59.9375391 -03:00,11,0
1745271,26,26-CAMBIO DE HERRAMIENTAS DEBIDO A DESGASTE,876,siderca\60062567,"CPT,CSR,GSR,CA15,CA12,GA12,CFC,GDS,CDT,GH",2025-07-15 05:01:46.7343163 -03:00,1745215,2025-07-15 03:51:33.9513107 -03:00,9,0
1745680,26,26-CAMBIO DE HERRAMIENTAS DEBIDO A DESGASTE,840.039,siderca\60062524,"CPT,CSR,GSR,GA15,GA12,CFC,GFC,CDS,GDS,CDT",2025-07-15 20:04:11.8121490 -03:00,1745271,2025-07-15 05:16:22.7343163 -03:00,11,0
1745814,26,26-CAMBIO DE HERRAMIENTAS DEBIDO A DESGASTE,529.137,siderca\12985,"CA15,GA15,CDT",2025-07-15 23:55:53.0326037 -03:00,1745680,2025-07-15 20:18:11.8511062 -03:00,17,3
1745891,26,26-CAMBIO DE HERRAMIENTAS DEBIDO A DESGASTE,780.907,siderca\12985,"CPT,CSR,GSR,CA15,GA15,CFC,CDS,GDS,CDT",2025-07-16 01:28:26.8994639 -03:00,1745814,2025-07-16 00:04:42.1691996 -03:00,11,1
1745912,26,26-CAMBIO DE HERRAMIENTAS DEBIDO A DESGASTE,353,siderca\12985,"CA15,GA15,CDT",2025-07-16 03:17:24.3595662 -03:00,1745891,2025-07-16 01:41:27.8064159 -03:00,13,0
1745947,26,26-CAMBIO DE HERRAMIENTAS DEBIDO A DESGASTE,660.972,siderca\12985,"CPT,CA15,GA15,GFC,CDS,GDS,CDT",2025-07-16 04:10:48.2014223 -03:00,1745912,2025-07-16 03:23:17.3595662 -03:00,7,0
1745994,26,26-CAMBIO DE HERRAMIENTAS DEBIDO A DESGASTE,279.228,siderca\60062567,"CSR,GSR,GA15,CDT",2025-07-16 05:33:33.5014999 -03:00,1745947,2025-07-16 04:21:49.1736502 -03:00,10,0
1746024,26,26-CAMBIO DE HERRAMIENTAS DEBIDO A DESGASTE,416.213,siderca\60062567,"CPT,GA15,GA12,CFC,GDS,CDT,GH",2025-07-16 06:42:38.4109460 -03:00,1745994,2025-07-16 05:38:12.7295136 -03:00,12,0
1746061,26,26-CAMBIO DE HERRAMIENTAS DEBIDO A DESGASTE,234.441,siderca\60062567,"CA15,CDT",2025-07-16 07:56:24.0812491 -03:00,1746024,2025-07-16 06:49:34.6238889 -03:00,11,0
1746075,26,26-CAMBIO DE HERRAMIENTAS DEBIDO A DESGASTE,22.235,siderca\60062567,CPT,2025-07-16 08:22:16.3954372 -03:00,1746061,2025-07-16 08:00:18.5220719 -03:00,4,0
1746093,26,26-CAMBIO DE HERRAMIENTAS DEBIDO A DESGASTE,749.848,siderca\60062567,"CPT,CSR,GSR,GA15,GA12,CFC,GDS,CDT,GH",2025-07-16 08:59:30.8786303 -03:00,1746075,2025-07-16 08:22:38.6300635 -03:00,7,0
1746130,26,26-CAMBIO DE HERRAMIENTAS DEBIDO A DESGASTE,290.952,siderca\60062567,"CA15,CDT",2025-07-16 10:23:23.5434780 -03:00,1746093,2025-07-16 09:12:00.7266797 -03:00,12,0
1746176,26,26-CAMBIO DE HERRAMIENTAS DEBIDO A DESGASTE,438.599,siderca\60062567,"CPT,GA15,GA12,CFC,GDS,CDT,GH",2025-07-16 11:50:48.2905979 -03:00,1746130,2025-07-16 10:28:14.4954810 -03:00,12,0
1746220,26,26-CAMBIO DE HERRAMIENTAS DEBIDO A DESGASTE,1423.588,siderca\60062291,"CPT,GSR,CA15,GA15,GA12,CFC,GFC,GDS",2025-07-16 13:02:31.7661983 -03:00,1746176,2025-07-16 11:58:06.8898135 -03:00,10,3
1746284,26,26-CAMBIO DE HERRAMIENTAS DEBIDO A DESGASTE,280.56,siderca\60062291,"GA15,GA12",2025-07-16 14:36:15.6850655 -03:00,1746220,2025-07-16 13:26:15.3545621 -03:00,11,0
1746359,26,26-CAMBIO DE HERRAMIENTAS DEBIDO A DESGASTE,780.366,siderca\60062291,"CPT,GA15,GA12,GFC,CDS",2025-07-16 15:46:46.2917920 -03:00,1746284,2025-07-16 14:40:56.2450136 -03:00,11,0
1746417,26,26-CAMBIO DE HERRAMIENTAS DEBIDO A DESGASTE,375,siderca\60062291,"CPT,GA15,GA12",2025-07-16 18:37:16.3716942 -03:00,1746359,2025-07-16 15:59:46.6578284 -03:00,8,0
1746462,26,26-CAMBIO DE HERRAMIENTAS DEBIDO A DESGASTE,760.165,siderca\60062291,"CSR,GSR,CA15,GA15,GA12,GFC,GDS",2025-07-16 20:05:40.9906842 -03:00,1746417,2025-07-16 18:43:31.3716942 -03:00,12,0
1746518,26,26-CAMBIO DE HERRAMIENTAS DEBIDO A DESGASTE,589.281,siderca\12985,"CPT,CA15,GA15,CDT",2025-07-16 21:21:24.2850579 -03:00,1746462,2025-07-16 20:18:21.1554689 -03:00,10,0
1746573,26,26-CAMBIO DE HERRAMIENTAS DEBIDO A DESGASTE,533.738,siderca\12985,"CA15,GA15,CFC,GFC,CDS,GDS,CDT",2025-07-16 22:56:39.4835841 -03:00,1746518,2025-07-16 21:31:13.5669917 -03:00,12,0
1746677,26,26-CAMBIO DE HERRAMIENTAS DEBIDO A DESGASTE,780.099,siderca\12985,"CPT,CSR,GSR,CA15,GA15,CFC,CDT",2025-07-17 01:33:53.6661889 -03:00,1746573,2025-07-16 23:05:33.2214056 -03:00,11,0
1746731,26,26-CAMBIO DE HERRAMIENTAS DEBIDO A DESGASTE,647.376,siderca\12985,"CPT,CA15,GA15,CDS,GDS,CDT",2025-07-17 03:38:00.6821839 -03:00,1746677,2025-07-17 01:46:53.7653930 -03:00,11,0
1746787,26,26-CAMBIO DE HERRAMIENTAS DEBIDO A DESGASTE,502.3,siderca\60062567,"CPT,CA15,GA15,CDS,GDS,CDT",2025-07-17 05:00:00.0000000 -03:00,1746731,2025-07-17 03:48:48.0583938 -03:00,9,0
1746853,26,26-CAMBIO DE HERRAMIENTAS DEBIDO A DESGASTE,513.52,siderca\60062567,"CPT,GSR,CA15,GA12,CFC,GDS,CDT",2025-07-17 06:52:43.5070120 -03:00,1746787,2025-07-17 05:08:22.3004583 -03:00,13,0
1747124,26,26-CAMBIO DE HERRAMIENTAS DEBIDO A DESGASTE,240,siderca\60062291,"CA15,GA15,CA12,GA12",2025-07-17 14:39:58.7962225 -03:00,1746853,2025-07-17 07:01:17.0279834 -03:00,18,2
1747206,26,26-CAMBIO DE HERRAMIENTAS DEBIDO A DESGASTE,1080.214,siderca\60062291,"CPT,CSR,GA15,GA12,CFC,GFC",2025-07-17 16:19:33.7215515 -03:00,1747124,2025-07-17 14:43:58.7962225 -03:00,11,2
1747292,26,26-CAMBIO DE HERRAMIENTAS DEBIDO A DESGASTE,300.925,siderca\60062291,"GA15,GA12",2025-07-17 18:27:41.1296435 -03:00,1747206,2025-07-17 16:37:33.9357098 -03:00,16,0
1747310,26,26-CAMBIO DE HERRAMIENTAS DEBIDO A DESGASTE,843,siderca\60062291,"CPT,CA15,GA15,GA12,GFC",2025-07-17 19:10:31.9364949 -03:00,1747292,2025-07-17 18:32:42.0547102 -03:00,7,0
1747366,26,26-CAMBIO DE HERRAMIENTAS DEBIDO A DESGASTE,470,siderca\60062291,"GSR,CA15,GA15,CA12,GA12",2025-07-17 20:27:43.5423308 -03:00,1747310,2025-07-17 19:24:34.9364949 -03:00,11,1
1747445,26,26-CAMBIO DE HERRAMIENTAS DEBIDO A DESGASTE,660.646,siderca\12985,"CPT,CA15,GA15,CFC,GFC,CDT",2025-07-17 21:44:53.8529301 -03:00,1747366,2025-07-17 20:35:33.5423308 -03:00,11,0
1747507,26,26-CAMBIO DE HERRAMIENTAS DEBIDO A DESGASTE,282.194,siderca\12985,"CA15,GA15",2025-07-17 23:14:35.1580911 -03:00,1747445,2025-07-17 21:55:54.4981596 -03:00,12,0
1747549,26,26-CAMBIO DE HERRAMIENTAS DEBIDO A DESGASTE,821.191,siderca\12985,"CPT,CSR,GSR,CA15,GA15,CFC,GFC,CDT",2025-07-17 23:59:58.8462181 -03:00,1747507,2025-07-17 23:19:17.3526125 -03:00,11,1
1747717,26,26-CAMBIO DE HERRAMIENTAS DEBIDO A DESGASTE,684.563,siderca\12985,"CPT,CA15,GA15",2025-07-18 04:37:17.4933268 -03:00,1747549,2025-07-18 00:13:40.0376612 -03:00,23,4
1747818,26,26-CAMBIO DE HERRAMIENTAS DEBIDO A DESGASTE,480.896,siderca\60062524,"CSR,GSR,GA15,CFC,GFC,CDT",2025-07-18 06:36:32.9481877 -03:00,1747717,2025-07-18 04:48:42.0567962 -03:00,11,0
1748112,26,26-CAMBIO DE HERRAMIENTAS DEBIDO A DESGASTE,458,siderca\60062291,"CPT,CA15,CA12,GA12",2025-07-18 16:12:30.5560407 -03:00,1747818,2025-07-18 06:44:33.8447404 -03:00,10,0
1748203,26,26-CAMBIO DE HERRAMIENTAS DEBIDO A DESGASTE,806.711,siderca\60062291,"GA15,GA12,CFC,GFC",2025-07-18 18:35:13.6769377 -03:00,1748112,2025-07-18 16:20:08.5560407 -03:00,12,0
1748237,26,26-CAMBIO DE HERRAMIENTAS DEBIDO A DESGASTE,592.907,siderca\60062291,"CPT,CSR,GA15,GA12,GFC",2025-07-18 19:32:35.7734506 -03:00,1748203,2025-07-18 18:48:40.3871794 -03:00,9,2
1748352,26,26-CAMBIO DE HERRAMIENTAS DEBIDO A DESGASTE,394.217,siderca\12985,"CPT,CSR,GSR,CA15,GA15,CDT",2025-07-18 22:28:40.9313984 -03:00,1748237,2025-07-18 19:42:28.6805090 -03:00,32,1
1748390,26,26-CAMBIO DE HERRAMIENTAS DEBIDO A DESGASTE,191.079,siderca\12985,"CA15,GA15",2025-07-18 23:31:49.3466377 -03:00,1748352,2025-07-18 22:35:15.1480874 -03:00,10,1
1748420,26,26-CAMBIO DE HERRAMIENTAS DEBIDO A DESGASTE,280.058,siderca\12985,"CPT,CA15,GA15,CDT",2025-07-19 00:27:19.8073483 -03:00,1748390,2025-07-18 23:35:00.4252226 -03:00,11,0
1748459,26,26-CAMBIO DE HERRAMIENTAS DEBIDO A DESGASTE,553.18,siderca\12985,"CPT,CA15,GA15,CFC,GFC,CDT",2025-07-19 01:40:50.8514514 -03:00,1748420,2025-07-19 00:31:59.8652708 -03:00,9,0
1748531,26,26-CAMBIO DE HERRAMIENTAS DEBIDO A DESGASTE,643.854,siderca\12985,"CPT,CSR,GSR,CA15,GA15,CFC,GFC,CDT",2025-07-19 03:43:13.8169537 -03:00,1748459,2025-07-19 01:50:04.0312380 -03:00,21,0
1748674,26,26-CAMBIO DE HERRAMIENTAS DEBIDO A DESGASTE,500,siderca\60062524,"CPT,CA15,GA15,GA12,CFC,GFC,CDT",2025-07-19 07:16:15.2416901 -03:00,1748531,2025-07-19 03:53:57.6700281 -03:00,22,0
1748781,26,26-CAMBIO DE HERRAMIENTAS DEBIDO A DESGASTE,300.915,siderca\60062524,"CSR,GSR,GA15,CDT",2025-07-19 10:33:00.9722905 -03:00,1748674,2025-07-19 07:24:35.2416901 -03:00,12,0
1748812,26,26-CAMBIO DE HERRAMIENTAS DEBIDO A DESGASTE,490.489,siderca\60062524,"CPT,GA15,GA12,CFC,GFC,CDT",2025-07-19 11:33:44.1267509 -03:00,1748781,2025-07-19 10:38:01.8877255 -03:00,10,0
1748929,26,26-CAMBIO DE HERRAMIENTAS DEBIDO A DESGASTE,779.87,siderca\60062291,"CPT,CSR,GSR,GA15,CA12,GA12,GFC",2025-07-19 14:59:48.1266433 -03:00,1748812,2025-07-19 11:41:54.6156322 -03:00,21,1
1748987,26,26-CAMBIO DE HERRAMIENTAS DEBIDO A DESGASTE,353,siderca\60062291,"GA15,CA12,GA12",2025-07-19 16:35:00.5535127 -03:00,1748929,2025-07-19 15:12:47.9963569 -03:00,10,1
1749031,26,26-CAMBIO DE HERRAMIENTAS DEBIDO A DESGASTE,474.541,siderca\60062291,"GA15,GA12,CFC,GFC",2025-07-19 18:03:00.5890953 -03:00,1748987,2025-07-19 16:40:53.5535127 -03:00,13,0
1749068,26,26-CAMBIO DE HERRAMIENTAS DEBIDO A DESGASTE,753.464,siderca\60062291,"CPT,GSR,CA15,GA12,GFC",2025-07-19 19:20:37.1393171 -03:00,1749031,2025-07-19 18:10:55.1308195 -03:00,9,0
1749107,26,26-CAMBIO DE HERRAMIENTAS DEBIDO A DESGASTE,420.777,siderca\60062291,"GA15,CA12,GA12",2025-07-19 20:42:18.8964264 -03:00,1749068,2025-07-19 19:33:10.6032108 -03:00,11,0
1749172,26,26-CAMBIO DE HERRAMIENTAS DEBIDO A DESGASTE,600.06,siderca\12985,"CPT,CA15,GA15,CDT",2025-07-19 21:58:50.9091472 -03:00,1749107,2025-07-19 20:49:19.6731592 -03:00,10,0
1749208,26,26-CAMBIO DE HERRAMIENTAS DEBIDO A DESGASTE,886,siderca\12985,"CPT,CSR,GSR,CA15,GA15,CFC,GFC,CDT",2025-07-19 23:36:52.8381375 -03:00,1749172,2025-07-19 22:08:50.9694590 -03:00,22,2
1749257,26,26-CAMBIO DE HERRAMIENTAS DEBIDO A DESGASTE,550.418,siderca\12985,"CPT,CA15,GA15,CDT",2025-07-20 01:13:29.2469825 -03:00,1749208,2025-07-19 23:51:38.8381375 -03:00,20,0
1749313,26,26-CAMBIO DE HERRAMIENTAS DEBIDO A DESGASTE,302.518,siderca\12985,"CPT,CSR,GSR,CA15,GA15,CDT",2025-07-20 02:43:58.5809984 -03:00,1749257,2025-07-20 01:22:39.6646232 -03:00,18,0
1749362,26,26-CAMBIO DE HERRAMIENTAS DEBIDO A DESGASTE,377.57,siderca\12985,"CPT,CA15,GA15,CDT",2025-07-20 04:06:34.9557378 -03:00,1749313,2025-07-20 02:49:01.0988695 -03:00,19,0
1749407,26,26-CAMBIO DE HERRAMIENTAS DEBIDO A DESGASTE,895.519,siderca\60062524,"CSR,GSR,CA15,GA15,GA12,CFC,GFC,CDT",2025-07-20 05:00:00.0000000 -03:00,1749362,2025-07-20 04:12:52.5257396 -03:00,11,0
1749441,26,26-CAMBIO DE HERRAMIENTAS DEBIDO A DESGASTE,602.733,siderca\60062524,"CPT,GA15,CFC,GFC,CDT",2025-07-20 06:05:28.6631707 -03:00,1749407,2025-07-20 05:14:55.5192186 -03:00,11,0
1749504,26,26-CAMBIO DE HERRAMIENTAS DEBIDO A DESGASTE,249.584,siderca\60062524,"CFC,CDS,CDT",2025-07-20 07:39:43.6287891 -03:00,1749441,2025-07-20 06:15:31.3960798 -03:00,11,4
1749539,26,26-CAMBIO DE HERRAMIENTAS DEBIDO A DESGASTE,498,siderca\60062524,"CPT,GA15,GA12,CFC,GFC,CDT",2025-07-20 08:44:31.3423222 -03:00,1749504,2025-07-20 07:43:53.2120081 -03:00,10,0
1749575,26,26-CAMBIO DE HERRAMIENTAS DEBIDO A DESGASTE,312.958,siderca\60062524,"CA15,GA15,CDT",2025-07-20 09:47:25.2683916 -03:00,1749539,2025-07-20 08:52:49.3423222 -03:00,11,0
1749668,26,26-CAMBIO DE HERRAMIENTAS DEBIDO A DESGASTE,480.062,siderca\60062524,"CPT,CA15,CFC,CDS,CDT",2025-07-20 12:36:02.0588586 -03:00,1749575,2025-07-20 09:52:38.2262336 -03:00,12,5
1749723,26,26-CAMBIO DE HERRAMIENTAS DEBIDO A DESGASTE,802,siderca\60062524,"CPT,CSR,GSR,GA15,GA12,GFC",2025-07-20 14:03:45.0196225 -03:00,1749668,2025-07-20 12:44:02.1209264 -03:00,9,0
1749830,26,26-CAMBIO DE HERRAMIENTAS DEBIDO A DESGASTE,354.9,siderca\60062524,"GA15,GA12",2025-07-20 16:58:11.4948256 -03:00,1749723,2025-07-20 14:17:07.0196225 -03:00,22,1
1749895,26,26-CAMBIO DE HERRAMIENTAS DEBIDO A DESGASTE,480,siderca\60062524,"CPT,GSR,CA15,GA15,CA12,GA12,GFC",2025-07-20 18:25:05.4941771 -03:00,1749830,2025-07-20 17:04:06.3943647 -03:00,10,3
1749923,26,26-CAMBIO DE HERRAMIENTAS DEBIDO A DESGASTE,732.247,siderca\60062291,"CPT,GA15,GA12",2025-07-20 19:31:37.4444465 -03:00,1749895,2025-07-20 18:33:05.4941771 -03:00,8,1
1749988,26,26-CAMBIO DE HERRAMIENTAS DEBIDO A DESGASTE,870.622,siderca\60062524,"CPT,GSR,CA15,GA15,CA12,GA12,GFC",2025-07-20 21:00:23.0275978 -03:00,1749923,2025-07-20 19:43:49.6916254 -03:00,13,0
1750038,26,26-CAMBIO DE HERRAMIENTAS DEBIDO A DESGASTE,691.167,siderca\60062567,"CPT,GSR,CA15,GA12,GFC,CDT",2025-07-20 22:15:43.2800372 -03:00,1749988,2025-07-20 21:14:53.6495973 -03:00,10,0
1750071,26,26-CAMBIO DE HERRAMIENTAS DEBIDO A DESGASTE,489.284,siderca\60062567,"CPT,GSR,CA15,GA12,GFC",2025-07-20 23:17:53.6183703 -03:00,1750038,2025-07-20 22:27:14.4472914 -03:00,11,0
1750118,26,26-CAMBIO DE HERRAMIENTAS DEBIDO A DESGASTE,454.884,siderca\60062567,"CPT,GSR,CA15,GA12,GFC,CDT",2025-07-21 00:46:12.9338957 -03:00,1750071,2025-07-20 23:26:02.9027532 -03:00,11,0
1750151,26,26-CAMBIO DE HERRAMIENTAS DEBIDO A DESGASTE,787.682,siderca\60062567,"CPT,GSR,CA15,GA12,GFC,CDT",2025-07-21 01:53:44.3064468 -03:00,1750118,2025-07-21 00:53:47.8177512 -03:00,9,0
1750412,26,26-CAMBIO DE HERRAMIENTAS DEBIDO A DESGASTE,385.009,siderca\60062524,"CPT,GSR,CA15,GA15,GFC,GDS,CDT",2025-07-21 09:46:28.7250869 -03:00,1750151,2025-07-21 02:06:51.9880870 -03:00,14,1
1750464,26,26-CAMBIO DE HERRAMIENTAS DEBIDO A DESGASTE,592.248,siderca\60062524,"CPT,GA15,GA12,GFC,CDT",2025-07-21 11:35:27.1550319 -03:00,1750412,2025-07-21 09:52:53.7345728 -03:00,10,0
1750531,26,26-CAMBIO DE HERRAMIENTAS DEBIDO A DESGASTE,862,siderca\60062291,"CPT,GSR,GA15,CA12,GA12,GFC,GDS",2025-07-21 13:18:29.3024259 -03:00,1750464,2025-07-21 11:45:19.4035435 -03:00,12,0
1750644,26,26-CAMBIO DE HERRAMIENTAS DEBIDO A DESGASTE,744.761,siderca\60062291,"CPT,GA15,CA12,GA12,GFC,GDS",2025-07-21 16:28:11.5687453 -03:00,1750531,2025-07-21 13:32:51.3024259 -03:00,19,0
1750692,26,26-CAMBIO DE HERRAMIENTAS DEBIDO A DESGASTE,494.956,siderca\60062291,"GSR,CA15,GA15,GA12",2025-07-21 17:53:07.2512278 -03:00,1750644,2025-07-21 16:40:36.3291523 -03:00,10,0
1750752,26,26-CAMBIO DE HERRAMIENTAS DEBIDO A DESGASTE,675.127,siderca\60062291,"CPT,GA15,CA12,GA12,CFC,GFC,CDS,GDS",2025-07-21 19:25:56.6454536 -03:00,1750692,2025-07-21 18:01:22.2073520 -03:00,11,0
1750792,26,26-CAMBIO DE HERRAMIENTAS DEBIDO A DESGASTE,512.876,siderca\60062291,"CPT,GA15,CA12,GA12",2025-07-21 20:39:48.5922048 -03:00,1750752,2025-07-21 19:37:11.7721390 -03:00,11,0
1750863,26,26-CAMBIO DE HERRAMIENTAS DEBIDO A DESGASTE,214.63,siderca\60062567,CPT,2025-07-21 22:24:38.0647002 -03:00,1750792,2025-07-21 20:48:21.4681214 -03:00,5,0
1750937,26,26-CAMBIO DE HERRAMIENTAS DEBIDO A DESGASTE,317.077,siderca\60062567,"CSR,GSR,CA15,GA12,CFC,GDS,CDT,GH",2025-07-22 00:33:35.2761087 -03:00,1750863,2025-07-21 22:28:12.6949282 -03:00,6,0
1750982,26,26-CAMBIO DE HERRAMIENTAS DEBIDO A DESGASTE,452.006,siderca\60062567,"CPT,CA15,GA12,CDT",2025-07-22 01:42:51.8167543 -03:00,1750937,2025-07-22 00:38:52.3536994 -03:00,10,0
1751021,26,26-CAMBIO DE HERRAMIENTAS DEBIDO A DESGASTE,496,siderca\60062567,"CA15,GA12,GDS,CDT",2025-07-22 02:55:07.5109261 -03:00,1750982,2025-07-22 01:50:23.8223745 -03:00,11,0
1751093,26,26-CAMBIO DE HERRAMIENTAS DEBIDO A DESGASTE,566.24,siderca\60062567,"CA15,GA12,GDS,CDT",2025-07-22 04:44:19.1322181 -03:00,1751021,2025-07-22 03:03:23.5109261 -03:00,12,0
1751172,26,26-CAMBIO DE HERRAMIENTAS DEBIDO A DESGASTE,540.641,siderca\60062524,"CA15,GA15,GA12,GFC,GDS,CDT",2025-07-22 06:22:08.3274804 -03:00,1751093,2025-07-22 04:53:45.3729388 -03:00,10,0
1751299,26,26-CAMBIO DE HERRAMIENTAS DEBIDO A DESGASTE,650,siderca\60062524,"CPT,GA15,CFC,GFC,CDT",2025-07-22 10:30:20.9516948 -03:00,1751172,2025-07-22 06:31:08.9683897 -03:00,10,0
1751364,26,26-CAMBIO DE HERRAMIENTAS DEBIDO A DESGASTE,480.673,siderca\60062524,"CSR,GSR,GA15,CFC,GFC,GDS,CDT",2025-07-22 12:16:07.3734403 -03:00,1751299,2025-07-22 10:41:10.9516948 -03:00,11,0
1751408,26,26-CAMBIO DE HERRAMIENTAS DEBIDO A DESGASTE,605.76,siderca\12985,"CPT,CA15,GA15,CDT",2025-07-22 13:28:56.0374446 -03:00,1751364,2025-07-22 12:24:08.0463829 -03:00,11,0
1751448,26,26-CAMBIO DE HERRAMIENTAS DEBIDO A DESGASTE,349.408,siderca\12985,"CA15,GA15,CDS,GDS,CDT",2025-07-22 14:41:01.6540309 -03:00,1751408,2025-07-22 13:39:01.7974763 -03:00,11,0
1751479,26,26-CAMBIO DE HERRAMIENTAS DEBIDO A DESGASTE,729.036,siderca\12985,"CPT,CSR,GSR,CA15,GA15,CDT",2025-07-22 15:43:56.4565278 -03:00,1751448,2025-07-22 14:46:51.0627361 -03:00,11,0
1751526,26,26-CAMBIO DE HERRAMIENTAS DEBIDO A DESGASTE,675.769,siderca\12985,"CPT,CA15,GA15,CFC,CDS,GDS,CDT",2025-07-22 17:09:42.6109615 -03:00,1751479,2025-07-22 15:56:05.4927743 -03:00,11,1
1751563,26,26-CAMBIO DE HERRAMIENTAS DEBIDO A DESGASTE,391,siderca\12985,"CA15,GA15,CDT",2025-07-22 18:22:53.5229375 -03:00,1751526,2025-07-22 17:20:58.3793259 -03:00,10,0
1751643,26,26-CAMBIO DE HERRAMIENTAS DEBIDO A DESGASTE,720.816,siderca\12985,"CPT,CSR,GSR,CA15,GA15,CFC,CDS,GDS,CDT",2025-07-22 19:30:33.0359673 -03:00,1751563,2025-07-22 18:29:24.5229375 -03:00,11,0
1751656,26,26-CAMBIO DE HERRAMIENTAS DEBIDO A DESGASTE,208,siderca\12985,"CA15,GA15,CDT",2025-07-22 20:39:42.7644810 -03:00,1751643,2025-07-22 19:42:33.8513924 -03:00,11,0
1751714,26,26-CAMBIO DE HERRAMIENTAS DEBIDO A DESGASTE,340.705,siderca\60062567,"CPA,CA15,GA15,CDS,GDS,CDT",2025-07-22 21:52:32.0007298 -03:00,1751656,2025-07-22 20:43:10.7644810 -03:00,10,0
1751779,26,26-CAMBIO DE HERRAMIENTAS DEBIDO A DESGASTE,316.063,siderca\60062567,"CSR,GSR,CA15,GA15,CDS,GDS,CDT",2025-07-22 23:27:10.0548946 -03:00,1751714,2025-07-22 21:58:12.7054655 -03:00,12,0
1751833,26,26-CAMBIO DE HERRAMIENTAS DEBIDO A DESGASTE,686.502,siderca\60062567,"CPT,CA15,GA12,CFC,GDS,CDT,GH",2025-07-23 01:03:55.5771331 -03:00,1751779,2025-07-22 23:32:26.1171603 -03:00,10,0
1751875,26,26-CAMBIO DE HERRAMIENTAS DEBIDO A DESGASTE,198.532,siderca\60062567,"CA15,CDT,GH",2025-07-23 02:12:45.7321265 -03:00,1751833,2025-07-23 01:15:22.0793605 -03:00,10,0
1751915,26,26-CAMBIO DE HERRAMIENTAS DEBIDO A DESGASTE,453.941,siderca\60062567,"CPT,CSR,GSR,CA15,GA15,CFC,CDS,GDS,CDT,GH",2025-07-23 03:15:23.2807004 -03:00,1751875,2025-07-23 02:16:04.2644606 -03:00,10,0
1751954,26,26-CAMBIO DE HERRAMIENTAS DEBIDO A DESGASTE,244.651,siderca\60062567,"CA15,CDT,GH",2025-07-23 04:20:17.0277835 -03:00,1751915,2025-07-23 03:22:57.2216190 -03:00,10,0
1752023,26,26-CAMBIO DE HERRAMIENTAS DEBIDO A DESGASTE,802.507,siderca\60062524,"CPT,GSR,GA15,GA12,CFC,GFC,GDS,CDT",2025-07-23 05:43:59.4850654 -03:00,1751954,2025-07-23 04:24:21.6783020 -03:00,10,0
1752078,26,26-CAMBIO DE HERRAMIENTAS DEBIDO A DESGASTE,483,siderca\60062524,"CSR,GSR,CA15,GA15,GA12,CDT",2025-07-23 07:08:54.9028268 -03:00,1752023,2025-07-23 05:57:21.9928459 -03:00,11,0
1752150,26,26-CAMBIO DE HERRAMIENTAS DEBIDO A DESGASTE,600.565,siderca\60062524,"CPT,GA15,GA12,CDS,GDS,CDT",2025-07-23 08:54:51.7570809 -03:00,1752078,2025-07-23 07:16:57.9028268 -03:00,12,0
1752218,26,26-CAMBIO DE HERRAMIENTAS DEBIDO A DESGASTE,303.317,siderca\60062524,"CA12,GA12,CDT",2025-07-23 11:16:08.0357713 -03:00,1752150,2025-07-23 09:04:52.3229901 -03:00,11,0
1752259,26,26-CAMBIO DE HERRAMIENTAS DEBIDO A DESGASTE,704.68,siderca\60062524,"CPT,GSR,CA15,GA15,GFC,CDS,GDS,CDT",2025-07-23 12:21:15.2796707 -03:00,1752218,2025-07-23 11:21:11.3528860 -03:00,11,0
1752325,26,26-CAMBIO DE HERRAMIENTAS DEBIDO A DESGASTE,483.384,siderca\12985,"CA15,GA15,CDT",2025-07-23 13:50:16.3511129 -03:00,1752259,2025-07-23 12:32:59.9597639 -03:00,11,0
1752379,26,26-CAMBIO DE HERRAMIENTAS DEBIDO A DESGASTE,600.425,siderca\12985,"CPT,CA15,GA15,CFC,CDS,GDS,CDT",2025-07-23 15:06:18.5382177 -03:00,1752325,2025-07-23 13:58:19.7356229 -03:00,10,0
1752427,26,26-CAMBIO DE HERRAMIENTAS DEBIDO A DESGASTE,383.465,siderca\12985,"CSR,GSR,CA15,GA15,CDT",2025-07-23 16:19:26.1984751 -03:00,1752379,2025-07-23 15:16:18.9639931 -03:00,11,0
1752476,26,26-CAMBIO DE HERRAMIENTAS DEBIDO A DESGASTE,600.605,siderca\12985,"CPT,CA15,GA15,CDS,GDS,CDT",2025-07-23 17:26:53.5505756 -03:00,1752427,2025-07-23 16:25:49.6634805 -03:00,10,0
1752502,26,26-CAMBIO DE HERRAMIENTAS DEBIDO A DESGASTE,208.421,siderca\12985,"CA15,GA15,CDT",2025-07-23 18:31:49.9534446 -03:00,1752476,2025-07-23 17:36:54.1555008 -03:00,9,0
1752540,26,26-CAMBIO DE HERRAMIENTAS DEBIDO A DESGASTE,660.48,siderca\12985,"CPT,CSR,GSR,CA15,GA15,CFC,CDS,GDS,CDT",2025-07-23 19:33:31.1969954 -03:00,1752502,2025-07-23 18:35:18.3740651 -03:00,11,0
1752603,26,26-CAMBIO DE HERRAMIENTAS DEBIDO A DESGASTE,205.218,siderca\60062567,"CA15,GA15,CDT",2025-07-23 21:13:47.5537566 -03:00,1752540,2025-07-23 19:44:31.6761064 -03:00,11,0
1752643,26,26-CAMBIO DE HERRAMIENTAS DEBIDO A DESGASTE,298.686,siderca\60062567,"CPT,CA15,GA15,CFC,GDS,CDT,GH",2025-07-23 22:14:47.3147465 -03:00,1752603,2025-07-23 21:17:12.7718491 -03:00,10,0
1752689,26,26-CAMBIO DE HERRAMIENTAS DEBIDO A DESGASTE,207.391,siderca\60062567,"CSR,GSR,CA15,GA15,CDT",2025-07-23 23:17:00.0803800 -03:00,1752643,2025-07-23 22:19:46.0006202 -03:00,11,0
1752723,26,26-CAMBIO DE HERRAMIENTAS DEBIDO A DESGASTE,367.195,siderca\60062567,"CPT,CA15,GA15,CFC,GDS,CDT,GH",2025-07-24 00:19:28.7739244 -03:00,1752689,2025-07-23 23:20:27.4716272 -03:00,10,0
1752765,26,26-CAMBIO DE HERRAMIENTAS DEBIDO A DESGASTE,352.896,siderca\60062567,"CA15,GA15,CDT",2025-07-24 01:33:12.5374734 -03:00,1752723,2025-07-24 00:25:35.9686671 -03:00,10,0
1752802,26,26-CAMBIO DE HERRAMIENTAS DEBIDO A DESGASTE,439.734,siderca\60062567,"CPT,CSR,GSR,CA15,GA15,CFC,GDS,CDT,GH",2025-07-24 02:43:26.2541051 -03:00,1752765,2025-07-24 01:39:05.4338860 -03:00,11,0
1752853,26,26-CAMBIO DE HERRAMIENTAS DEBIDO A DESGASTE,339.492,siderca\60062567,"CA15,GA15,CDT",2025-07-24 04:00:25.5714929 -03:00,1752802,2025-07-24 02:50:45.9888259 -03:00,12,0
1752933,26,26-CAMBIO DE HERRAMIENTAS DEBIDO A DESGASTE,900.134,siderca\60062291,"CPT,GSR,CA15,CA12,GFC,CDS,GDS",2025-07-24 05:16:45.1690339 -03:00,1752853,2025-07-24 04:06:05.0633549 -03:00,11,1
1753006,26,26-CAMBIO DE HERRAMIENTAS DEBIDO A DESGASTE,309.729,siderca\60062291,"GA15,GA12",2025-07-24 07:20:37.6293319 -03:00,1752933,2025-07-24 05:31:45.3039004 -03:00,12,0
1753042,26,26-CAMBIO DE HERRAMIENTAS DEBIDO A DESGASTE,710.717,siderca\60062291,"CPT,GA15,GA12,CFC,GFC,GDS",2025-07-24 08:17:49.3608015 -03:00,1753006,2025-07-24 07:25:47.3582685 -03:00,10,0
1753089,26,26-CAMBIO DE HERRAMIENTAS DEBIDO A DESGASTE,486.582,siderca\60062291,"GSR,GA15,GA12",2025-07-24 09:38:44.6889380 -03:00,1753042,2025-07-24 08:29:40.0779994 -03:00,11,0
1753129,26,26-CAMBIO DE HERRAMIENTAS DEBIDO A DESGASTE,755,siderca\60062291,"CPT,CA15,CA12,CFC,GFC,CDS,GDS",2025-07-24 10:43:53.3476139 -03:00,1753089,2025-07-24 09:46:51.2704161 -03:00,11,0
1753167,26,26-CAMBIO DE HERRAMIENTAS DEBIDO A DESGASTE,343.655,siderca\60062291,"GA15,GA12",2025-07-24 11:58:29.0892458 -03:00,1753129,2025-07-24 10:56:28.3476139 -03:00,11,0
1753224,26,26-CAMBIO DE HERRAMIENTAS DEBIDO A DESGASTE,808.12,siderca\12985,"CPT,CSR,GSR,CA15,GA15,CFC,CDS,GDS,CDT",2025-07-24 13:09:02.3601152 -03:00,1753167,2025-07-24 12:04:12.7442846 -03:00,10,0
1753266,26,26-CAMBIO DE HERRAMIENTAS DEBIDO A DESGASTE,369.908,siderca\12985,"CA15,GA15,CDT",2025-07-24 14:19:27.6591399 -03:00,1753224,2025-07-24 13:22:30.4802093 -03:00,10,0
1753294,26,26-CAMBIO DE HERRAMIENTAS DEBIDO A DESGASTE,640.934,siderca\12985,"CPT,CA15,GA15,CDS,GDS,CDT",2025-07-24 15:23:30.8425848 -03:00,1753266,2025-07-24 14:25:37.5674671 -03:00,10,0
1753327,26,26-CAMBIO DE HERRAMIENTAS DEBIDO A DESGASTE,386.675,siderca\12985,"CSR,GSR,CA15,GA15,CDT",2025-07-24 16:31:06.6211076 -03:00,1753294,2025-07-24 15:34:11.7766655 -03:00,10,0
1753357,26,26-CAMBIO DE HERRAMIENTAS DEBIDO A DESGASTE,597.756,siderca\12985,"CPT,CA15,GA15,GFC,CDS,GDS,CDT",2025-07-24 17:34:25.6896418 -03:00,1753327,2025-07-24 16:37:33.2960431 -03:00,10,0
1753390,26,26-CAMBIO DE HERRAMIENTAS DEBIDO A DESGASTE,545.045,siderca\12985,"CA15,GA15,CFC,GFC,CDT",2025-07-24 18:41:15.5377376 -03:00,1753357,2025-07-24 17:44:23.4457045 -03:00,11,0
1753429,26,26-CAMBIO DE HERRAMIENTAS DEBIDO A DESGASTE,464.534,siderca\12985,"CPT,CSR,GSR,CA15,GA15,CDT",2025-07-24 19:47:12.2083001 -03:00,1753390,2025-07-24 18:50:20.5826259 -03:00,10,0
1753495,26,26-CAMBIO DE HERRAMIENTAS DEBIDO A DESGASTE,311.372,siderca\60062567,"CA15,GA15,CDT",2025-07-24 21:01:44.4430648 -03:00,1753429,2025-07-24 19:54:56.7429220 -03:00,12,0
1753537,26,26-CAMBIO DE HERRAMIENTAS DEBIDO A DESGASTE,413.766,siderca\60062567,"CPT,CA15,GA15,GA12,CFC,GDS,CDT,GH",2025-07-24 22:05:49.4125065 -03:00,1753495,2025-07-24 21:06:55.8157170 -03:00,10,0
1753575,26,26-CAMBIO DE HERRAMIENTAS DEBIDO A DESGASTE,312.379,siderca\60062567,"CSR,GSR,CA15,GA15,CDT",2025-07-24 23:09:43.7637481 -03:00,1753537,2025-07-24 22:12:43.1789787 -03:00,10,0
1753617,26,26-CAMBIO DE HERRAMIENTAS DEBIDO A DESGASTE,386.615,siderca\60062567,"CPT,CA15,GA15,CFC,GDS,CDT,GH",2025-07-25 00:20:04.7768199 -03:00,1753575,2025-07-24 23:14:56.1421170 -03:00,11,0
1753653,26,26-CAMBIO DE HERRAMIENTAS DEBIDO A DESGASTE,135.99,siderca\60062567,"CA15,GA15,CDT",2025-07-25 01:24:54.2524155 -03:00,1753617,2025-07-25 00:26:31.3916292 -03:00,10,0
1753684,26,26-CAMBIO DE HERRAMIENTAS DEBIDO A DESGASTE,545.751,siderca\60062567,"CPT,CA15,GA15,GA12,CFC,GDS,CDT,GH",2025-07-25 02:19:26.4004028 -03:00,1753653,2025-07-25 01:27:10.2426928 -03:00,9,0
1753730,26,26-CAMBIO DE HERRAMIENTAS DEBIDO A DESGASTE,289.482,siderca\60062567,"CA15,GA15,CDT",2025-07-25 03:35:48.0566923 -03:00,1753684,2025-07-25 02:28:32.1512190 -03:00,11,0
1753766,26,26-CAMBIO DE HERRAMIENTAS DEBIDO A DESGASTE,382.988,siderca\60062567,"CPT,CA15,GA15,GA12,CFC,GDS,CDT,GH",2025-07-25 04:32:29.6765782 -03:00,1753730,2025-07-25 03:40:37.5388503 -03:00,9,0
1753835,26,26-CAMBIO DE HERRAMIENTAS DEBIDO A DESGASTE,355,siderca\60062291,"GA15,CA12",2025-07-25 06:01:57.8525900 -03:00,1753766,2025-07-25 04:38:52.6647415 -03:00,10,1
1753894,26,26-CAMBIO DE HERRAMIENTAS DEBIDO A DESGASTE,564,siderca\60062291,"CPT,GA15,GA12,GFC,CDS,GDS",2025-07-25 07:22:56.2151041 -03:00,1753835,2025-07-25 06:07:52.8525900 -03:00,11,0
1753943,26,26-CAMBIO DE HERRAMIENTAS DEBIDO A DESGASTE,520.36,siderca\60062291,"CPT,GSR,GA15,GA12",2025-07-25 08:34:01.0026554 -03:00,1753894,2025-07-25 07:32:20.2151041 -03:00,11,0
1754026,26,26-CAMBIO DE HERRAMIENTAS DEBIDO A DESGASTE,480.299,siderca\60062291,"CA15,GA12,CFC,GFC,GDS",2025-07-25 10:20:01.8876190 -03:00,1753943,2025-07-25 08:42:41.3625076 -03:00,10,0
1754046,26,26-CAMBIO DE HERRAMIENTAS DEBIDO A DESGASTE,682.934,siderca\60062291,"CPT,CSR,GA15,CA12",2025-07-25 11:22:00.3246425 -03:00,1754026,2025-07-25 10:28:02.1863214 -03:00,9,0
1754098,26,26-CAMBIO DE HERRAMIENTAS DEBIDO A DESGASTE,699.465,siderca\60062291,"CPT,GA15,GA12,CFC,GFC,CDS,GDS",2025-07-25 12:37:14.7796514 -03:00,1754046,2025-07-25 11:33:23.2584721 -03:00,10,0
1754157,26,26-CAMBIO DE HERRAMIENTAS DEBIDO A DESGASTE,261.007,siderca\12985,"CA15,GA15,CDT",2025-07-25 13:47:51.5218233 -03:00,1754098,2025-07-25 12:48:54.2446753 -03:00,10,0
1754196,26,26-CAMBIO DE HERRAMIENTAS DEBIDO A DESGASTE,629.409,siderca\12985,"CPT,CSR,GSR,CA15,GA15,CDS,GDS,CDT",2025-07-25 14:49:06.3912812 -03:00,1754157,2025-07-25 13:52:12.5281046 -03:00,10,0
1754237,26,26-CAMBIO DE HERRAMIENTAS DEBIDO A DESGASTE,287.069,siderca\12985,"CA15,GA15,CDT",2025-07-25 15:59:03.8510601 -03:00,1754196,2025-07-25 14:59:35.8007974 -03:00,10,0
1754298,26,26-CAMBIO DE HERRAMIENTAS DEBIDO A DESGASTE,542.52,siderca\12985,"CPT,CA15,GA15,CFC,CDS,GDS,CDT",2025-07-25 17:31:26.6052318 -03:00,1754237,2025-07-25 16:03:50.9205683 -03:00,10,0
1754333,26,26-CAMBIO DE HERRAMIENTAS DEBIDO A DESGASTE,361.3,siderca\12985,"CSR,GSR,CA15,GA15,CDT",2025-07-25 18:37:20.4872615 -03:00,1754298,2025-07-25 17:40:29.1258940 -03:00,10,0
1754376,26,26-CAMBIO DE HERRAMIENTAS DEBIDO A DESGASTE,414.167,siderca\12985,"CPT,CA15,GA15,CDT",2025-07-25 19:44:58.0563119 -03:00,1754333,2025-07-25 18:43:21.7873390 -03:00,11,0
1754402,26,26-CAMBIO DE HERRAMIENTAS DEBIDO A DESGASTE,43.762,siderca\12985,CSR,2025-07-25 20:28:47.6019817 -03:00,1754376,2025-07-25 19:51:52.2234913 -03:00,6,0
1754437,26,26-CAMBIO DE HERRAMIENTAS DEBIDO A DESGASTE,186.673,siderca\12985,"CA15,GA15,CDT",2025-07-25 21:07:17.4998979 -03:00,1754402,2025-07-25 20:29:31.3639851 -03:00,5,0
1754477,26,26-CAMBIO DE HERRAMIENTAS DEBIDO A DESGASTE,614.094,siderca\60062567,"CPT,CSR,CA15,GA15,CFC,GDS,CDT,GH",2025-07-25 22:15:50.1556404 -03:00,1754437,2025-07-25 21:10:24.1727094 -03:00,12,0
1754516,26,26-CAMBIO DE HERRAMIENTAS DEBIDO A DESGASTE,140.699,siderca\12985,"CA15,GA15,CDT",2025-07-25 23:29:51.6650256 -03:00,1754477,2025-07-25 22:26:04.2490880 -03:00,11,0
1754554,26,26-CAMBIO DE HERRAMIENTAS DEBIDO A DESGASTE,371.816,siderca\60062567,"CPT,CA15,GA15,CFC,GDS,CDT,GH",2025-07-26 00:37:55.3055458 -03:00,1754516,2025-07-25 23:32:12.3643265 -03:00,12,0
1754611,26,26-CAMBIO DE HERRAMIENTAS DEBIDO A DESGASTE,372.578,siderca\60062567,"CSR,GSR,CA15,GA15,CDT",2025-07-26 02:17:44.5840597 -03:00,1754554,2025-07-26 00:44:07.1214224 -03:00,10,0
1754644,26,26-CAMBIO DE HERRAMIENTAS DEBIDO A DESGASTE,431.741,siderca\60062567,"CPT,CA15,GA15,CFC,GDS,CDT,GH",2025-07-26 03:20:50.0953643 -03:00,1754611,2025-07-26 02:23:57.1621792 -03:00,10,0
1754681,26,26-CAMBIO DE HERRAMIENTAS DEBIDO A DESGASTE,132.044,siderca\12985,"CA15,GA15,CDT",2025-07-26 04:33:53.4105789 -03:00,1754644,2025-07-26 03:28:01.8369608 -03:00,12,0
1754738,26,26-CAMBIO DE HERRAMIENTAS DEBIDO A DESGASTE,604.424,siderca\60062291,"CPT,GSR,CA15,GFC,GDS,CDT",2025-07-26 05:40:20.0464296 -03:00,1754681,2025-07-26 04:36:05.4544729 -03:00,10,0
1754779,26,26-CAMBIO DE HERRAMIENTAS DEBIDO A DESGASTE,332.345,siderca\60062291,"GA15,GA12",2025-07-26 06:47:19.7821767 -03:00,1754738,2025-07-26 05:50:24.4707945 -03:00,10,0
1754821,26,26-CAMBIO DE HERRAMIENTAS DEBIDO A DESGASTE,571,siderca\60062291,"CPT,CSR,GSR,GA15,CFC,GFC,CDS,GDS",2025-07-26 07:51:52.2597014 -03:00,1754779,2025-07-26 06:52:52.1273004 -03:00,11,0
1754862,26,26-CAMBIO DE HERRAMIENTAS DEBIDO A DESGASTE,286.177,siderca\60062291,"GA15,GA12",2025-07-26 09:03:34.0502028 -03:00,1754821,2025-07-26 08:01:23.2597014 -03:00,11,0
1754892,26,26-CAMBIO DE HERRAMIENTAS DEBIDO A DESGASTE,486.644,siderca\60062291,"CPT,CA15,GFC,GDS,CDT",2025-07-26 09:55:20.0472199 -03:00,1754862,2025-07-26 09:08:20.2279111 -03:00,8,0
1754927,26,26-CAMBIO DE HERRAMIENTAS DEBIDO A DESGASTE,475,siderca\60062291,"CSR,GSR,GA15",2025-07-26 10:50:27.6253435 -03:00,1754892,2025-07-26 10:03:26.6911093 -03:00,9,0
1754975,26,26-CAMBIO DE HERRAMIENTAS DEBIDO A DESGASTE,582.459,siderca\60062291,"CPT,GA15,GA12,GFC,CDS,GDS",2025-07-26 11:51:48.8888849 -03:00,1754927,2025-07-26 10:58:22.6253435 -03:00,9,0
1755039,26,26-CAMBIO DE HERRAMIENTAS DEBIDO A DESGASTE,552.809,siderca\12985,"CPT,CA15,GA15,CDT",2025-07-26 13:21:08.9921161 -03:00,1754975,2025-07-26 12:01:31.3475357 -03:00,12,0
1755100,26,26-CAMBIO DE HERRAMIENTAS DEBIDO A DESGASTE,480.742,siderca\12985,"CPT,CSR,GSR,CA15,GA15,CDS,GDS,CDT",2025-07-26 14:35:34.7620085 -03:00,1755039,2025-07-26 13:30:21.8014001 -03:00,10,1
1755127,26,26-CAMBIO DE HERRAMIENTAS DEBIDO A DESGASTE,249.767,siderca\12985,"CA15,GA15,CDT",2025-07-26 15:40:42.1335087 -03:00,1755100,2025-07-26 14:43:35.5044824 -03:00,10,0
1755129,26,26-CAMBIO DE HERRAMIENTAS DEBIDO A DESGASTE,0.11,siderca\12985,"CA15,GA15,CDT",2025-07-26 15:44:51.9006249 -03:00,1755127,2025-07-26 15:44:51.9006249 -03:00,0,0
1755177,26,26-CAMBIO DE HERRAMIENTAS DEBIDO A DESGASTE,584.682,siderca\12985,"CPT,CA15,GA15,CFC,GFC,CDS,GDS,CDT",2025-07-26 16:51:27.5077385 -03:00,1755129,2025-07-26 15:44:52.0103167 -03:00,11,0
1755209,26,26-CAMBIO DE HERRAMIENTAS DEBIDO A DESGASTE,534.088,siderca\12985,"CSR,GSR,CA15,GA15,CDT",2025-07-26 17:58:09.0949540 -03:00,1755177,2025-07-26 17:01:12.1895776 -03:00,10,0
1755255,26,26-CAMBIO DE HERRAMIENTAS DEBIDO A DESGASTE,629.064,siderca\12985,"CPT,CA15,GA15,CDS,GDS,CDT",2025-07-26 19:10:28.2896705 -03:00,1755209,2025-07-26 18:07:03.1828761 -03:00,11,3
1755302,26,26-CAMBIO DE HERRAMIENTAS DEBIDO A DESGASTE,335.327,siderca\12985,"CA15,GA15,CDT",2025-07-26 20:31:34.8770346 -03:00,1755255,2025-07-26 19:20:57.3531322 -03:00,12,0
1755392,26,26-CAMBIO DE HERRAMIENTAS DEBIDO A DESGASTE,960.567,siderca\12822,"CPT,GSR,GA15,GFC,GDS",2025-07-26 22:00:35.1919768 -03:00,1755302,2025-07-26 20:37:10.2043060 -03:00,9,0
1755431,26,26-CAMBIO DE HERRAMIENTAS DEBIDO A DESGASTE,1037.898,siderca\12822,"CSR,GFC",2025-07-26 23:25:13.0760523 -03:00,1755392,2025-07-26 22:16:35.7584433 -03:00,10,0
1755496,26,26-CAMBIO DE HERRAMIENTAS DEBIDO A DESGASTE,1202,siderca\12822,"CPA,GSR,GFC,GDS",2025-07-27 01:02:06.9066831 -03:00,1755431,2025-07-26 23:42:30.9745466 -03:00,9,1
1755833,26,26-CAMBIO DE HERRAMIENTAS DEBIDO A DESGASTE,336,siderca\60062291,"GA15,GA12",2025-07-28 08:50:34.5189370 -03:00,1755496,2025-07-27 01:22:08.9066831 -03:00,34,1
1755891,26,26-CAMBIO DE HERRAMIENTAS DEBIDO A DESGASTE,766,siderca\60062291,"CPT,GA15,CFC,GFC,GDS",2025-07-28 10:29:03.8410910 -03:00,1755833,2025-07-28 08:56:10.5189370 -03:00,9,0
1755937,26,26-CAMBIO DE HERRAMIENTAS DEBIDO A DESGASTE,327.66,siderca\60062291,"CSR,GSR,GA15",2025-07-28 11:49:21.2068783 -03:00,1755891,2025-07-28 10:41:49.8410910 -03:00,11,0
1755982,26,26-CAMBIO DE HERRAMIENTAS DEBIDO A DESGASTE,804.955,siderca\60062567,"CPT,GSR,CA15,GA15,GA12,CFC,GFC,GDS,CDT,GH",2025-07-28 13:00:00.0000000 -03:00,1755937,2025-07-28 11:54:48.8668409 -03:00,12,0
1756039,26,26-CAMBIO DE HERRAMIENTAS DEBIDO A DESGASTE,120.081,siderca\60062567,"CA15,CDT",2025-07-28 14:30:17.5535923 -03:00,1755982,2025-07-28 13:13:24.9551741 -03:00,12,0
1756079,26,26-CAMBIO DE HERRAMIENTAS DEBIDO A DESGASTE,494.584,siderca\60062567,"CPT,CA15,GA15,GA12,CFC,GFC,GDS,CDT,GH",2025-07-28 15:48:50.1416331 -03:00,1756039,2025-07-28 14:32:17.6343327 -03:00,11,0
1756115,26,26-CAMBIO DE HERRAMIENTAS DEBIDO A DESGASTE,319.388,siderca\60062567,"CA15,CDT",2025-07-28 16:54:00.9788373 -03:00,1756079,2025-07-28 15:57:04.7251955 -03:00,11,0
1756159,26,26-CAMBIO DE HERRAMIENTAS DEBIDO A DESGASTE,631.646,siderca\60062567,"CPT,CA15,GA15,GA12,CFC,GFC,GDS,CDT,GH",2025-07-28 17:57:03.3666513 -03:00,1756115,2025-07-28 16:59:20.3667417 -03:00,9,0
1756193,26,26-CAMBIO DE HERRAMIENTAS DEBIDO A DESGASTE,287.981,siderca\60062567,"GSR,CA15,CDT",2025-07-28 19:07:08.6789923 -03:00,1756159,2025-07-28 18:07:35.0122019 -03:00,10,0
1756235,26,26-CAMBIO DE HERRAMIENTAS DEBIDO A DESGASTE,562.789,siderca\60062567,"CPT,CA15,GA15,GA12,CFC,GFC,GDS,CDT,GH",2025-07-28 20:13:06.0634895 -03:00,1756193,2025-07-28 19:11:56.6595977 -03:00,10,0
1756304,26,26-CAMBIO DE HERRAMIENTAS DEBIDO A DESGASTE,928.491,siderca\12822,"GFC,GDS",2025-07-28 21:39:36.3490773 -03:00,1756235,2025-07-28 20:22:28.8520055 -03:00,11,0
1756359,26,26-CAMBIO DE HERRAMIENTAS DEBIDO A DESGASTE,1091,siderca\12822,"CPT,GSR,GFC,GDS",2025-07-28 23:22:18.9763511 -03:00,1756304,2025-07-28 21:55:04.8404606 -03:00,10,0
1756396,26,26-CAMBIO DE HERRAMIENTAS DEBIDO A DESGASTE,381.597,siderca\12822,GFC,2025-07-29 00:32:04.4472455 -03:00,1756359,2025-07-28 23:40:29.9763511 -03:00,6,0
1756410,26,26-CAMBIO DE HERRAMIENTAS DEBIDO A DESGASTE,630.182,siderca\12822,GFC,2025-07-29 01:05:41.0716631 -03:00,1756396,2025-07-29 00:38:26.0444737 -03:00,5,0
1756469,26,26-CAMBIO DE HERRAMIENTAS DEBIDO A DESGASTE,1136.726,siderca\12822,"CPT,GSR,GA15,GFC,GDS",2025-07-29 02:35:18.2867584 -03:00,1756410,2025-07-29 01:16:11.2538033 -03:00,9,0
1756552,26,26-CAMBIO DE HERRAMIENTAS DEBIDO A DESGASTE,879,siderca\13020,"CPT,GSR,GA15,GFC,GDS",2025-07-29 05:00:00.0000000 -03:00,1756469,2025-07-29 02:54:15.0120942 -03:00,16,0
1756647,26,26-CAMBIO DE HERRAMIENTAS DEBIDO A DESGASTE,373.342,siderca\60062291,"GA15,GA12",2025-07-29 07:44:54.7397464 -03:00,1756552,2025-07-29 05:14:39.0000000 -03:00,19,6
1756697,26,26-CAMBIO DE HERRAMIENTAS DEBIDO A DESGASTE,1115.948,siderca\60062291,"CPT,CA12,GA12,GFC,GDS",2025-07-29 09:15:26.4753292 -03:00,1756647,2025-07-29 07:51:08.0811458 -03:00,12,0
1756747,26,26-CAMBIO DE HERRAMIENTAS DEBIDO A DESGASTE,192.537,siderca\60062291,"CA15,GA15",2025-07-29 10:59:11.1084621 -03:00,1756697,2025-07-29 09:34:02.4231499 -03:00,12,0
1756783,26,26-CAMBIO DE HERRAMIENTAS DEBIDO A DESGASTE,767.211,siderca\60062291,"CPT,GSR,GA15,GFC,GDS,CDT",2025-07-29 12:06:47.6561149 -03:00,1756747,2025-07-29 11:02:23.6458202 -03:00,9,0
1756843,26,26-CAMBIO DE HERRAMIENTAS DEBIDO A DESGASTE,241,siderca\60062567,"CA15,CDT",2025-07-29 13:29:33.6507674 -03:00,1756783,2025-07-29 12:19:34.8678607 -03:00,12,0
1756892,26,26-CAMBIO DE HERRAMIENTAS DEBIDO A DESGASTE,536.931,siderca\60062567,"CPT,GSR,CA15,GA12,CFC,GFC,GDS,CDT,GH",2025-07-29 15:06:59.5712253 -03:00,1756843,2025-07-29 13:33:34.6507674 -03:00,14,0
1756921,26,26-CAMBIO DE HERRAMIENTAS DEBIDO A DESGASTE,242.627,siderca\60062567,"CA15,CDT",2025-07-29 16:11:46.0442257 -03:00,1756892,2025-07-29 15:15:56.5020675 -03:00,10,0
1756955,26,26-CAMBIO DE HERRAMIENTAS DEBIDO A DESGASTE,660.236,siderca\60062567,"CPT,CA15,GA12,CFC,GFC,GDS,CDT,GH",2025-07-29 17:21:39.0458646 -03:00,1756921,2025-07-29 16:15:48.6711934 -03:00,11,0
1756982,26,26-CAMBIO DE HERRAMIENTAS DEBIDO A DESGASTE,346,siderca\60062567,"CA15,CA12,CDT",2025-07-29 18:33:46.4225960 -03:00,1756955,2025-07-29 17:32:39.2817513 -03:00,10,0
1757014,26,26-CAMBIO DE HERRAMIENTAS DEBIDO A DESGASTE,478.8,siderca\60062567,"CPT,CA15,GA12,CFC,GFC,GDS,CDT,GH",2025-07-29 19:38:18.3835409 -03:00,1756982,2025-07-29 18:39:32.4225960 -03:00,11,0
1757061,26,26-CAMBIO DE HERRAMIENTAS DEBIDO A DESGASTE,1104.6,siderca\12822,"GA15,GFC",2025-07-29 21:00:00.0000000 -03:00,1757014,2025-07-29 19:46:17.1832814 -03:00,12,0
1757106,26,26-CAMBIO DE HERRAMIENTAS DEBIDO A DESGASTE,1079.943,siderca\12822,"CPA,GSR,GA15,GFC,GDS",2025-07-29 22:14:13.6245258 -03:00,1757061,2025-07-29 21:18:24.6008009 -03:00,11,0
1757143,26,26-CAMBIO DE HERRAMIENTAS DEBIDO A DESGASTE,551.368,siderca\12822,GFC,2025-07-29 23:28:04.2518366 -03:00,1757106,2025-07-29 22:32:13.5676959 -03:00,9,0
1757172,26,26-CAMBIO DE HERRAMIENTAS DEBIDO A DESGASTE,985.589,siderca\12822,"CPT,GSR,GA15,GFC,GDS",2025-07-30 00:34:25.5033049 -03:00,1757143,2025-07-29 23:37:15.6197449 -03:00,11,0
1757197,26,26-CAMBIO DE HERRAMIENTAS DEBIDO A DESGASTE,548.465,siderca\12822,GFC,2025-07-30 01:46:43.3803815 -03:00,1757172,2025-07-30 00:50:51.0927654 -03:00,11,0
1757226,26,26-CAMBIO DE HERRAMIENTAS DEBIDO A DESGASTE,1067.421,siderca\12822,"CPT,GSR,GA15,GFC,GDS",2025-07-30 02:51:43.5372556 -03:00,1757197,2025-07-30 01:55:51.8456467 -03:00,11,0
1757260,26,26-CAMBIO DE HERRAMIENTAS DEBIDO A DESGASTE,497.318,siderca\12822,GFC,2025-07-30 04:11:05.6036425 -03:00,1757226,2025-07-30 03:09:30.9589345 -03:00,10,0
1757312,26,26-CAMBIO DE HERRAMIENTAS DEBIDO A DESGASTE,663.733,siderca\12985,"CPT,CA15,GA15,CDS,GDS,CDT",2025-07-30 05:29:30.2677030 -03:00,1757260,2025-07-30 04:19:22.9217228 -03:00,11,0
1757339,26,26-CAMBIO DE HERRAMIENTAS DEBIDO A DESGASTE,456.786,siderca\12985,"CSR,GSR,CA15,GA15,CDT",2025-07-30 06:36:26.1045833 -03:00,1757312,2025-07-30 05:40:34.0009698 -03:00,11,0
1757371,26,26-CAMBIO DE HERRAMIENTAS DEBIDO A DESGASTE,540.564,siderca\12985,"CPT,CA15,GA15,CFC,CDS,GDS,CDT",2025-07-30 07:42:51.2393187 -03:00,1757339,2025-07-30 06:44:02.8906190 -03:00,10,0
1757396,26,26-CAMBIO DE HERRAMIENTAS DEBIDO A DESGASTE,420.152,siderca\12985,"CA15,GA15,CDT",2025-07-30 08:49:46.2682033 -03:00,1757371,2025-07-30 07:51:51.8038621 -03:00,11,0
1757419,26,26-CAMBIO DE HERRAMIENTAS DEBIDO A DESGASTE,861,siderca\12985,"CPT,CSR,GSR,CA15,GA15,CFC,GFC,CDS,GDS,CDT",2025-07-30 09:52:38.0920729 -03:00,1757396,2025-07-30 08:56:46.4200437 -03:00,11,0
1757458,26,26-CAMBIO DE HERRAMIENTAS DEBIDO A DESGASTE,124.886,siderca\12985,"CA15,GA15",2025-07-30 11:07:56.9649494 -03:00,1757419,2025-07-30 10:06:59.0920729 -03:00,11,0
1757487,26,26-CAMBIO DE HERRAMIENTAS DEBIDO A DESGASTE,397.845,siderca\12985,"CPT,CA15,GA15,CDT",2025-07-30 12:06:34.4640438 -03:00,1757458,2025-07-30 11:10:01.8504332 -03:00,11,0
1757526,26,26-CAMBIO DE HERRAMIENTAS DEBIDO A DESGASTE,214.398,siderca\60062567,"CSR,CA15,CDT",2025-07-30 13:12:38.5717873 -03:00,1757487,2025-07-30 12:13:12.3091956 -03:00,10,0
1757545,26,26-CAMBIO DE HERRAMIENTAS DEBIDO A DESGASTE,118.7,siderca\60062567,CPT,2025-07-30 14:08:46.1544377 -03:00,1757526,2025-07-30 13:16:12.9695076 -03:00,9,0
1757555,26,26-CAMBIO DE HERRAMIENTAS DEBIDO A DESGASTE,292.725,siderca\60062567,"CPT,CA15,CFC,CDT",2025-07-30 14:26:41.3384267 -03:00,1757545,2025-07-30 14:10:44.8548152 -03:00,2,0
1757582,26,26-CAMBIO DE HERRAMIENTAS DEBIDO A DESGASTE,205.564,siderca\60062567,"CA15,CDT",2025-07-30 15:29:27.4837815 -03:00,1757555,2025-07-30 14:31:34.0637486 -03:00,10,0
1757615,26,26-CAMBIO DE HERRAMIENTAS DEBIDO A DESGASTE,1172.869,siderca\60062567,"CPT,CSR,GSR,CA15,GA15,CFC,GFC,CDS,GDS,CDT",2025-07-30 16:43:22.0977798 -03:00,1757582,2025-07-30 15:32:53.0474779 -03:00,11,0
1757688,26,26-CAMBIO DE HERRAMIENTAS DEBIDO A DESGASTE,329.893,siderca\60062567,"CPT,GSR,CA15,GA15,CFC,GDS,CDT",2025-07-30 19:30:14.4143487 -03:00,1757615,2025-07-30 17:02:54.9662526 -03:00,21,0
1757719,26,26-CAMBIO DE HERRAMIENTAS DEBIDO A DESGASTE,181.242,siderca\60062567,"CA15,CDT",2025-07-30 20:34:59.3515245 -03:00,1757688,2025-07-30 19:35:44.3071029 -03:00,11,0
1757766,26,26-CAMBIO DE HERRAMIENTAS DEBIDO A DESGASTE,1128.899,siderca\12822,"CPT,GSR,GA15,GFC,GDS",2025-07-30 21:59:31.4536276 -03:00,1757719,2025-07-30 20:38:00.5933747 -03:00,12,2
1757808,26,26-CAMBIO DE HERRAMIENTAS DEBIDO A DESGASTE,1132.399,siderca\12822,"CPA,GFC",2025-07-30 23:21:26.1329509 -03:00,1757766,2025-07-30 22:18:20.3528932 -03:00,10,0
1757847,26,26-CAMBIO DE HERRAMIENTAS DEBIDO A DESGASTE,840.1,siderca\12822,"GSR,GFC,GDS",2025-07-31 00:36:58.4529561 -03:00,1757808,2025-07-30 23:40:18.5310183 -03:00,9,0
1757890,26,26-CAMBIO DE HERRAMIENTAS DEBIDO A DESGASTE,592.778,siderca\12822,"CPT,GA15",2025-07-31 01:47:40.2910467 -03:00,1757847,2025-07-31 00:50:58.5524846 -03:00,11,0
1757937,26,26-CAMBIO DE HERRAMIENTAS DEBIDO A DESGASTE,815.829,siderca\12822,"GSR,GFC,GDS",2025-07-31 02:57:30.1806371 -03:00,1757890,2025-07-31 01:57:33.0692751 -03:00,10,0
1757987,26,26-CAMBIO DE HERRAMIENTAS DEBIDO A DESGASTE,802.647,siderca\12822,"CPT,GFC",2025-07-31 04:07:46.7018304 -03:00,1757937,2025-07-31 03:11:06.0099146 -03:00,11,0
1758051,26,26-CAMBIO DE HERRAMIENTAS DEBIDO A DESGASTE,579.951,siderca\12985,"CA15,GA15,CFC,GFC,CDS,GDS,CDT",2025-07-31 05:32:38.6550823 -03:00,1757987,2025-07-31 04:21:09.3489831 -03:00,11,0
1758091,26,26-CAMBIO DE HERRAMIENTAS DEBIDO A DESGASTE,686.936,siderca\12985,"CPT,CSR,GSR,CA15,GA15",2025-07-31 06:47:29.5560950 -03:00,1758051,2025-07-31 05:42:18.6063977 -03:00,11,0
1758121,26,26-CAMBIO DE HERRAMIENTAS DEBIDO A DESGASTE,507.694,siderca\12985,"CA15,GA15,CFC,CDS,GDS,CDT",2025-07-31 07:55:39.3533029 -03:00,1758091,2025-07-31 06:58:56.4925951 -03:00,11,0
1758146,26,26-CAMBIO DE HERRAMIENTAS DEBIDO A DESGASTE,610.767,siderca\12985,"CPT,CSR,GSR,CA15,GA15",2025-07-31 09:00:49.7800231 -03:00,1758121,2025-07-31 08:04:07.0471964 -03:00,10,0
1758178,26,26-CAMBIO DE HERRAMIENTAS DEBIDO A DESGASTE,360.292,siderca\12985,"CSR,GSR,CA15,GA15,CDS,GDS",2025-07-31 10:31:12.5435900 -03:00,1758146,2025-07-31 09:11:00.5471924 -03:00,11,0
1758195,26,26-CAMBIO DE HERRAMIENTAS DEBIDO A DESGASTE,691.639,siderca\12985,"CPT,CA15,GA15,CFC,GFC,CDS,GDS,CDT",2025-07-31 11:26:25.6417519 -03:00,1758178,2025-07-31 10:37:12.8351755 -03:00,8,0
1758241,26,26-CAMBIO DE HERRAMIENTAS DEBIDO A DESGASTE,547.37,siderca\12985,"CSR,GSR,CA15,GA15,CDS,GDS",2025-07-31 13:18:40.6994839 -03:00,1758195,2025-07-31 11:37:57.2809439 -03:00,12,0
1758270,26,26-CAMBIO DE HERRAMIENTAS DEBIDO A DESGASTE,416.114,siderca\60062567,"CSR,GSR,CA15,CDT",2025-07-31 14:40:32.3174701 -03:00,1758241,2025-07-31 13:27:48.0697207 -03:00,10,0
1758426,26,26-CAMBIO DE HERRAMIENTAS DEBIDO A DESGASTE,375.149,siderca\60062567,"CPT,CA15,CFC,CDT,GH",2025-07-31 20:15:40.5961987 -03:00,1758270,2025-07-31 14:47:28.4319821 -03:00,29,2
1758553,26,26-CAMBIO DE HERRAMIENTAS DEBIDO A DESGASTE,917.885,siderca\12822,"CPT,GA15,GFC,GDS",2025-08-01 00:06:00.5975083 -03:00,1758426,2025-07-31 20:21:55.7454429 -03:00,22,2
1758577,26,26-CAMBIO DE HERRAMIENTAS DEBIDO A DESGASTE,840.458,siderca\12822,"CPT,GA15",2025-08-01 01:20:21.5323005 -03:00,1758553,2025-08-01 00:21:18.4826962 -03:00,10,0
1758595,26,26-CAMBIO DE HERRAMIENTAS DEBIDO A DESGASTE,771.625,siderca\12822,"CPT,GFC,GDS",2025-08-01 02:16:39.4376658 -03:00,1758577,2025-08-01 01:34:21.9903320 -03:00,10,0
1758631,26,26-CAMBIO DE HERRAMIENTAS DEBIDO A DESGASTE,600,siderca\12822,"CPT,GFC",2025-08-01 04:15:31.1968255 -03:00,1758595,2025-08-01 02:29:31.0621330 -03:00,22,0
1758706,26,26-CAMBIO DE HERRAMIENTAS DEBIDO A DESGASTE,240.964,siderca\12985,"CPT,CA15,GA15",2025-08-01 05:59:35.2038922 -03:00,1758631,2025-08-01 04:25:31.1968255 -03:00,11,0
1758734,26,26-CAMBIO DE HERRAMIENTAS DEBIDO A DESGASTE,630.734,siderca\12985,"CPT,CSR,CA15,GA15,CFC,CDT",2025-08-01 07:27:14.3983920 -03:00,1758706,2025-08-01 06:03:36.1671436 -03:00,14,0
1758797,26,26-CAMBIO DE HERRAMIENTAS DEBIDO A DESGASTE,300.249,siderca\12985,"CPT,CA15",2025-08-01 08:28:00.1355698 -03:00,1758734,2025-08-01 07:37:45.1328181 -03:00,11,0
1758826,26,26-CAMBIO DE HERRAMIENTAS DEBIDO A DESGASTE,666.789,siderca\12985,"CPT,CA15,GA15,CFC,GFC,CDT",2025-08-01 10:18:23.0394486 -03:00,1758797,2025-08-01 08:33:00.3845038 -03:00,12,0
1758858,26,26-CAMBIO DE HERRAMIENTAS DEBIDO A DESGASTE,608.316,siderca\12985,"CPT,CSR,GSR,CA15,GA15,CFC,GFC",2025-08-01 11:16:56.2204381 -03:00,1758826,2025-08-01 10:29:29.8287791 -03:00,10,0
1758932,26,26-CAMBIO DE HERRAMIENTAS DEBIDO A DESGASTE,335.759,siderca\60062567,"CPT,CDT",2025-08-01 13:10:42.3879464 -03:00,1758858,2025-08-01 11:27:04.5365015 -03:00,21,0
1758958,26,26-CAMBIO DE HERRAMIENTAS DEBIDO A DESGASTE,539.803,siderca\60062567,"CPT,GSR,CA15,CFC,CDT,GH",2025-08-01 14:01:02.1638300 -03:00,1758932,2025-08-01 13:16:18.1469597 -03:00,11,0
1758996,26,26-CAMBIO DE HERRAMIENTAS DEBIDO A DESGASTE,129.106,siderca\60062567,"CPT,CDT",2025-08-01 15:10:07.4456323 -03:00,1758958,2025-08-01 14:10:01.9665835 -03:00,12,0
1759030,26,26-CAMBIO DE HERRAMIENTAS DEBIDO A DESGASTE,651.134,siderca\60062567,"CPT,GSR,CA15,CFC,CDT,GH",2025-08-01 16:06:07.4899905 -03:00,1758996,2025-08-01 15:12:16.5515041 -03:00,12,0
1759051,26,26-CAMBIO DE HERRAMIENTAS DEBIDO A DESGASTE,559.288,siderca\60062567,"CPT,CA15,CFC,CDT,GH",2025-08-01 16:56:44.3372031 -03:00,1759030,2025-08-01 16:16:58.6231350 -03:00,10,0
1759104,26,26-CAMBIO DE HERRAMIENTAS DEBIDO A DESGASTE,113.059,siderca\60062567,"CPT,CDT",2025-08-01 18:39:37.6267632 -03:00,1759051,2025-08-01 17:06:03.6251348 -03:00,23,0
1759133,26,26-CAMBIO DE HERRAMIENTAS DEBIDO A DESGASTE,247.56,siderca\60062567,"CPT,CA15,CDT,GH",2025-08-01 19:25:59.3507846 -03:00,1759104,2025-08-01 18:41:30.6852604 -03:00,10,0
1759154,26,26-CAMBIO DE HERRAMIENTAS DEBIDO A DESGASTE,132.528,siderca\60062567,"CPT,CDT",2025-08-01 20:13:39.5454243 -03:00,1759133,2025-08-01 19:30:06.9102308 -03:00,11,0
1759196,26,26-CAMBIO DE HERRAMIENTAS DEBIDO A DESGASTE,333.869,siderca\60062291,"GA15,GFC",2025-08-01 21:13:58.7790640 -03:00,1759154,2025-08-01 20:15:52.0737232 -03:00,12,0
1759218,26,26-CAMBIO DE HERRAMIENTAS DEBIDO A DESGASTE,296.778,siderca\60062291,"CPT,GSR",2025-08-01 21:54:04.0999686 -03:00,1759196,2025-08-01 21:19:32.6480630 -03:00,9,0
1759249,26,26-CAMBIO DE HERRAMIENTAS DEBIDO A DESGASTE,421.628,siderca\60062291,"GSR,GA15,CFC,GFC,CDT",2025-08-01 22:42:06.3536315 -03:00,1759218,2025-08-01 21:59:00.8777161 -03:00,11,0
1759278,26,26-CAMBIO DE HERRAMIENTAS DEBIDO A DESGASTE,186.58,siderca\60062291,"CPT,CDT",2025-08-01 23:30:38.0526219 -03:00,1759249,2025-08-01 22:49:07.9811587 -03:00,10,0
1759307,26,26-CAMBIO DE HERRAMIENTAS DEBIDO A DESGASTE,501.295,siderca\60062291,"GSR,GA15,GFC",2025-08-02 00:17:13.3576445 -03:00,1759278,2025-08-01 23:33:44.6320574 -03:00,10,0
1759334,26,26-CAMBIO DE HERRAMIENTAS DEBIDO A DESGASTE,70.822,siderca\60062291,CPT,2025-08-02 01:05:17.1529540 -03:00,1759307,2025-08-02 00:25:34.6522252 -03:00,9,0
1759358,26,26-CAMBIO DE HERRAMIENTAS DEBIDO A DESGASTE,232.708,siderca\60062291,"CA15,GA15,GFC,CDT",2025-08-02 01:47:57.9053667 -03:00,1759334,2025-08-02 01:06:27.9741948 -03:00,11,0
1759391,26,26-CAMBIO DE HERRAMIENTAS DEBIDO A DESGASTE,231.364,siderca\60062291,"CPT,GSR,CDT",2025-08-02 02:33:55.3405092 -03:00,1759358,2025-08-02 01:51:50.6134201 -03:00,11,0
1759423,26,26-CAMBIO DE HERRAMIENTAS DEBIDO A DESGASTE,369.944,siderca\60062291,"GA15,GFC",2025-08-02 03:19:17.8543834 -03:00,1759391,2025-08-02 02:37:46.7047059 -03:00,11,0
1759452,26,26-CAMBIO DE HERRAMIENTAS DEBIDO A DESGASTE,148.39,siderca\60062291,CPT,2025-08-02 04:05:07.5383582 -03:00,1759423,2025-08-02 03:25:27.7980679 -03:00,9,0
1759480,26,26-CAMBIO DE HERRAMIENTAS DEBIDO A DESGASTE,318.389,siderca\60062291,"CSR,GSR,GA15,GFC,CDT",2025-08-02 04:49:07.1786979 -03:00,1759452,2025-08-02 04:07:35.9284344 -03:00,11,0
1759883,26,26-CAMBIO DE HERRAMIENTAS DEBIDO A DESGASTE,682.696,siderca\12985,"CA15,CFC,CDT,CH",2025-08-02 16:17:48.5031487 -03:00,1759480,2025-08-02 04:54:25.5678362 -03:00,15,2
1759943,26,26-CAMBIO DE HERRAMIENTAS DEBIDO A DESGASTE,857.799,siderca\12985,"CPT,CPA,CA15,GA12,CFC,GDS,CDT,CH",2025-08-02 17:59:30.8195178 -03:00,1759883,2025-08-02 16:29:11.1999772 -03:00,10,0
1759994,26,26-CAMBIO DE HERRAMIENTAS DEBIDO A DESGASTE,372.101,siderca\12985,"GSR,CA15,CDT",2025-08-02 19:32:10.6069961 -03:00,1759943,2025-08-02 18:13:48.6182773 -03:00,10,0
1760042,26,26-CAMBIO DE HERRAMIENTAS DEBIDO A DESGASTE,815,siderca\60062291,"CPT,CA15,GA15,GFC,GDS",2025-08-02 21:15:32.5491808 -03:00,1759994,2025-08-02 19:38:22.7077363 -03:00,11,2
1760067,26,26-CAMBIO DE HERRAMIENTAS DEBIDO A DESGASTE,581.15,siderca\60062291,"GSR,CA15,GA15",2025-08-02 22:46:27.7008899 -03:00,1760042,2025-08-02 21:29:07.5491808 -03:00,11,0
1760107,26,26-CAMBIO DE HERRAMIENTAS DEBIDO A DESGASTE,824.705,siderca\60062291,"CPT,GA15,GFC,GDS",2025-08-03 00:33:51.2314311 -03:00,1760067,2025-08-02 22:56:08.8504856 -03:00,11,8
1760155,26,26-CAMBIO DE HERRAMIENTAS DEBIDO A DESGASTE,414.822,siderca\60062291,"GA15,CDT",2025-08-03 02:16:39.4009257 -03:00,1760107,2025-08-03 00:47:35.9365957 -03:00,11,0
1760203,26,26-CAMBIO DE HERRAMIENTAS DEBIDO A DESGASTE,920,siderca\60062291,"CPT,CSR,GSR,CA15,GA15,CFC,GFC,CDS,GDS",2025-08-03 03:35:44.5579032 -03:00,1760155,2025-08-03 02:23:34.2229421 -03:00,9,0
1760287,26,26-CAMBIO DE HERRAMIENTAS DEBIDO A DESGASTE,534.707,siderca\12985,"CA15,GA15,CDT",2025-08-03 05:27:47.3161575 -03:00,1760203,2025-08-03 03:51:04.5579032 -03:00,12,0
1760341,26,26-CAMBIO DE HERRAMIENTAS DEBIDO A DESGASTE,540.727,siderca\12985,"CPT,CA15,GA15,CFC,GFC,CDS,GDS,CDT",2025-08-03 07:01:37.8322489 -03:00,1760287,2025-08-03 05:36:42.0232958 -03:00,12,0
1760390,26,26-CAMBIO DE HERRAMIENTAS DEBIDO A DESGASTE,732.075,siderca\12985,"GSR,GFC,CDT",2025-08-03 09:00:34.9577569 -03:00,1760341,2025-08-03 07:10:38.5590871 -03:00,12,3
1760430,26,26-CAMBIO DE HERRAMIENTAS DEBIDO A DESGASTE,590,siderca\12985,"CPT,CA15,GA15,CFC,CDS,GDS,CDT",2025-08-03 10:32:34.7864119 -03:00,1760390,2025-08-03 09:12:47.0327195 -03:00,12,0
1760461,26,26-CAMBIO DE HERRAMIENTAS DEBIDO A DESGASTE,611,siderca\12985,"CPT,CA15,GA15,CDT",2025-08-03 12:04:09.0358487 -03:00,1760430,2025-08-03 10:42:24.7864119 -03:00,12,0
1760500,26,26-CAMBIO DE HERRAMIENTAS DEBIDO A DESGASTE,887.863,siderca\60062291,"CPT,GSR,GA15,GFC,GDS,CDT",2025-08-03 13:15:33.9091821 -03:00,1760461,2025-08-03 12:14:20.0358487 -03:00,7,0
1760535,26,26-CAMBIO DE HERRAMIENTAS DEBIDO A DESGASTE,319.49,siderca\60062291,"CA15,GA15,CDT",2025-08-03 14:39:55.2679485 -03:00,1760500,2025-08-03 13:30:21.7723818 -03:00,10,0
1760575,26,26-CAMBIO DE HERRAMIENTAS DEBIDO A DESGASTE,704.327,siderca\60062291,"CPT,GA15,GFC,CDS,GDS,CDT",2025-08-03 15:54:38.9417622 -03:00,1760535,2025-08-03 14:45:14.7573197 -03:00,10,0
1760599,26,26-CAMBIO DE HERRAMIENTAS DEBIDO A DESGASTE,242,siderca\60062291,"GSR,GA15,CDT",2025-08-03 16:50:32.5215683 -03:00,1760575,2025-08-03 16:06:23.2683354 -03:00,6,0
1760641,26,26-CAMBIO DE HERRAMIENTAS DEBIDO A DESGASTE,715.215,siderca\60062291,"GA15,GFC,CDS,GDS,CDT",2025-08-03 18:07:56.3322865 -03:00,1760599,2025-08-03 16:54:34.5215683 -03:00,11,0
1760693,26,26-CAMBIO DE HERRAMIENTAS DEBIDO A DESGASTE,844,siderca\60062291,"CPT,CSR,GSR,GA15,CDT",2025-08-03 19:35:34.7192532 -03:00,1760641,2025-08-03 18:19:51.5477824 -03:00,8,2
1760778,26,26-CAMBIO DE HERRAMIENTAS DEBIDO A DESGASTE,675,siderca\60062524,"CA15,GA12,GFC,CDS,GDS,CDT",2025-08-03 22:00:27.5322790 -03:00,1760693,2025-08-03 19:49:38.7192532 -03:00,13,0
1760855,26,26-CAMBIO DE HERRAMIENTAS DEBIDO A DESGASTE,646,siderca\60062524,"CSR,GSR,GA15,GA12,GFC,CDS,GDS,CDT",2025-08-04 00:20:33.1234994 -03:00,1760778,2025-08-03 22:11:42.5322790 -03:00,13,3
1760912,26,26-CAMBIO DE HERRAMIENTAS DEBIDO A DESGASTE,649,siderca\60062524,"GA15,GFC,CDS,GDS,CDT",2025-08-04 02:06:16.1117215 -03:00,1760855,2025-08-04 00:31:19.1234994 -03:00,12,0
1761031,26,26-CAMBIO DE HERRAMIENTAS DEBIDO A DESGASTE,604,siderca\12985,"CSR,GSR,CA15,GA15,CFC,GFC,CDS,GDS,CDT",2025-08-04 05:30:26.4614530 -03:00,1760912,2025-08-04 02:17:05.1117215 -03:00,19,1
1761078,26,26-CAMBIO DE HERRAMIENTAS DEBIDO A DESGASTE,647,siderca\12985,"CPT,CA15,GA15,CFC,GFC,CDS,GDS,CDT",2025-08-04 07:19:07.5423904 -03:00,1761031,2025-08-04 05:40:30.4614530 -03:00,12,1
1761126,26,26-CAMBIO DE HERRAMIENTAS DEBIDO A DESGASTE,455.402,siderca\12985,CDT,2025-08-04 09:03:15.4630844 -03:00,1761078,2025-08-04 07:29:54.5423904 -03:00,12,0
1761139,26,26-CAMBIO DE HERRAMIENTAS DEBIDO A DESGASTE,459,siderca\12985,"CA15,GA15,CFC,GFC,CDT",2025-08-04 09:24:07.7410034 -03:00,1761126,2025-08-04 09:10:50.8650941 -03:00,1,0
1761178,26,26-CAMBIO DE HERRAMIENTAS DEBIDO A DESGASTE,720,siderca\12985,"CPT,CSR,GSR,CA15,GA15,CFC,GFC,CDS,GDS,CDT",2025-08-04 10:42:16.2313590 -03:00,1761139,2025-08-04 09:31:46.7410034 -03:00,8,0
1761202,26,26-CAMBIO DE HERRAMIENTAS DEBIDO A DESGASTE,349,siderca\12985,"CA15,GA15,CDT",2025-08-04 12:11:41.0321531 -03:00,1761178,2025-08-04 10:54:16.2313590 -03:00,11,0
1761257,26,26-CAMBIO DE HERRAMIENTAS DEBIDO A DESGASTE,778.856,siderca\60062524,"CPT,GA15,CFC,GFC,CDS,GDS,CDT",2025-08-04 13:42:30.2633172 -03:00,1761202,2025-08-04 12:17:30.0321531 -03:00,11,0
1761290,26,26-CAMBIO DE HERRAMIENTAS DEBIDO A DESGASTE,485,siderca\60062524,"CSR,GSR,GA15,CDT",2025-08-04 15:11:36.5385405 -03:00,1761257,2025-08-04 13:55:29.1197096 -03:00,11,0
1761317,26,26-CAMBIO DE HERRAMIENTAS DEBIDO A DESGASTE,664.228,siderca\60062524,"CPT,CA15,GA15,GA12,CFC,GFC,CDT",2025-08-04 16:36:25.2845252 -03:00,1761290,2025-08-04 15:19:41.5385405 -03:00,11,0
1761354,26,26-CAMBIO DE HERRAMIENTAS DEBIDO A DESGASTE,311,siderca\60062524,"CA15,GA15,CDT",2025-08-04 18:05:00.4162669 -03:00,1761317,2025-08-04 16:47:29.5122383 -03:00,11,0
1761386,26,26-CAMBIO DE HERRAMIENTAS DEBIDO A DESGASTE,614.781,siderca\60062524,"CPT,CSR,GSR,CA15,GA15,GA12,CFC,GFC,CDT,CH",2025-08-04 19:25:11.7041714 -03:00,1761354,2025-08-04 18:10:11.4162669 -03:00,11,1
1761452,26,26-CAMBIO DE HERRAMIENTAS DEBIDO A DESGASTE,369.752,siderca\60062291,"GA15,CDT",2025-08-04 21:27:10.5584580 -03:00,1761386,2025-08-04 19:35:26.4855648 -03:00,13,0
1761476,26,26-CAMBIO DE HERRAMIENTAS DEBIDO A DESGASTE,836.14,siderca\60062291,"CPT,GSR,GA15,GFC,GDS,CDT",2025-08-04 22:29:34.3377894 -03:00,1761452,2025-08-04 21:33:20.3108862 -03:00,8,0
1761514,26,26-CAMBIO DE HERRAMIENTAS DEBIDO A DESGASTE,343.163,siderca\60062291,"CA15,CDT",2025-08-05 00:05:58.8324707 -03:00,1761476,2025-08-04 22:43:30.4778241 -03:00,10,0
1761549,26,26-CAMBIO DE HERRAMIENTAS DEBIDO A DESGASTE,720.388,siderca\60062291,"CPT,CSR,GSR,GA15,GFC,GDS,CDT",2025-08-05 01:21:12.9286191 -03:00,1761514,2025-08-05 00:11:41.9954380 -03:00,9,0
1761581,26,26-CAMBIO DE HERRAMIENTAS DEBIDO A DESGASTE,373.486,siderca\60062291,"GA15,CDT",2025-08-05 02:55:35.9164009 -03:00,1761549,2025-08-05 01:33:13.3169382 -03:00,12,0
1761607,26,26-CAMBIO DE HERRAMIENTAS DEBIDO A DESGASTE,823.505,siderca\60062291,"CPT,GA15,GFC,GDS,CDT",2025-08-05 03:53:10.8631820 -03:00,1761581,2025-08-05 03:01:49.4023869 -03:00,8,0
1761670,26,26-CAMBIO DE HERRAMIENTAS DEBIDO A DESGASTE,472.048,siderca\60062567,"CSR,GSR,CA15,GH",2025-08-05 05:58:53.8627553 -03:00,1761607,2025-08-05 04:06:54.3681240 -03:00,10,0
1761695,26,26-CAMBIO DE HERRAMIENTAS DEBIDO A DESGASTE,597.361,siderca\60062567,"CPT,CA15,GA12,CFC,GDS,CDT,GH",2025-08-05 07:26:48.7854137 -03:00,1761670,2025-08-05 06:06:45.9109539 -03:00,10,0
1761740,26,26-CAMBIO DE HERRAMIENTAS DEBIDO A DESGASTE,271.89,siderca\60062567,"CSR,GSR,CA15,GH",2025-08-05 09:05:34.5384708 -03:00,1761695,2025-08-05 07:36:46.1468878 -03:00,12,0
1761798,26,26-CAMBIO DE HERRAMIENTAS DEBIDO A DESGASTE,480.699,siderca\60062567,"CPT,CSR,GSR,CA15,GA12,CFC,GDS,CDT,GH",2025-08-05 11:27:17.9945035 -03:00,1761740,2025-08-05 09:10:06.4287908 -03:00,9,0
1761825,26,26-CAMBIO DE HERRAMIENTAS DEBIDO A DESGASTE,223.353,siderca\60062567,"CA15,GH",2025-08-05 12:37:47.0299465 -03:00,1761798,2025-08-05 11:35:18.6930182 -03:00,9,0
1761882,26,26-CAMBIO DE HERRAMIENTAS DEBIDO A DESGASTE,797,siderca\60062524,"CPT,GA15,GA12,CFC,GFC,CDS,GDS,CDT",2025-08-05 14:17:52.3171835 -03:00,1761825,2025-08-05 12:41:30.3826919 -03:00,10,3
1761920,26,26-CAMBIO DE HERRAMIENTAS DEBIDO A DESGASTE,532.292,siderca\60062524,"CSR,GSR,GA12,GFC,CDT",2025-08-05 15:55:20.5140754 -03:00,1761882,2025-08-05 14:31:09.3171835 -03:00,11,0
1761948,26,26-CAMBIO DE HERRAMIENTAS DEBIDO A DESGASTE,656.391,siderca\60062524,"CPT,GA15,GA12,GFC,CDS,GDS,CDT",2025-08-05 17:15:30.0638677 -03:00,1761920,2025-08-05 16:04:12.8068656 -03:00,11,1
1761991,26,26-CAMBIO DE HERRAMIENTAS DEBIDO A DESGASTE,272.769,siderca\60062524,"CA15,GFC,CDT",2025-08-05 18:54:04.7597702 -03:00,1761948,2025-08-05 17:26:26.4543906 -03:00,12,0
1762023,26,26-CAMBIO DE HERRAMIENTAS DEBIDO A DESGASTE,812.941,siderca\60062524,"CPT,CSR,GSR,CA15,CA12,CFC,GFC,CDS,GDS,CDT",2025-08-05 20:11:09.7180400 -03:00,1761991,2025-08-05 18:58:37.5282853 -03:00,10,0
1762077,26,26-CAMBIO DE HERRAMIENTAS DEBIDO A DESGASTE,419.553,siderca\60062291,"GA15,CDT",2025-08-05 21:59:53.4025607 -03:00,1762023,2025-08-05 20:24:42.6598356 -03:00,12,0
1762105,26,26-CAMBIO DE HERRAMIENTAS DEBIDO A DESGASTE,917.048,siderca\60062291,"CPT,CSR,GSR,GA15,CFC,GFC,GDS,CDT",2025-08-05 23:09:33.0678321 -03:00,1762077,2025-08-05 22:06:52.9553248 -03:00,9,0
1762141,26,26-CAMBIO DE HERRAMIENTAS DEBIDO A DESGASTE,282,siderca\60062291,"CA15,CDT",2025-08-06 00:42:13.1865330 -03:00,1762105,2025-08-05 23:24:50.1154648 -03:00,11,0
1762175,26,26-CAMBIO DE HERRAMIENTAS DEBIDO A DESGASTE,771,siderca\60062291,"CPT,GA15,CFC,GFC,GDS,CDT",2025-08-06 01:56:10.0773524 -03:00,1762141,2025-08-06 00:46:55.1865330 -03:00,11,0
1762221,26,26-CAMBIO DE HERRAMIENTAS DEBIDO A DESGASTE,420.584,siderca\60062291,"CSR,GSR,GA15,CDT",2025-08-06 03:32:32.2651557 -03:00,1762175,2025-08-06 02:09:01.0773524 -03:00,11,0
1762247,26,26-CAMBIO DE HERRAMIENTAS DEBIDO A DESGASTE,560.197,siderca\60062291,"CPT,GA15,GFC,GDS,CDT",2025-08-06 04:33:50.3102589 -03:00,1762221,2025-08-06 03:39:32.8490171 -03:00,6,0
1762315,26,26-CAMBIO DE HERRAMIENTAS DEBIDO A DESGASTE,379.315,siderca\60062567,"CA15,GA12,CFC,CDT,GH",2025-08-06 06:14:16.1008641 -03:00,1762247,2025-08-06 04:43:10.5075539 -03:00,11,1
1762342,26,26-CAMBIO DE HERRAMIENTAS DEBIDO A DESGASTE,498.573,siderca\60062567,"CPT,GSR,CA15,GA12,CFC,CDT,GH",2025-08-06 07:26:20.7972311 -03:00,1762315,2025-08-06 06:20:35.4150973 -03:00,10,0
1762378,26,26-CAMBIO DE HERRAMIENTAS DEBIDO A DESGASTE,475.784,siderca\60062567,"CA15,CDT,GH",2025-08-06 08:56:47.2950458 -03:00,1762342,2025-08-06 07:34:39.3703659 -03:00,11,0
1762416,26,26-CAMBIO DE HERRAMIENTAS DEBIDO A DESGASTE,672.672,siderca\60062567,"CPT,CA15,GA12,CFC,CDT,GH",2025-08-06 10:14:05.1554588 -03:00,1762378,2025-08-06 09:04:43.0792263 -03:00,10,0
1762463,26,26-CAMBIO DE HERRAMIENTAS DEBIDO A DESGASTE,300.302,siderca\60062567,"GSR,CA15,GA12,CFC,CDT,GH",2025-08-06 11:49:58.3592653 -03:00,1762416,2025-08-06 10:25:17.8274783 -03:00,11,0
1762510,26,26-CAMBIO DE HERRAMIENTAS DEBIDO A DESGASTE,596,siderca\60062524,"CPT,GA15,GFC,CDS,GDS,CDT",2025-08-06 13:13:50.8110570 -03:00,1762463,2025-08-06 11:54:58.6618210 -03:00,11,0
1762550,26,26-CAMBIO DE HERRAMIENTAS DEBIDO A DESGASTE,390.312,siderca\60062524,"CA12,GA12,CDT",2025-08-06 14:59:35.9961067 -03:00,1762510,2025-08-06 13:23:46.8110570 -03:00,12,0
1762572,26,26-CAMBIO DE HERRAMIENTAS DEBIDO A DESGASTE,702,siderca\60062524,"CPT,GSR,GA15,GA12,GFC,GDS,CDT",2025-08-06 16:14:45.6672357 -03:00,1762550,2025-08-06 15:06:06.3087895 -03:00,11,0
1762606,26,26-CAMBIO DE HERRAMIENTAS DEBIDO A DESGASTE,365.635,siderca\60062524,"CA12,GA12,CDT",2025-08-06 17:55:29.9753337 -03:00,1762572,2025-08-06 16:26:27.6672357 -03:00,12,0
1762632,26,26-CAMBIO DE HERRAMIENTAS DEBIDO A DESGASTE,673.909,siderca\60062524,"CPT,GA15,GA12,CFC,GFC,CDT",2025-08-06 19:10:02.4544730 -03:00,1762606,2025-08-06 18:01:35.6105330 -03:00,10,0
1762661,26,26-CAMBIO DE HERRAMIENTAS DEBIDO A DESGASTE,361.366,siderca\60062524,"CSR,GSR,GA15",2025-08-06 20:38:54.0884585 -03:00,1762632,2025-08-06 19:21:16.3632866 -03:00,12,0
1762684,26,26-CAMBIO DE HERRAMIENTAS DEBIDO A DESGASTE,437.413,siderca\60062291,"CPT,CSR,GSR",2025-08-06 21:08:19.3731898 -03:00,1762661,2025-08-06 20:44:55.4541834 -03:00,2,0
1762714,26,26-CAMBIO DE HERRAMIENTAS DEBIDO A DESGASTE,758.406,siderca\60062291,"CPT,GA15,GFC,GDS,CDT",2025-08-06 22:12:22.5999910 -03:00,1762684,2025-08-06 21:15:36.7867374 -03:00,8,0
1762748,26,26-CAMBIO DE HERRAMIENTAS DEBIDO A DESGASTE,348.35,siderca\60062291,"CA15,CDT",2025-08-06 23:38:48.9716305 -03:00,1762714,2025-08-06 22:25:01.0059538 -03:00,11,0
1762783,26,26-CAMBIO DE HERRAMIENTAS DEBIDO A DESGASTE,876.939,siderca\60062291,"CPT,GSR,GA15,CFC,GFC,CDS,GDS,CDT",2025-08-07 01:03:26.6585443 -03:00,1762748,2025-08-06 23:44:37.3213818 -03:00,10,0
1762815,26,26-CAMBIO DE HERRAMIENTAS DEBIDO A DESGASTE,420.271,siderca\60062291,"GA15,CDT",2025-08-07 02:35:46.3668983 -03:00,1762783,2025-08-07 01:18:03.5978422 -03:00,12,0
1762838,26,26-CAMBIO DE HERRAMIENTAS DEBIDO A DESGASTE,929.124,siderca\60062291,"CPT,GSR,GA15,GFC,CDS,GDS,CDT",2025-08-07 03:35:14.1967231 -03:00,1762815,2025-08-07 02:42:46.6371561 -03:00,8,0
1762903,26,26-CAMBIO DE HERRAMIENTAS DEBIDO A DESGASTE,452.339,siderca\60062567,"CPT,CA15,GA15,CDT",2025-08-07 05:26:50.8295885 -03:00,1762838,2025-08-07 03:50:43.3204405 -03:00,13,0
1762925,26,26-CAMBIO DE HERRAMIENTAS DEBIDO A DESGASTE,363.646,siderca\60062567,"CPT,CA15,GA15,CDT",2025-08-07 06:42:55.8070717 -03:00,1762903,2025-08-07 05:34:23.1682696 -03:00,11,0
1762949,26,26-CAMBIO DE HERRAMIENTAS DEBIDO A DESGASTE,439.125,siderca\60062567,"CPT,GSR,CA15,GA15,CDT",2025-08-07 07:57:54.3335702 -03:00,1762925,2025-08-07 06:48:59.4531560 -03:00,11,0
1762977,26,26-CAMBIO DE HERRAMIENTAS DEBIDO A DESGASTE,673.379,siderca\60062567,"CA15,GA15,CFC,GDS,CDT,GH",2025-08-07 09:22:06.2803267 -03:00,1762949,2025-08-07 08:05:13.4584955 -03:00,10,0
1763004,26,26-CAMBIO DE HERRAMIENTAS DEBIDO A DESGASTE,439.7,siderca\60062567,"CPT,CA15,GA15,CDT,GH",2025-08-07 10:59:30.2661333 -03:00,1762977,2025-08-07 09:33:19.6591117 -03:00,11,0
1763104,26,26-CAMBIO DE HERRAMIENTAS DEBIDO A DESGASTE,678.811,siderca\60062524,"CPT,GA15,GA12,GFC,GDS,CDT",2025-08-07 14:30:19.5556210 -03:00,1763004,2025-08-07 11:06:49.9660684 -03:00,23,6
1763148,26,26-CAMBIO DE HERRAMIENTAS DEBIDO A DESGASTE,449.902,siderca\60062524,"CPT,GA15,GA12,CFC,CDT",2025-08-07 16:47:23.6732306 -03:00,1763104,2025-08-07 14:41:38.3669229 -03:00,12,2
1763171,26,26-CAMBIO DE HERRAMIENTAS DEBIDO A DESGASTE,522.07,siderca\60062524,"CSR,GSR,GA15,GFC,CDT",2025-08-07 18:03:36.9759832 -03:00,1763148,2025-08-07 16:54:53.5753931 -03:00,10,0
1763206,26,26-CAMBIO DE HERRAMIENTAS DEBIDO A DESGASTE,658,siderca\60062524,"CA15,GA15,GA12,CFC,GFC,GDS",2025-08-07 19:22:34.6007519 -03:00,1763171,2025-08-07 18:12:19.0455197 -03:00,10,0
1763317,26,26-CAMBIO DE HERRAMIENTAS DEBIDO A DESGASTE,636,siderca\12985,"CPT,CA15,GA15,CDS,GDS,CDT",2025-08-08 00:12:20.2600903 -03:00,1763206,2025-08-07 19:33:32.6007519 -03:00,25,0
1763326,26,26-CAMBIO DE HERRAMIENTAS DEBIDO A DESGASTE,183.662,siderca\12985,CSR,2025-08-08 00:52:34.7147899 -03:00,1763317,2025-08-08 00:22:56.2600903 -03:00,4,0
1763344,26,26-CAMBIO DE HERRAMIENTAS DEBIDO A DESGASTE,800,siderca\12985,"CPT,CSR,GSR,CA15,GA15,CFC,GFC,CDS,GDS,CDT",2025-08-08 01:46:31.4710399 -03:00,1763326,2025-08-08 00:55:38.3768089 -03:00,8,0
1763377,26,26-CAMBIO DE HERRAMIENTAS DEBIDO A DESGASTE,860,siderca\12985,"CPT,CSR,GSR,CA15,GA15,CFC,GFC,CDS,GDS,CDT",2025-08-08 03:27:01.6999102 -03:00,1763344,2025-08-08 01:59:51.4710399 -03:00,11,0
1763436,26,26-CAMBIO DE HERRAMIENTAS DEBIDO A DESGASTE,245.375,siderca\60062567,"CA15,GA15,CDT",2025-08-08 05:33:30.9713056 -03:00,1763377,2025-08-08 03:41:21.6999102 -03:00,11,0
1763468,26,26-CAMBIO DE HERRAMIENTAS DEBIDO A DESGASTE,519.696,siderca\60062567,"CPT,GSR,CA15,GA15,GA12,CFC,GDS,CDT,GH",2025-08-08 07:03:43.6674912 -03:00,1763436,2025-08-08 05:37:36.3467704 -03:00,12,0
1763540,26,26-CAMBIO DE HERRAMIENTAS DEBIDO A DESGASTE,220.953,siderca\60062567,"CA15,GA15,CDT",2025-08-08 10:55:29.2673806 -03:00,1763468,2025-08-08 07:12:23.3631543 -03:00,18,0
1763642,26,26-CAMBIO DE HERRAMIENTAS DEBIDO A DESGASTE,391.702,siderca\60062524,"GA15,GFC,CDT",2025-08-08 15:03:32.4900890 -03:00,1763540,2025-08-08 10:59:10.2208028 -03:00,21,1
1763668,26,26-CAMBIO DE HERRAMIENTAS DEBIDO A DESGASTE,813.229,siderca\60062524,"CPT,CPA,GA15,CFC,GFC,CDS,GDS,CDT",2025-08-08 16:31:00.8154052 -03:00,1763642,2025-08-08 15:10:04.1921527 -03:00,10,1
1763703,26,26-CAMBIO DE HERRAMIENTAS DEBIDO A DESGASTE,522.225,siderca\60062524,"CSR,GSR,GA15,GA12,GFC,CDT",2025-08-08 18:10:00.4656195 -03:00,1763668,2025-08-08 16:44:34.0443369 -03:00,11,0
1763731,26,26-CAMBIO DE HERRAMIENTAS DEBIDO A DESGASTE,797.373,siderca\60062524,"CPT,GA15,GA12,GFC,GDS,CDT",2025-08-08 19:27:59.8876999 -03:00,1763703,2025-08-08 18:18:42.6901836 -03:00,9,0
1763783,26,26-CAMBIO DE HERRAMIENTAS DEBIDO A DESGASTE,522.606,siderca\12985,"CA15,GA15,CDT",2025-08-08 21:00:53.6127669 -03:00,1763731,2025-08-08 19:41:17.2603023 -03:00,12,0
1763824,26,26-CAMBIO DE HERRAMIENTAS DEBIDO A DESGASTE,858,siderca\12985,"CPT,CSR,GSR,CA15,GA15,CFC,GFC,CDS,GDS,CDT",2025-08-08 22:23:30.5836010 -03:00,1763783,2025-08-08 21:09:36.2186643 -03:00,11,0
1763855,26,26-CAMBIO DE HERRAMIENTAS DEBIDO A DESGASTE,345.247,siderca\12985,"CA15,GA15,CDT",2025-08-08 23:49:32.0745901 -03:00,1763824,2025-08-08 22:37:48.5836010 -03:00,11,0
1763887,26,26-CAMBIO DE HERRAMIENTAS DEBIDO A DESGASTE,760.933,siderca\12985,"CPT,CA15,GA15,CFC,GFC,CDS,GDS,CDT",2025-08-09 01:05:19.8409132 -03:00,1763855,2025-08-08 23:55:17.3219070 -03:00,10,0
1763920,26,26-CAMBIO DE HERRAMIENTAS DEBIDO A DESGASTE,539.364,siderca\12985,"CSR,GSR,CA15,GA15,CDT",2025-08-09 02:31:08.2547483 -03:00,1763887,2025-08-09 01:18:00.7734488 -03:00,10,0
1763950,26,26-CAMBIO DE HERRAMIENTAS DEBIDO A DESGASTE,780,siderca\12985,"CPT,CA15,GA15,CFC,GFC,CDS,GDS,CDT",2025-08-09 03:55:08.7741361 -03:00,1763920,2025-08-09 02:40:07.6185272 -03:00,11,0
1764008,26,26-CAMBIO DE HERRAMIENTAS DEBIDO A DESGASTE,734.821,siderca\60062567,"CPT,CA15,CFC,GDS,GH",2025-08-09 05:22:22.6899930 -03:00,1763950,2025-08-09 04:08:08.7741361 -03:00,11,0
1764045,26,26-CAMBIO DE HERRAMIENTAS DEBIDO A DESGASTE,538.416,siderca\60062567,"CPT,GSR,CA15,GA12,CFC,GDS,CDT,GH",2025-08-09 06:52:10.0686177 -03:00,1764008,2025-08-09 05:34:37.5100935 -03:00,10,0
1764086,26,26-CAMBIO DE HERRAMIENTAS DEBIDO A DESGASTE,235.85,siderca\60062567,"CA15,GH",2025-08-09 08:16:57.5236728 -03:00,1764045,2025-08-09 07:01:08.4846569 -03:00,10,0
1764125,26,26-CAMBIO DE HERRAMIENTAS DEBIDO A DESGASTE,442.998,siderca\60062567,"CPT,CA15,CFC,GDS,GH",2025-08-09 09:44:24.7955769 -03:00,1764086,2025-08-09 08:20:53.3730239 -03:00,10,0
1764160,26,26-CAMBIO DE HERRAMIENTAS DEBIDO A DESGASTE,351.168,siderca\60062567,"GSR,CA15,GH",2025-08-09 11:03:04.6655548 -03:00,1764125,2025-08-09 09:51:47.7931032 -03:00,10,0
1764226,26,26-CAMBIO DE HERRAMIENTAS DEBIDO A DESGASTE,945.051,siderca\60062291,"CPT,GSR,GA15,GFC,GDS,CDT",2025-08-09 13:00:24.9855959 -03:00,1764160,2025-08-09 11:08:55.8331455 -03:00,14,1
1764269,26,26-CAMBIO DE HERRAMIENTAS DEBIDO A DESGASTE,423.118,siderca\60062291,"GA15,CDT",2025-08-09 14:26:55.5111109 -03:00,1764226,2025-08-09 13:16:10.0367466 -03:00,11,0
1764311,26,26-CAMBIO DE HERRAMIENTAS DEBIDO A DESGASTE,1030.117,siderca\60062291,"CPT,CSR,GSR,GA15,GFC,GDS,CDT",2025-08-09 15:56:30.5342363 -03:00,1764269,2025-08-09 14:33:58.6295067 -03:00,10,0
1764369,26,26-CAMBIO DE HERRAMIENTAS DEBIDO A DESGASTE,300.761,siderca\60062291,"CA15,CDT",2025-08-09 17:36:54.7772864 -03:00,1764311,2025-08-09 16:13:40.6510021 -03:00,12,0
1764411,26,26-CAMBIO DE HERRAMIENTAS DEBIDO A DESGASTE,720.764,siderca\60062291,"CPT,GA15,GFC,GDS,CDT",2025-08-09 18:24:18.2272709 -03:00,1764410,2025-08-09 19:07:17.0747287 -03:00,0,0
1764410,26,26-CAMBIO DE HERRAMIENTAS DEBIDO A DESGASTE,162.226,siderca\60062291,GA15,2025-08-09 19:04:34.8482199 -03:00,1764369,2025-08-09 17:41:55.5381678 -03:00,10,0
1764439,26,26-CAMBIO DE HERRAMIENTAS DEBIDO A DESGASTE,443.766,siderca\60062291,"CA15,CDT",2025-08-09 19:58:01.1241541 -03:00,1764411,2025-08-09 18:36:18.9914608 -03:00,11,0
1764463,26,26-CAMBIO DE HERRAMIENTAS DEBIDO A DESGASTE,901.873,siderca\60062291,"CPT,CSR,GSR,GA15,GFC,GDS,CDT",2025-08-09 20:41:31.4156254 -03:00,1764439,2025-08-09 20:05:24.8904812 -03:00,4,1
1764516,26,26-CAMBIO DE HERRAMIENTAS DEBIDO A DESGASTE,613,siderca\12985,"CSR,GSR,CA15,GA15,CDT",2025-08-09 22:07:17.0605367 -03:00,1764463,2025-08-09 20:56:33.2889673 -03:00,10,0
1764551,26,26-CAMBIO DE HERRAMIENTAS DEBIDO A DESGASTE,698.322,siderca\12985,"CPT,CA15,GA15,CDS,GDS,CDT",2025-08-09 23:28:59.2259872 -03:00,1764516,2025-08-09 22:17:30.0605367 -03:00,11,0
1764602,26,26-CAMBIO DE HERRAMIENTAS DEBIDO A DESGASTE,389.056,siderca\12985,"CA15,GA15,CDT",2025-08-10 01:26:38.1981665 -03:00,1764551,2025-08-09 23:40:37.5470363 -03:00,12,0
1764639,26,26-CAMBIO DE HERRAMIENTAS DEBIDO A DESGASTE,729,siderca\12985,"CPT,CSR,GSR,CA15,GA15,CFC,GFC,CDS,GDS,CDT",2025-08-10 02:54:52.1241900 -03:00,1764602,2025-08-10 01:33:07.2544501 -03:00,11,0
1764679,26,26-CAMBIO DE HERRAMIENTAS DEBIDO A DESGASTE,429,siderca\12985,"CA15,GA15,CDT",2025-08-10 04:33:20.3303104 -03:00,1764639,2025-08-10 03:07:01.1241900 -03:00,11,0
1764815,26,26-CAMBIO DE HERRAMIENTAS DEBIDO A DESGASTE,944,siderca\60062524,"CPT,CPA,GSR,CA15,GA15,GA12,CFC,GFC,GDS,CDT",2025-08-11 07:21:35.7216300 -03:00,1764679,2025-08-10 04:40:29.3303104 -03:00,13,2
1764885,26,26-CAMBIO DE HERRAMIENTAS DEBIDO A DESGASTE,776.781,siderca\60062524,"GA15,GFC",2025-08-11 09:44:57.7184609 -03:00,1764815,2025-08-11 07:37:19.7216300 -03:00,14,2
1765007,26,26-CAMBIO DE HERRAMIENTAS DEBIDO A DESGASTE,900.3,siderca\60062291,"CPT,CSR,GSR,CA15,GA15,GFC,CDS,GDS,CDT",2025-08-11 13:25:17.9866058 -03:00,1764885,2025-08-11 09:57:54.4997074 -03:00,10,0
1765099,26,26-CAMBIO DE HERRAMIENTAS DEBIDO A DESGASTE,362,siderca\60062291,"CA15,GA15,CDT",2025-08-11 17:13:35.4471721 -03:00,1765007,2025-08-11 13:40:18.2868479 -03:00,12,0
1765135,26,26-CAMBIO DE HERRAMIENTAS DEBIDO A DESGASTE,890.685,siderca\60062291,"CPT,GSR,GA15,GFC,CDS,GDS,CDT",2025-08-11 19:04:44.1746124 -03:00,1765099,2025-08-11 17:19:37.4471721 -03:00,9,0
1765244,26,26-CAMBIO DE HERRAMIENTAS DEBIDO A DESGASTE,480.268,siderca\12985,"CA15,GA15,CDT",2025-08-11 22:02:55.0872259 -03:00,1765135,2025-08-11 19:19:34.8593867 -03:00,12,0
1765285,26,26-CAMBIO DE HERRAMIENTAS DEBIDO A DESGASTE,651.132,siderca\12985,"CSR,GSR,CA15,GA15,CDS,GDS,CDT",2025-08-12 00:25:49.6255232 -03:00,1765244,2025-08-11 22:10:55.3552149 -03:00,13,0
1765314,26,26-CAMBIO DE HERRAMIENTAS DEBIDO A DESGASTE,901.518,siderca\12985,"CPT,CSR,GSR,CA15,GA15,CFC,GFC,CDS,GDS,CDT",2025-08-12 01:38:04.6674566 -03:00,1765285,2025-08-12 00:36:40.7573403 -03:00,9,0
1765363,26,26-CAMBIO DE HERRAMIENTAS DEBIDO A DESGASTE,634,siderca\12985,"CA15,GA15,CFC,GFC,CDS,GDS,CDT",2025-08-12 03:35:48.5384205 -03:00,1765314,2025-08-12 01:53:06.1850140 -03:00,14,0
1765447,26,26-CAMBIO DE HERRAMIENTAS DEBIDO A DESGASTE,517,siderca\60062524,"CPT,CA15,CA12,CDT",2025-08-12 05:34:27.5633210 -03:00,1765363,2025-08-12 03:46:22.5384205 -03:00,8,0
1765608,26,26-CAMBIO DE HERRAMIENTAS DEBIDO A DESGASTE,899,siderca\60062524,"CSR,GSR,CA15,GA15,GA12,CFC,GFC,GDS,CDT",2025-08-12 10:14:55.0711848 -03:00,1765447,2025-08-12 05:43:04.5633210 -03:00,14,3
1765664,26,26-CAMBIO DE HERRAMIENTAS DEBIDO A DESGASTE,288.099,siderca\60062524,"CA15,GA15,GFC,CDT",2025-08-12 12:03:42.4862709 -03:00,1765608,2025-08-12 10:29:54.0711848 -03:00,12,0
1765721,26,26-CAMBIO DE HERRAMIENTAS DEBIDO A DESGASTE,860,siderca\60062524,"CPT,GSR,CA15,GA15,GFC,CDS,GDS,CDT",2025-08-12 13:23:25.7364918 -03:00,1765664,2025-08-12 12:08:30.5858541 -03:00,9,0
1765786,26,26-CAMBIO DE HERRAMIENTAS DEBIDO A DESGASTE,180,siderca\60062524,"CA15,GA15,CDT",2025-08-12 15:18:09.4124417 -03:00,1765721,2025-08-12 13:37:45.7364918 -03:00,11,0
1765833,26,26-CAMBIO DE HERRAMIENTAS DEBIDO A DESGASTE,876,siderca\60062291,"CPT,GA15,GFC,GDS,CDT",2025-08-12 17:05:45.8136673 -03:00,1765786,2025-08-12 15:21:09.4124417 -03:00,13,0
1765876,26,26-CAMBIO DE HERRAMIENTAS DEBIDO A DESGASTE,351,siderca\60062291,"CSR,GSR,GA15,CDT",2025-08-12 18:32:16.5628169 -03:00,1765833,2025-08-12 17:20:21.8136673 -03:00,9,0
1765925,26,26-CAMBIO DE HERRAMIENTAS DEBIDO A DESGASTE,724.138,siderca\60062291,"CPT,CA15,GA15,GFC,GDS,CDT",2025-08-12 20:04:51.6084344 -03:00,1765876,2025-08-12 18:38:07.5628169 -03:00,11,0
1766025,26,26-CAMBIO DE HERRAMIENTAS DEBIDO A DESGASTE,480.678,siderca\12985,"CPT,CA15,GA15,CDS,GDS,CDT",2025-08-12 22:36:42.3872435 -03:00,1765925,2025-08-12 20:16:55.7465313 -03:00,12,2
1766059,26,26-CAMBIO DE HERRAMIENTAS DEBIDO A DESGASTE,758.711,siderca\12985,"CPT,CSR,GSR,CA15,GA15,CFC,GFC,CDS,GDS,CDT",2025-08-13 00:11:33.6299351 -03:00,1766025,2025-08-12 22:44:43.0657654 -03:00,10,0
1766092,26,26-CAMBIO DE HERRAMIENTAS DEBIDO A DESGASTE,578.464,siderca\12985,"CPT,CA15,GA15,CDT",2025-08-13 01:32:31.1194761 -03:00,1766059,2025-08-13 00:24:12.3401081 -03:00,11,0
1766117,26,26-CAMBIO DE HERRAMIENTAS DEBIDO A DESGASTE,614.531,siderca\12985,"CA15,GA15,CFC,GFC,CDS,GDS,CDT",2025-08-13 02:50:42.1580208 -03:00,1766092,2025-08-13 01:42:09.5837613 -03:00,10,0
1766144,26,26-CAMBIO DE HERRAMIENTAS DEBIDO A DESGASTE,737.43,siderca\12985,"CPT,CSR,GSR,CA15,GA15,CDS,GDS,CDT",2025-08-13 04:09:04.4351457 -03:00,1766117,2025-08-13 03:00:56.6893810 -03:00,11,0
1766220,26,26-CAMBIO DE HERRAMIENTAS DEBIDO A DESGASTE,468.554,siderca\60062524,"CA15,CA12,CFC,GFC,GDS,CDT",2025-08-13 05:55:23.3679947 -03:00,1766144,2025-08-13 04:21:21.8655612 -03:00,11,0
1766242,26,26-CAMBIO DE HERRAMIENTAS DEBIDO A DESGASTE,582.144,siderca\60062524,"CPT,GA15,GA12,GFC,CDT",2025-08-13 07:05:10.9806728 -03:00,1766220,2025-08-13 06:03:11.9217532 -03:00,9,0
1766281,26,26-CAMBIO DE HERRAMIENTAS DEBIDO A DESGASTE,754,siderca\60062524,"CPT,GSR,GA15,GFC",2025-08-13 08:35:28.3819468 -03:00,1766242,2025-08-13 07:14:53.1244641 -03:00,11,0
1766326,26,26-CAMBIO DE HERRAMIENTAS DEBIDO A DESGASTE,598.586,siderca\60062524,"CPT,GA15,GA12,GFC,GDS,CDT",2025-08-13 10:08:40.1940421 -03:00,1766281,2025-08-13 08:48:02.3819468 -03:00,10,0
1766362,26,26-CAMBIO DE HERRAMIENTAS DEBIDO A DESGASTE,622,siderca\60062524,"CPT,CA15,GA12,CDS,GDS,CDT",2025-08-13 11:37:23.7465696 -03:00,1766326,2025-08-13 10:18:38.7809966 -03:00,12,4
1766435,26,26-CAMBIO DE HERRAMIENTAS DEBIDO A DESGASTE,815,siderca\60062291,"CPT,CSR,GSR,GA15,CFC,GFC,GDS,CDT",2025-08-13 13:30:56.5047669 -03:00,1766362,2025-08-13 11:47:45.7465696 -03:00,10,0
1766500,26,26-CAMBIO DE HERRAMIENTAS DEBIDO A DESGASTE,328.525,siderca\60062291,"GA15,CDT",2025-08-13 15:40:08.1554805 -03:00,1766435,2025-08-13 13:44:31.5047669 -03:00,11,0
1766533,26,26-CAMBIO DE HERRAMIENTAS DEBIDO A DESGASTE,731.113,siderca\60062291,"CPT,GA15,GFC,GDS,CDT",2025-08-13 16:53:29.1411427 -03:00,1766500,2025-08-13 15:45:36.6804173 -03:00,9,0
1766565,26,26-CAMBIO DE HERRAMIENTAS DEBIDO A DESGASTE,543.512,siderca\60062291,"CSR,GSR,CA15,GA15,CDT",2025-08-13 18:20:51.1568020 -03:00,1766533,2025-08-13 17:05:40.2541898 -03:00,10,0
1766610,26,26-CAMBIO DE HERRAMIENTAS DEBIDO A DESGASTE,785.715,siderca\60062291,"CPT,GA15,GFC,CDS,GDS,CDT",2025-08-13 19:49:31.0582746 -03:00,1766565,2025-08-13 18:29:54.6681844 -03:00,10,0
1766675,26,26-CAMBIO DE HERRAMIENTAS DEBIDO A DESGASTE,303.262,siderca\60062567,"CA15,GA15,CH",2025-08-13 21:52:29.4006343 -03:00,1766610,2025-08-13 20:02:36.7733602 -03:00,12,0
1766705,26,26-CAMBIO DE HERRAMIENTAS DEBIDO A DESGASTE,656.406,siderca\60062567,"CPT,CA15,GA15,GA12,CFC,GDS,CDT,CH",2025-08-13 23:05:46.9998555 -03:00,1766675,2025-08-13 21:57:32.6621345 -03:00,10,0
1766744,26,26-CAMBIO DE HERRAMIENTAS DEBIDO A DESGASTE,665.214,siderca\60062567,"GSR,CA15,GA15,GA12,CFC,GDS,CDT,CH",2025-08-14 00:36:36.9099680 -03:00,1766705,2025-08-13 23:16:43.4050897 -03:00,12,0
1766833,26,26-CAMBIO DE HERRAMIENTAS DEBIDO A DESGASTE,380.218,siderca\60062567,"CA15,GA15,CH",2025-08-14 04:36:13.0771013 -03:00,1766744,2025-08-14 00:47:42.1233475 -03:00,23,1
1766895,26,26-CAMBIO DE HERRAMIENTAS DEBIDO A DESGASTE,840,siderca\60062291,"CPT,GSR,CA15,GA15,CFC,GFC,CDS,GDS,CDT",2025-08-14 05:32:43.9501136 -03:00,1766833,2025-08-14 04:42:33.2950653 -03:00,5,0
1766918,26,26-CAMBIO DE HERRAMIENTAS DEBIDO A DESGASTE,342.433,siderca\60062291,"GA15,CDT",2025-08-14 07:08:02.0372284 -03:00,1766895,2025-08-14 05:46:43.9501136 -03:00,13,0
1766941,26,26-CAMBIO DE HERRAMIENTAS DEBIDO A DESGASTE,797,siderca\60062291,"CPT,GA15,GFC,CDS,GDS,CDT",2025-08-14 08:20:48.7310674 -03:00,1766918,2025-08-14 07:13:44.4709048 -03:00,9,0
1766976,26,26-CAMBIO DE HERRAMIENTAS DEBIDO A DESGASTE,423.278,siderca\60062291,"CSR,GSR,CA15,CDT",2025-08-14 10:01:32.9106869 -03:00,1766941,2025-08-14 08:34:05.7310674 -03:00,11,0
1767018,26,26-CAMBIO DE HERRAMIENTAS DEBIDO A DESGASTE,669,siderca\60062291,"CPT,GA15,GFC,GDS,CDT",2025-08-14 11:31:35.7476572 -03:00,1766976,2025-08-14 10:08:36.1889576 -03:00,10,0
1767062,26,26-CAMBIO DE HERRAMIENTAS DEBIDO A DESGASTE,657.295,siderca\60062524,"CPA,GSR,GA15,GA12,CDT",2025-08-14 13:06:06.3753849 -03:00,1767018,2025-08-14 11:42:44.7476572 -03:00,12,0
1767105,26,26-CAMBIO DE HERRAMIENTAS DEBIDO A DESGASTE,621,siderca\60062524,"GA15,GFC,CDS,GDS,CDT",2025-08-14 14:26:27.1987629 -03:00,1767062,2025-08-14 13:17:03.6701786 -03:00,11,0
1767138,26,26-CAMBIO DE HERRAMIENTAS DEBIDO A DESGASTE,728.895,siderca\60062524,"CPT,GA15,GA12,CFC",2025-08-14 15:51:44.4739714 -03:00,1767105,2025-08-14 14:36:48.1987629 -03:00,11,0
1767165,26,26-CAMBIO DE HERRAMIENTAS DEBIDO A DESGASTE,675.228,siderca\60062524,"CSR,GSR,CA15,GA15,GA12,CFC,GFC,CDT",2025-08-14 17:04:03.1041580 -03:00,1767138,2025-08-14 16:03:53.3683116 -03:00,8,0
1767202,26,26-CAMBIO DE HERRAMIENTAS DEBIDO A DESGASTE,498.355,siderca\60062524,"CPT,GA15,GA12",2025-08-14 18:32:51.2066575 -03:00,1767165,2025-08-14 17:15:18.3323994 -03:00,10,0
1767209,26,26-CAMBIO DE HERRAMIENTAS DEBIDO A DESGASTE,122.57,siderca\60062524,"CPT,GA15,GA12,CDT",2025-08-14 18:55:31.4036610 -03:00,1767202,2025-08-14 18:41:09.5614261 -03:00,1,0
1767252,26,26-CAMBIO DE HERRAMIENTAS DEBIDO A DESGASTE,509,siderca\60062524,"GA15,GA12,CFC,GFC,CDS,GDS,CDT",2025-08-14 20:37:47.6034378 -03:00,1767209,2025-08-14 18:57:33.9739189 -03:00,13,0
1767269,26,26-CAMBIO DE HERRAMIENTAS DEBIDO A DESGASTE,259.409,siderca\60062567,CDS,2025-08-14 21:00:00.0000000 -03:00,1767252,2025-08-14 20:46:16.6034378 -03:00,1,0
1767318,26,26-CAMBIO DE HERRAMIENTAS DEBIDO A DESGASTE,673.581,siderca\60062567,"CPT,CSR,GSR,CA15,GA12,CFC,CDS,CDT,GH",2025-08-14 22:39:00.3802416 -03:00,1767269,2025-08-14 21:04:19.4091170 -03:00,12,0
1767407,26,26-CAMBIO DE HERRAMIENTAS DEBIDO A DESGASTE,791.389,siderca\60062567,"CPT,CSR,GSR,CA15,GA12,CFC,CDS,CDT,GH",2025-08-15 02:49:35.8328990 -03:00,1767318,2025-08-14 22:50:13.9615605 -03:00,23,0
1767489,26,26-CAMBIO DE HERRAMIENTAS DEBIDO A DESGASTE,420.659,siderca\60062524,"CA15,GA15,GA12,CDT",2025-08-15 05:05:37.0000000 -03:00,1767407,2025-08-15 03:02:47.2216202 -03:00,9,0
1767509,26,26-CAMBIO DE HERRAMIENTAS DEBIDO A DESGASTE,658.909,siderca\60062524,"CPT,GA15,GA12,GFC,GDS,CDT",2025-08-15 06:46:50.0992424 -03:00,1767489,2025-08-15 05:12:37.6592222 -03:00,11,0
1767537,26,26-CAMBIO DE HERRAMIENTAS DEBIDO A DESGASTE,464.088,siderca\60062524,"GSR,GA15,GA12,CDT",2025-08-15 08:18:02.3786024 -03:00,1767509,2025-08-15 06:57:49.0080281 -03:00,11,0
1767566,26,26-CAMBIO DE HERRAMIENTAS DEBIDO A DESGASTE,668,siderca\60062524,"CPT,GA15,GFC",2025-08-15 10:04:12.3257441 -03:00,1767537,2025-08-15 08:25:46.4662290 -03:00,11,0
1767598,26,26-CAMBIO DE HERRAMIENTAS DEBIDO A DESGASTE,121.293,siderca\60062524,"CA15,GA12,CDT",2025-08-15 11:42:27.4023352 -03:00,1767566,2025-08-15 10:15:20.3257441 -03:00,11,1
1767637,26,26-CAMBIO DE HERRAMIENTAS DEBIDO A DESGASTE,642.034,siderca\60062567,"CPT,GSR,GA15,GA12,CFC,GDS,CDT,GH",2025-08-15 13:00:00.0000000 -03:00,1767598,2025-08-15 11:44:28.6958963 -03:00,10,0
1767704,26,26-CAMBIO DE HERRAMIENTAS DEBIDO A DESGASTE,420,siderca\60062567,"CA15,CDT,GH",2025-08-15 14:58:03.8489160 -03:00,1767637,2025-08-15 13:10:42.0349430 -03:00,14,0
1767739,26,26-CAMBIO DE HERRAMIENTAS DEBIDO A DESGASTE,444.765,siderca\60062567,"CPT,GA15,GA12,CFC,GDS,CDT,GH",2025-08-15 16:29:06.3849083 -03:00,1767704,2025-08-15 15:05:03.8489160 -03:00,11,0
1767800,26,26-CAMBIO DE HERRAMIENTAS DEBIDO A DESGASTE,540.672,siderca\60062567,"CPT,GSR,CA15,CFC,CDT",2025-08-15 18:07:47.9119589 -03:00,1767739,2025-08-15 16:36:31.1499822 -03:00,11,0
1767859,26,26-CAMBIO DE HERRAMIENTAS DEBIDO A DESGASTE,651,siderca\60062567,"CPT,CA15,GA12,CFC,GDS,CDT,GH",2025-08-15 19:53:05.5294461 -03:00,1767800,2025-08-15 18:16:48.5834801 -03:00,13,0
1767963,26,26-CAMBIO DE HERRAMIENTAS DEBIDO A DESGASTE,480.893,siderca\12985,"CPT,CA15,GA15,CDS,GDS,CDT",2025-08-15 22:35:26.8309829 -03:00,1767859,2025-08-15 20:03:56.5294461 -03:00,11,0
1768022,26,26-CAMBIO DE HERRAMIENTAS DEBIDO A DESGASTE,480.339,siderca\12985,"CSR,GSR,CA15,GA15,CDT",2025-08-15 23:56:04.5148942 -03:00,1767963,2025-08-15 22:43:27.7230496 -03:00,11,0
1768062,26,26-CAMBIO DE HERRAMIENTAS DEBIDO A DESGASTE,544.927,siderca\12985,"CPT,CA15,GA15,CDS,GDS,CDT",2025-08-16 01:35:32.0068956 -03:00,1768022,2025-08-16 00:04:04.8531421 -03:00,10,0
1768125,26,26-CAMBIO DE HERRAMIENTAS DEBIDO A DESGASTE,480.441,siderca\12985,"CA15,GA15,CFC,GFC,CDS,GDS,CDT",2025-08-16 03:09:49.4800903 -03:00,1768062,2025-08-16 01:44:36.9331320 -03:00,11,0
1769341,26,26-CAMBIO DE HERRAMIENTAS DEBIDO A DESGASTE,560,siderca\60062567,"CPT,CSR,GSR,CA15,GA12,CFC,GDS,CDT,GH",2025-08-16 09:44:14.6086185 -03:00,1768125,2025-08-16 03:17:49.9217037 -03:00,10,0
1769383,26,26-CAMBIO DE HERRAMIENTAS DEBIDO A DESGASTE,221.132,siderca\60062567,"CA15,CDT",2025-08-16 11:08:02.5606767 -03:00,1769341,2025-08-16 09:53:34.6086185 -03:00,11,0
1769424,26,26-CAMBIO DE HERRAMIENTAS DEBIDO A DESGASTE,727.717,siderca\60062567,"CPT,CSR,GSR,CA15,GA12,CFC,GDS,CDT,GH",2025-08-16 12:21:06.1158423 -03:00,1769383,2025-08-16 11:11:43.6926445 -03:00,11,0
1769485,26,26-CAMBIO DE HERRAMIENTAS DEBIDO A DESGASTE,497.424,siderca\12985,"CSR,GSR,CA15,GA15,CDT",2025-08-16 13:50:01.1285374 -03:00,1769424,2025-08-16 12:33:13.8329359 -03:00,9,0
1769545,26,26-CAMBIO DE HERRAMIENTAS DEBIDO A DESGASTE,540.216,siderca\12985,"CPT,CA15,GA15,CDS,GDS,CDT",2025-08-16 15:26:10.9493567 -03:00,1769485,2025-08-16 13:58:18.5529230 -03:00,11,0
1769579,26,26-CAMBIO DE HERRAMIENTAS DEBIDO A DESGASTE,297.296,siderca\12985,"CA15,GA15,CDT",2025-08-16 16:45:10.8677105 -03:00,1769545,2025-08-16 15:35:11.1659435 -03:00,10,0
1769629,26,26-CAMBIO DE HERRAMIENTAS DEBIDO A DESGASTE,816.487,siderca\12985,"CSR,GSR,CA15,GA15,CDT",2025-08-16 17:59:23.6068650 -03:00,1769579,2025-08-16 16:50:08.1639121 -03:00,10,0
1769712,26,26-CAMBIO DE HERRAMIENTAS DEBIDO A DESGASTE,314.167,siderca\12985,"CA15,GA15,CDT",2025-08-16 20:07:51.0036167 -03:00,1769629,2025-08-16 18:13:00.0932709 -03:00,13,2
1769913,26,26-CAMBIO DE HERRAMIENTAS DEBIDO A DESGASTE,785,siderca\60062291,"CPT,GSR,CA15,GA15,CFC,GFC,GDS,CDT",2025-08-18 08:22:08.3354529 -03:00,1769712,2025-08-16 20:13:05.1704192 -03:00,18,4
1769960,26,26-CAMBIO DE HERRAMIENTAS DEBIDO A DESGASTE,353.586,siderca\60062291,"GA15,CDT",2025-08-18 09:58:06.9407657 -03:00,1769913,2025-08-18 08:35:13.3354529 -03:00,12,0
1770274,26,26-CAMBIO DE HERRAMIENTAS DEBIDO A DESGASTE,780.342,siderca\12985,"CPT,CSR,GSR,CA15,GA15,CDS,GDS,CDT",2025-08-18 19:27:03.8403287 -03:00,1769960,2025-08-18 10:04:00.5263257 -03:00,14,0
1770385,26,26-CAMBIO DE HERRAMIENTAS DEBIDO A DESGASTE,1200.975,tenaris\17998,"CPT,GSR,GA15,GA12,GFC,GDS",2025-08-18 22:03:34.2011708 -03:00,1770274,2025-08-18 19:40:04.1828931 -03:00,13,1
1770544,26,26-CAMBIO DE HERRAMIENTAS DEBIDO A DESGASTE,900.523,tenaris\17998,"CPT,GA15,GA12,GFC,GDS",2025-08-19 04:01:57.6434599 -03:00,1770385,2025-08-18 22:23:35.1768732 -03:00,19,1
1770581,26,26-CAMBIO DE HERRAMIENTAS DEBIDO A DESGASTE,885,siderca\60062291,"CPT,GSR,GA15,GFC,GDS,CDT",2025-08-19 05:09:24.6250090 -03:00,1770544,2025-08-19 04:16:58.1669525 -03:00,4,1
1770644,26,26-CAMBIO DE HERRAMIENTAS DEBIDO A DESGASTE,232.079,siderca\60062291,"CA15,GA15,CDT",2025-08-19 07:11:55.9469097 -03:00,1770581,2025-08-19 05:24:09.6250090 -03:00,12,0
1770719,26,26-CAMBIO DE HERRAMIENTAS DEBIDO A DESGASTE,300.849,siderca\60062291,"GSR,CA15,GA15,CDT",2025-08-19 10:25:26.0854080 -03:00,1770644,2025-08-19 07:15:48.0253900 -03:00,16,0
1770756,26,26-CAMBIO DE HERRAMIENTAS DEBIDO A DESGASTE,636,siderca\60062291,"CPT,GA15,GFC,CDS,CDT",2025-08-19 11:47:02.1707936 -03:00,1770719,2025-08-19 10:30:26.9349203 -03:00,10,0
1770808,26,26-CAMBIO DE HERRAMIENTAS DEBIDO A DESGASTE,635.67,siderca\12985,"CPT,CA15,GA15,CFC,CDS,GDS,CDT",2025-08-19 13:16:08.2563913 -03:00,1770756,2025-08-19 11:57:38.1707936 -03:00,11,0
1770850,26,26-CAMBIO DE HERRAMIENTAS DEBIDO A DESGASTE,611.919,siderca\12985,"CSR,GSR,CA15,GA15,CDT",2025-08-19 14:41:56.7333593 -03:00,1770808,2025-08-19 13:26:43.9262593 -03:00,11,0
1770902,26,26-CAMBIO DE HERRAMIENTAS DEBIDO A DESGASTE,600.182,siderca\12985,"CPT,CA15,GA15,CDS,GDS,CDT",2025-08-19 16:07:00.4582558 -03:00,1770850,2025-08-19 14:52:08.6525833 -03:00,10,0
1770937,26,26-CAMBIO DE HERRAMIENTAS DEBIDO A DESGASTE,321.424,siderca\12985,"CA15,GA15,CDT",2025-08-19 17:36:52.1398503 -03:00,1770902,2025-08-19 16:17:00.6406642 -03:00,12,0
1771011,26,26-CAMBIO DE HERRAMIENTAS DEBIDO A DESGASTE,840.842,siderca\12985,"CPT,CSR,GSR,CA15,GA15,CFC,GFC,CDS,GDS,CDT",2025-08-19 19:33:19.0110145 -03:00,1770937,2025-08-19 17:42:13.5634030 -03:00,12,1
1771132,26,26-CAMBIO DE HERRAMIENTAS DEBIDO A DESGASTE,900,siderca\60062266,"CPT,GSR,GA15,GFC,GDS",2025-08-19 22:46:14.1558621 -03:00,1771011,2025-08-19 19:47:19.8537358 -03:00,9,2
1771174,26,26-CAMBIO DE HERRAMIENTAS DEBIDO A DESGASTE,300.963,siderca\15288,GFC,2025-08-20 00:39:28.1763847 -03:00,1771132,2025-08-19 23:01:14.1558621 -03:00,11,1
1771206,26,26-CAMBIO DE HERRAMIENTAS DEBIDO A DESGASTE,663.27,siderca\60062266,"CPT,GA15,GFC,GDS",2025-08-20 02:00:40.5220776 -03:00,1771174,2025-08-20 00:44:29.1390903 -03:00,10,0
1771288,26,26-CAMBIO DE HERRAMIENTAS DEBIDO A DESGASTE,300.843,siderca\60062266,"GSR,GFC",2025-08-20 04:15:01.5091771 -03:00,1771206,2025-08-20 02:11:43.7922769 -03:00,12,0
1771339,26,26-CAMBIO DE HERRAMIENTAS DEBIDO A DESGASTE,751,siderca\60062291,"CPT,CA15,CFC,GFC,GDS,CDT",2025-08-20 05:42:19.6165107 -03:00,1771288,2025-08-20 04:20:02.3521737 -03:00,9,0
1771389,26,26-CAMBIO DE HERRAMIENTAS DEBIDO A DESGASTE,267.773,siderca\60062291,"GA15,CDT",2025-08-20 07:18:13.2803026 -03:00,1771339,2025-08-20 05:54:50.6165107 -03:00,12,0
1771422,26,26-CAMBIO DE HERRAMIENTAS DEBIDO A DESGASTE,712.821,siderca\60062291,"CPT,CA15,CFC,GFC,GDS,CDT",2025-08-20 08:15:46.8917926 -03:00,1771389,2025-08-20 07:22:41.0539807 -03:00,7,0
1771473,26,26-CAMBIO DE HERRAMIENTAS DEBIDO A DESGASTE,301,siderca\60062291,"GA15,CDT",2025-08-20 09:53:57.3530928 -03:00,1771422,2025-08-20 08:27:39.7125248 -03:00,12,2
1771539,26,26-CAMBIO DE HERRAMIENTAS DEBIDO A DESGASTE,811,siderca\60062291,"CPT,CA15,GFC,CDS,GDS,CDT",2025-08-20 11:49:30.2045722 -03:00,1771473,2025-08-20 09:58:58.3530928 -03:00,9,0
1771640,26,26-CAMBIO DE HERRAMIENTAS DEBIDO A DESGASTE,540,siderca\12985,"CSR,GSR,CA15,GA15,CDT",2025-08-20 13:26:25.6776369 -03:00,1771539,2025-08-20 12:03:01.2045722 -03:00,11,1
1771679,26,26-CAMBIO DE HERRAMIENTAS DEBIDO A DESGASTE,600.759,siderca\12985,"CPT,CA15,GA15,CDS,GDS,CDT",2025-08-20 14:59:57.6217873 -03:00,1771640,2025-08-20 13:35:25.6776369 -03:00,12,0
1771716,26,26-CAMBIO DE HERRAMIENTAS DEBIDO A DESGASTE,470.94,siderca\12985,"CA15,GA15,CDT",2025-08-20 16:30:20.5036692 -03:00,1771679,2025-08-20 15:09:58.3809074 -03:00,11,0
1771801,26,26-CAMBIO DE HERRAMIENTAS DEBIDO A DESGASTE,780.214,siderca\12985,"CPT,CSR,GSR,CA15,GA15,CFC,GFC,CDS,GDS,CDT",2025-08-20 18:44:41.3796616 -03:00,1771716,2025-08-20 16:38:11.4434164 -03:00,12,3
1771844,26,26-CAMBIO DE HERRAMIENTAS DEBIDO A DESGASTE,360.06,siderca\12985,"CA15,GA15,CDT",2025-08-20 20:23:13.5987698 -03:00,1771801,2025-08-20 18:57:41.5939937 -03:00,11,0
1771910,26,26-CAMBIO DE HERRAMIENTAS DEBIDO A DESGASTE,754,siderca\13862,"CPT,GSR,GA15,GFC,GDS",2025-08-20 22:00:40.9204696 -03:00,1771844,2025-08-20 20:29:13.6588233 -03:00,10,0
1771986,26,26-CAMBIO DE HERRAMIENTAS DEBIDO A DESGASTE,633.253,siderca\13862,"CPT,GSR,GA15,GFC,GDS",2025-08-21 00:04:27.4759240 -03:00,1771910,2025-08-20 22:13:14.9204696 -03:00,12,1
1772050,26,26-CAMBIO DE HERRAMIENTAS DEBIDO A DESGASTE,736.17,siderca\13862,"CPT,GSR,GA15,GFC,GDS",2025-08-21 01:53:03.0480458 -03:00,1771986,2025-08-21 00:15:00.7287636 -03:00,12,0
1772199,26,26-CAMBIO DE HERRAMIENTAS DEBIDO A DESGASTE,840.185,siderca\60062291,"CPT,GSR,CA15,GA15,GFC,GDS,CDT",2025-08-21 05:50:18.2510737 -03:00,1772050,2025-08-21 02:05:19.2182018 -03:00,14,2
1772232,26,26-CAMBIO DE HERRAMIENTAS DEBIDO A DESGASTE,384.003,siderca\60062291,"CPT,GA15,CDT",2025-08-21 07:39:39.1195485 -03:00,1772199,2025-08-21 06:04:18.4367291 -03:00,13,0
1772263,26,26-CAMBIO DE HERRAMIENTAS DEBIDO A DESGASTE,615.876,siderca\60062291,"GA15,GA12,GFC,GDS,CDT",2025-08-21 09:24:18.2779079 -03:00,1772232,2025-08-21 07:46:03.1223034 -03:00,13,0
1772287,26,26-CAMBIO DE HERRAMIENTAS DEBIDO A DESGASTE,625.687,siderca\60062291,"CPT,GSR,GA15,CDT",2025-08-21 10:25:42.6150740 -03:00,1772263,2025-08-21 09:34:34.1532770 -03:00,7,0
1772323,26,26-CAMBIO DE HERRAMIENTAS DEBIDO A DESGASTE,555,siderca\60062291,"CA15,GA15,GFC,GDS,CDT",2025-08-21 11:55:52.8258462 -03:00,1772287,2025-08-21 10:36:08.3025850 -03:00,12,0
1772394,26,26-CAMBIO DE HERRAMIENTAS DEBIDO A DESGASTE,540.328,siderca\12985,"CPT,CA15,GA15,CDT",2025-08-21 13:42:12.6553268 -03:00,1772323,2025-08-21 12:05:07.8258462 -03:00,12,0
1772433,26,26-CAMBIO DE HERRAMIENTAS DEBIDO A DESGASTE,643.241,siderca\12985,"CSR,GSR,CA15,GA15,CFC,CDS,GDS,CDT",2025-08-21 15:08:12.1673818 -03:00,1772394,2025-08-21 13:51:12.9836328 -03:00,10,0
1772485,26,26-CAMBIO DE HERRAMIENTAS DEBIDO A DESGASTE,542.481,siderca\12985,"CPT,CA15,GA15,CDT",2025-08-21 16:48:05.9867361 -03:00,1772433,2025-08-21 15:18:55.4083779 -03:00,13,0
1772526,26,26-CAMBIO DE HERRAMIENTAS DEBIDO A DESGASTE,645.99,siderca\12985,"CA15,GA15,CFC,GFC,CDS,GDS,CDT",2025-08-21 18:25:37.1369116 -03:00,1772485,2025-08-21 16:57:08.4675547 -03:00,13,0
1772555,26,26-CAMBIO DE HERRAMIENTAS DEBIDO A DESGASTE,514.87,siderca\12985,"CPT,CSR,GSR",2025-08-21 19:21:57.0571079 -03:00,1772526,2025-08-21 18:36:23.1263664 -03:00,6,0
1772583,26,26-CAMBIO DE HERRAMIENTAS DEBIDO A DESGASTE,271.286,siderca\12985,"CA15,GA15,CDT",2025-08-21 20:06:12.2030623 -03:00,1772555,2025-08-21 19:30:31.9276844 -03:00,4,0
1772656,26,26-CAMBIO DE HERRAMIENTAS DEBIDO A DESGASTE,720.113,siderca\60062266,"CPT,GA15,GFC,GDS,CDT",2025-08-21 21:36:05.5332470 -03:00,1772583,2025-08-21 20:10:43.4890856 -03:00,11,1
1772689,26,26-CAMBIO DE HERRAMIENTAS DEBIDO A DESGASTE,390.072,siderca\60062266,"GSR,CFC,CDT",2025-08-21 22:57:07.9814507 -03:00,1772656,2025-08-21 21:48:05.6466203 -03:00,10,0
1772735,26,26-CAMBIO DE HERRAMIENTAS DEBIDO A DESGASTE,619.339,siderca\60062266,"CPT,GA15,GFC,GDS",2025-08-22 00:17:45.3826299 -03:00,1772689,2025-08-21 23:03:38.0536356 -03:00,11,0
1772779,26,26-CAMBIO DE HERRAMIENTAS DEBIDO A DESGASTE,312.585,siderca\60062266,"GFC,CDT",2025-08-22 01:43:25.2068736 -03:00,1772735,2025-08-22 00:28:04.7214360 -03:00,12,0
1772826,26,26-CAMBIO DE HERRAMIENTAS DEBIDO A DESGASTE,600.988,siderca\60062266,"CPT,GSR,GA15,GFC,GDS,CDT",2025-08-22 02:56:49.6463556 -03:00,1772779,2025-08-22 01:48:37.7915830 -03:00,9,0
1772915,26,26-CAMBIO DE HERRAMIENTAS DEBIDO A DESGASTE,408.294,siderca\60062291,"GA15,CDT",2025-08-22 05:18:16.1206571 -03:00,1772826,2025-08-22 03:06:50.6343179 -03:00,12,0
1772974,26,26-CAMBIO DE HERRAMIENTAS DEBIDO A DESGASTE,840.089,siderca\60062291,"CPT,CSR,GSR,GA15,CFC,GFC,GDS,CDT",2025-08-22 06:51:32.1789989 -03:00,1772915,2025-08-22 05:25:04.4145237 -03:00,10,0
1773024,26,26-CAMBIO DE HERRAMIENTAS DEBIDO A DESGASTE,376.505,siderca\60062291,"CA15,GA15,CDT",2025-08-22 08:32:57.2987100 -03:00,1772974,2025-08-22 07:05:32.2678570 -03:00,11,0
1773044,26,26-CAMBIO DE HERRAMIENTAS DEBIDO A DESGASTE,553.117,siderca\60062291,"CPT,GA15,GFC,CDS,GDS,CDT",2025-08-22 09:17:15.8218300 -03:00,1773024,2025-08-22 08:39:13.8033685 -03:00,5,0
1773089,26,26-CAMBIO DE HERRAMIENTAS DEBIDO A DESGASTE,446,siderca\60062291,"GSR,GA15,CDT",2025-08-22 10:37:01.0556981 -03:00,1773044,2025-08-22 09:26:28.9384770 -03:00,9,0
1773149,26,26-CAMBIO DE HERRAMIENTAS DEBIDO A DESGASTE,473.254,siderca\60062291,"GA15,GFC,GDS,CDT",2025-08-22 12:06:41.8709283 -03:00,1773089,2025-08-22 10:44:27.0556981 -03:00,12,0
1773199,26,26-CAMBIO DE HERRAMIENTAS DEBIDO A DESGASTE,695.457,siderca\12985,"CPT,CA15,GA15,CDT",2025-08-22 13:24:14.6752726 -03:00,1773149,2025-08-22 12:14:35.1244516 -03:00,10,0
1773254,26,26-CAMBIO DE HERRAMIENTAS DEBIDO A DESGASTE,693,siderca\12985,"CSR,GSR,CA15,GA15,CDS,GDS,CDT",2025-08-22 15:06:05.1961070 -03:00,1773199,2025-08-22 13:35:50.1325759 -03:00,13,0
1773310,26,26-CAMBIO DE HERRAMIENTAS DEBIDO A DESGASTE,515.135,siderca\12985,"CPT,CA15,GA15,CDS,GDS,CDT",2025-08-22 16:47:12.4742232 -03:00,1773254,2025-08-22 15:17:38.1961070 -03:00,12,0
1773340,26,26-CAMBIO DE HERRAMIENTAS DEBIDO A DESGASTE,668.624,siderca\12985,"CA15,GA15,CFC,GFC,CDS,GDS,CDT",2025-08-22 17:46:35.9610159 -03:00,1773310,2025-08-22 16:55:47.6094515 -03:00,7,0
1773355,26,26-CAMBIO DE HERRAMIENTAS DEBIDO A DESGASTE,249,siderca\12985,"CA15,GA15,CDT",2025-08-22 18:24:23.3017868 -03:00,1773340,2025-08-22 17:57:44.5854411 -03:00,4,0
1773398,26,26-CAMBIO DE HERRAMIENTAS DEBIDO A DESGASTE,732.08,siderca\12985,"CPT,CSR,GSR,CA15,GA15,CFC,CDS,GDS,CDT",2025-08-22 19:33:51.8990880 -03:00,1773355,2025-08-22 18:28:32.3017868 -03:00,10,0
1773477,26,26-CAMBIO DE HERRAMIENTAS DEBIDO A DESGASTE,613.929,siderca\13862,"GA15,GFC,GDS",2025-08-22 21:07:46.9208250 -03:00,1773398,2025-08-22 19:46:03.9790446 -03:00,11,0
1773528,26,26-CAMBIO DE HERRAMIENTAS DEBIDO A DESGASTE,636.866,siderca\13862,"CPT,GA15,GFC",2025-08-22 22:39:17.5731697 -03:00,1773477,2025-08-22 21:18:00.8493750 -03:00,8,1
1773559,26,26-CAMBIO DE HERRAMIENTAS DEBIDO A DESGASTE,517.287,siderca\13862,"GSR,GA15,GFC,GDS",2025-08-23 00:00:45.1444378 -03:00,1773528,2025-08-22 22:49:54.4390111 -03:00,11,0
1773604,26,26-CAMBIO DE HERRAMIENTAS DEBIDO A DESGASTE,685.107,siderca\13862,"CPT,GA15,GFC",2025-08-23 01:25:54.5380299 -03:00,1773559,2025-08-23 00:09:22.4314139 -03:00,9,0
1773645,26,26-CAMBIO DE HERRAMIENTAS DEBIDO A DESGASTE,489.891,siderca\13862,"GA15,GFC,GDS",2025-08-23 02:46:56.3695390 -03:00,1773604,2025-08-23 01:37:19.6450347 -03:00,11,0
1773694,26,26-CAMBIO DE HERRAMIENTAS DEBIDO A DESGASTE,905,siderca\13862,"CPT,GSR,GA15,GFC,GDS",2025-08-23 04:16:51.5413660 -03:00,1773645,2025-08-23 02:55:06.2609059 -03:00,11,0
1773752,26,26-CAMBIO DE HERRAMIENTAS DEBIDO A DESGASTE,485.627,siderca\60062291,"GA15,GFC,CDS,GDS,CDT",2025-08-23 05:49:32.5099104 -03:00,1773694,2025-08-23 04:31:56.5411147 -03:00,10,0
1773797,26,26-CAMBIO DE HERRAMIENTAS DEBIDO A DESGASTE,692.28,siderca\60062291,"CPT,GSR,GA15,CDT",2025-08-23 07:10:05.9614724 -03:00,1773752,2025-08-23 05:57:38.1362341 -03:00,11,0
1773862,26,26-CAMBIO DE HERRAMIENTAS DEBIDO A DESGASTE,540.491,siderca\60062291,"GA15,GFC,GDS,CDT",2025-08-23 08:41:57.8429665 -03:00,1773797,2025-08-23 07:21:38.2413035 -03:00,10,0
1773895,26,26-CAMBIO DE HERRAMIENTAS DEBIDO A DESGASTE,271,siderca\60062291,"GA15,CDT",2025-08-23 10:14:44.5143696 -03:00,1773862,2025-08-23 08:50:58.3333322 -03:00,14,0
1773927,26,26-CAMBIO DE HERRAMIENTAS DEBIDO A DESGASTE,811.332,siderca\60062291,"CPT,GSR,GA15,CFC,GDS,CDT",2025-08-23 11:19:43.9324434 -03:00,1773895,2025-08-23 10:19:15.5143696 -03:00,8,0
1774019,26,26-CAMBIO DE HERRAMIENTAS DEBIDO A DESGASTE,371.962,siderca\60062291,"CA15,GA15,CDT",2025-08-23 13:31:34.1973931 -03:00,1773927,2025-08-23 11:33:15.2640037 -03:00,11,5
1774080,26,26-CAMBIO DE HERRAMIENTAS DEBIDO A DESGASTE,600.305,siderca\12985,"CA15,GA15,CFC,GFC,CDS,GDS,CDT",2025-08-23 14:59:15.7015449 -03:00,1774019,2025-08-23 13:37:46.1598853 -03:00,10,0
1774181,26,26-CAMBIO DE HERRAMIENTAS DEBIDO A DESGASTE,128.632,siderca\12148,"CFC,GFC,CDT",2025-08-23 18:24:27.5834229 -03:00,1774080,2025-08-23 15:09:16.0067048 -03:00,15,0
1774191,26,26-CAMBIO DE HERRAMIENTAS DEBIDO A DESGASTE,478.109,siderca\12148,"CPT,CSR,GSR,CA15,GA15",2025-08-23 18:40:28.8928316 -03:00,1774181,2025-08-23 18:26:36.2152275 -03:00,1,0
1774368,26,26-CAMBIO DE HERRAMIENTAS DEBIDO A DESGASTE,893.225,siderca\13862,"CPT,GA15,GFC,GDS",2025-08-23 23:48:28.6459507 -03:00,1774191,2025-08-23 18:48:27.0015444 -03:00,19,3
1774412,26,26-CAMBIO DE HERRAMIENTAS DEBIDO A DESGASTE,818.428,siderca\13862,"GFC,GDS",2025-08-24 01:32:38.4087952 -03:00,1774368,2025-08-24 00:03:21.8706497 -03:00,9,0
1774450,26,26-CAMBIO DE HERRAMIENTAS DEBIDO A DESGASTE,656.161,siderca\13862,"CPT,GA15,GFC,GDS",2025-08-24 02:50:36.6311791 -03:00,1774412,2025-08-24 01:46:16.8368488 -03:00,9,0
1774590,26,26-CAMBIO DE HERRAMIENTAS DEBIDO A DESGASTE,665.003,siderca\12985,"CPT,CSR,GSR,CA15,GA15",2025-08-25 05:29:27.6303571 -03:00,1774450,2025-08-24 03:01:32.7929947 -03:00,14,2
1774668,26,26-CAMBIO DE HERRAMIENTAS DEBIDO A DESGASTE,268.621,siderca\12985,"CA15,GA15,CDT",2025-08-25 07:40:58.1853701 -03:00,1774590,2025-08-25 05:40:32.6333963 -03:00,12,0
1774830,26,26-CAMBIO DE HERRAMIENTAS DEBIDO A DESGASTE,695.907,siderca\12985,"CPT,CA15,GA15,CDS,GDS,CDT",2025-08-25 12:29:23.2507822 -03:00,1774668,2025-08-25 07:45:26.8062262 -03:00,13,0
1774956,26,26-CAMBIO DE HERRAMIENTAS DEBIDO A DESGASTE,1175.417,siderca\17701,"CSR,CA15,CFC",2025-08-25 15:36:13.9147340 -03:00,1774830,2025-08-25 12:40:59.1575492 -03:00,12,0
1775038,26,26-CAMBIO DE HERRAMIENTAS DEBIDO A DESGASTE,1043.85,siderca\17701,"CPT,CA15,CDS",2025-08-25 18:18:56.4501729 -03:00,1774956,2025-08-25 15:55:49.3316501 -03:00,12,0
1775085,26,26-CAMBIO DE HERRAMIENTAS DEBIDO A DESGASTE,899.798,siderca\17701,"CA15,CFC",2025-08-25 19:44:57.3812726 -03:00,1775038,2025-08-25 18:36:20.3002258 -03:00,10,1
1775149,26,26-CAMBIO DE HERRAMIENTAS DEBIDO A DESGASTE,901.745,siderca\60062291,"CPT,GSR,GA15,CFC,GFC,GDS,CDT",2025-08-25 21:11:25.2124423 -03:00,1775085,2025-08-25 19:59:57.1798577 -03:00,10,0
1775212,26,26-CAMBIO DE HERRAMIENTAS DEBIDO A DESGASTE,319.418,siderca\60062291,"GA15,CDT",2025-08-25 22:59:10.5882710 -03:00,1775149,2025-08-25 21:26:26.9573042 -03:00,11,0
1775249,26,26-CAMBIO DE HERRAMIENTAS DEBIDO A DESGASTE,845.078,siderca\60062291,"CPT,GSR,GA15,CFC,GFC,GDS,CDT",2025-08-26 00:00:25.8837889 -03:00,1775212,2025-08-25 23:04:30.0063570 -03:00,8,0
1775259,26,26-CAMBIO DE HERRAMIENTAS DEBIDO A DESGASTE,547.327,siderca\60062291,"CPT,GA15,GFC,GDS,CDT",2025-08-26 00:21:33.9615596 -03:00,1775249,2025-08-26 00:14:30.9615596 -03:00,0,0
1775308,26,26-CAMBIO DE HERRAMIENTAS DEBIDO A DESGASTE,454.245,siderca\60062291,"CSR,GSR,GA15,CDT",2025-08-26 01:44:01.5427275 -03:00,1775259,2025-08-26 00:30:41.2883284 -03:00,11,0
1775356,26,26-CAMBIO DE HERRAMIENTAS DEBIDO A DESGASTE,691.595,siderca\60062291,"CPT,GA15,GFC,CDS,GDS,CDT",2025-08-26 03:04:53.1424344 -03:00,1775308,2025-08-26 01:51:35.7872558 -03:00,10,0
1775415,26,26-CAMBIO DE HERRAMIENTAS DEBIDO A DESGASTE,299,siderca\60062291,"CA15,CDT",2025-08-26 04:34:44.4673071 -03:00,1775356,2025-08-26 03:16:24.7375665 -03:00,11,0
1775476,26,26-CAMBIO DE HERRAMIENTAS DEBIDO A DESGASTE,824,siderca\12985,"CPT,CSR,GSR,CA15,GA15,CFC,GFC,CDS,GDS,CDT",2025-08-26 05:56:09.8333562 -03:00,1775415,2025-08-26 04:39:43.4673071 -03:00,11,0
1775550,26,26-CAMBIO DE HERRAMIENTAS DEBIDO A DESGASTE,187.897,siderca\12985,"CA15,GA15",2025-08-26 07:50:55.0962305 -03:00,1775476,2025-08-26 06:09:53.8333562 -03:00,13,0
1775600,26,26-CAMBIO DE HERRAMIENTAS DEBIDO A DESGASTE,916.698,siderca\12985,"CPT,CA15,GA15,CFC,GFC,CDS,GDS,CDT",2025-08-26 09:15:13.7970814 -03:00,1775550,2025-08-26 07:54:02.9935548 -03:00,12,0
1775651,26,26-CAMBIO DE HERRAMIENTAS DEBIDO A DESGASTE,393.769,siderca\12985,"CPT,CSR,GSR,CA15,GA15,CDT",2025-08-26 10:44:12.8161831 -03:00,1775600,2025-08-26 09:30:30.4958898 -03:00,11,0
1775716,26,26-CAMBIO DE HERRAMIENTAS DEBIDO A DESGASTE,480.088,siderca\12985,"CPT,CA15,GA15,CFC,GFC,CDS,GDS,CDT",2025-08-26 12:21:19.8894316 -03:00,1775651,2025-08-26 10:50:46.5851269 -03:00,11,1
1775773,26,26-CAMBIO DE HERRAMIENTAS DEBIDO A DESGASTE,517.332,siderca\17701,CA15,2025-08-26 13:52:22.9699021 -03:00,1775716,2025-08-26 12:29:19.9771116 -03:00,12,0
1775810,26,26-CAMBIO DE HERRAMIENTAS DEBIDO A DESGASTE,879.586,siderca\17701,"CPA,CSR,CA15,CFC,CDS,CDT",2025-08-26 15:12:41.4356648 -03:00,1775773,2025-08-26 14:01:00.3016871 -03:00,11,0
1775870,26,26-CAMBIO DE HERRAMIENTAS DEBIDO A DESGASTE,279.784,siderca\17701,CA15,2025-08-26 17:32:37.9752929 -03:00,1775810,2025-08-26 15:27:21.0215837 -03:00,10,0
1775912,26,26-CAMBIO DE HERRAMIENTAS DEBIDO A DESGASTE,809.539,siderca\17701,"CPT,CSR,CA15,CFC,CDS,CDT",2025-08-26 19:01:42.0423982 -03:00,1775870,2025-08-26 17:37:17.7597466 -03:00,10,0
1776573,26,26-CAMBIO DE HERRAMIENTAS DEBIDO A DESGASTE,1109.463,siderca\60062291,"CPT,GSR,GA15,GFC,GDS,CDT",2025-08-27 21:16:50.4510741 -03:00,1775912,2025-08-26 19:15:11.5813487 -03:00,38,0
1776914,26,26-CAMBIO DE HERRAMIENTAS DEBIDO A DESGASTE,900.1,siderca\12985,"CPT,CA15,GA15,CFC,GFC,CDS,GDS,CDT",2025-08-28 09:27:07.0989447 -03:00,1776573,2025-08-27 21:35:19.9141550 -03:00,23,1
1776953,26,26-CAMBIO DE HERRAMIENTAS DEBIDO A DESGASTE,611.756,siderca\12985,"CSR,GSR,CA15,GA15,CDT",2025-08-28 11:07:07.1945225 -03:00,1776914,2025-08-28 09:42:07.1988981 -03:00,11,0
1777013,26,26-CAMBIO DE HERRAMIENTAS DEBIDO A DESGASTE,963.349,siderca\17701,"CPT,CSR,CA15,CFC,CDS,CDT",2025-08-28 13:00:00.0000000 -03:00,1776953,2025-08-28 11:17:18.9509821 -03:00,10,0
1777083,26,26-CAMBIO DE HERRAMIENTAS DEBIDO A DESGASTE,318,siderca\17701,CA15,2025-08-28 15:06:13.8220417 -03:00,1777013,2025-08-28 13:16:03.3496467 -03:00,13,0
1777134,26,26-CAMBIO DE HERRAMIENTAS DEBIDO A DESGASTE,996.622,siderca\17701,"CPT,CSR,CA15,CFC,CDS,CDT",2025-08-28 16:41:06.6381206 -03:00,1777083,2025-08-28 15:11:31.8220417 -03:00,11,0
1777169,26,26-CAMBIO DE HERRAMIENTAS DEBIDO A DESGASTE,349,siderca\17701,CA15,2025-08-28 17:55:01.4356043 -03:00,1777134,2025-08-28 16:57:43.2608662 -03:00,7,0
1777205,26,26-CAMBIO DE HERRAMIENTAS DEBIDO A DESGASTE,818.11,siderca\17701,"CPT,CA15,CFC,CDS,CDT",2025-08-28 19:20:45.8579476 -03:00,1777169,2025-08-28 18:00:50.4356043 -03:00,11,1
1777277,26,26-CAMBIO DE HERRAMIENTAS DEBIDO A DESGASTE,989.673,siderca\60062291,"CPT,GSR,GA15,GFC,GDS,CDT",2025-08-28 21:09:50.4810501 -03:00,1777205,2025-08-28 19:34:23.9678116 -03:00,11,0
1777340,26,26-CAMBIO DE HERRAMIENTAS DEBIDO A DESGASTE,132,siderca\60062291,CDT,2025-08-28 23:07:23.3707141 -03:00,1777277,2025-08-28 21:26:20.1547629 -03:00,12,0
1777411,26,26-CAMBIO DE HERRAMIENTAS DEBIDO A DESGASTE,600.524,siderca\13035,"CPT,GA15,GFC,CDS,GDS,CDT",2025-08-29 00:22:52.2104130 -03:00,1777340,2025-08-28 23:09:35.3707141 -03:00,10,0
1777431,26,26-CAMBIO DE HERRAMIENTAS DEBIDO A DESGASTE,328.603,siderca\60062291,"GSR,CDT",2025-08-29 01:53:45.4586218 -03:00,1777411,2025-08-29 00:32:52.7346063 -03:00,11,0
1777463,26,26-CAMBIO DE HERRAMIENTAS DEBIDO A DESGASTE,916.831,siderca\60062291,"CPT,GA15,GA12,GFC,CDS,GDS,CDT",2025-08-29 02:56:50.3023419 -03:00,1777431,2025-08-29 01:59:14.0615277 -03:00,9,0
1777505,26,26-CAMBIO DE HERRAMIENTAS DEBIDO A DESGASTE,191.799,siderca\60062291,CDT,2025-08-29 04:27:35.7334470 -03:00,1777463,2025-08-29 03:12:07.1339952 -03:00,11,0
1777563,26,26-CAMBIO DE HERRAMIENTAS DEBIDO A DESGASTE,877,siderca\12985,"CPT,CSR,GSR,CA15,GA15,CFC,GFC,CDS,GDS,CDT",2025-08-29 05:50:41.5043952 -03:00,1777505,2025-08-29 04:30:47.5329481 -03:00,11,0
1777606,26,26-CAMBIO DE HERRAMIENTAS DEBIDO A DESGASTE,371.949,siderca\12985,"CA15,GA15,CDT",2025-08-29 07:26:39.2976192 -03:00,1777563,2025-08-29 06:05:18.5043952 -03:00,12,0
1777653,26,26-CAMBIO DE HERRAMIENTAS DEBIDO A DESGASTE,726.419,siderca\12985,"CPT,CA15,GA15,CFC,GFC,CDS,GDS,CDT",2025-08-29 08:57:23.5327423 -03:00,1777606,2025-08-29 07:32:51.2462063 -03:00,11,0
1777688,26,26-CAMBIO DE HERRAMIENTAS DEBIDO A DESGASTE,375.449,siderca\12985,"CSR,GSR,CA15,GA15",2025-08-29 09:57:08.7421130 -03:00,1777653,2025-08-29 09:09:29.9510156 -03:00,6,0
1777706,26,26-CAMBIO DE HERRAMIENTAS DEBIDO A DESGASTE,104.826,siderca\12985,CSR,2025-08-29 10:30:51.4242259 -03:00,1777688,2025-08-29 10:03:24.1913830 -03:00,4,0
1777746,26,26-CAMBIO DE HERRAMIENTAS DEBIDO A DESGASTE,720.899,siderca\12985,"CPT,CA15,GA15,CFC,GFC,CDS,GDS,CDT",2025-08-29 11:49:21.7502540 -03:00,1777706,2025-08-29 10:32:36.2500067 -03:00,11,0
1777797,26,26-CAMBIO DE HERRAMIENTAS DEBIDO A DESGASTE,266.077,siderca\17701,CA15,2025-08-29 13:25:13.5481680 -03:00,1777746,2025-08-29 12:01:22.6495546 -03:00,12,0
1777818,26,26-CAMBIO DE HERRAMIENTAS DEBIDO A DESGASTE,190.37,siderca\17701,CPT,2025-08-29 14:08:16.3749703 -03:00,1777797,2025-08-29 13:29:39.6250963 -03:00,5,0
1777842,26,26-CAMBIO DE HERRAMIENTAS DEBIDO A DESGASTE,727.443,siderca\17701,"CPT,CSR,CA15,CFC,CDS,CDT",2025-08-29 14:45:46.7486883 -03:00,1777818,2025-08-29 14:11:26.7444229 -03:00,5,0
1777886,26,26-CAMBIO DE HERRAMIENTAS DEBIDO A DESGASTE,187.607,siderca\17701,CA15,2025-08-29 16:16:46.1097310 -03:00,1777842,2025-08-29 14:57:54.1919737 -03:00,12,0
1777919,26,26-CAMBIO DE HERRAMIENTAS DEBIDO A DESGASTE,607.697,siderca\17701,"CPT,CA15,CFC,CDS,CDT",2025-08-29 17:23:44.1977920 -03:00,1777886,2025-08-29 16:19:53.7167257 -03:00,10,0
1777966,26,26-CAMBIO DE HERRAMIENTAS DEBIDO A DESGASTE,374,siderca\17701,"CSR,CA15",2025-08-29 18:44:07.8074350 -03:00,1777919,2025-08-29 17:33:51.8943448 -03:00,11,0
1778014,26,26-CAMBIO DE HERRAMIENTAS DEBIDO A DESGASTE,641,siderca\17701,"CPT,CA15,CFC,CDS,CDT",2025-08-29 20:18:20.9559525 -03:00,1777966,2025-08-29 18:50:21.8074350 -03:00,12,0
1778094,26,26-CAMBIO DE HERRAMIENTAS DEBIDO A DESGASTE,287,siderca\60062291,"CSR,GSR,CDT",2025-08-29 21:59:26.3627595 -03:00,1778014,2025-08-29 20:29:01.9559525 -03:00,12,0
1778154,26,26-CAMBIO DE HERRAMIENTAS DEBIDO A DESGASTE,600.049,siderca\60062291,"CPT,CA15,CFC,GFC,GDS,CDT",2025-08-29 23:24:10.7730671 -03:00,1778094,2025-08-29 22:04:13.3627595 -03:00,10,0
1778177,26,26-CAMBIO DE HERRAMIENTAS DEBIDO A DESGASTE,188,siderca\60062291,CDT,2025-08-30 00:52:54.5396758 -03:00,1778154,2025-08-29 23:34:10.8222343 -03:00,10,0
1778204,26,26-CAMBIO DE HERRAMIENTAS DEBIDO A DESGASTE,828.972,siderca\60062291,"CPT,CSR,GSR,GA15,GFC,CDS,CDT",2025-08-30 01:56:02.0523201 -03:00,1778177,2025-08-30 00:56:02.5396758 -03:00,8,1
1778248,26,26-CAMBIO DE HERRAMIENTAS DEBIDO A DESGASTE,177.775,siderca\60062291,CDT,2025-08-30 03:28:40.4332026 -03:00,1778204,2025-08-30 02:09:51.0249113 -03:00,12,0
1778274,26,26-CAMBIO DE HERRAMIENTAS DEBIDO A DESGASTE,704.023,siderca\60062291,"CPT,GA15,GA12,GFC,GDS,CDT",2025-08-30 04:35:32.8765877 -03:00,1778248,2025-08-30 03:31:38.2081922 -03:00,9,0
1778367,26,26-CAMBIO DE HERRAMIENTAS DEBIDO A DESGASTE,360.37,siderca\12985,"CSR,GSR,CA15,GA15",2025-08-30 06:10:22.2450733 -03:00,1778274,2025-08-30 04:47:16.8998301 -03:00,10,0
1778395,26,26-CAMBIO DE HERRAMIENTAS DEBIDO A DESGASTE,737.629,siderca\12985,"CPT,CA15,GA15,CFC,GFC,CDS,GDS,CDT",2025-08-30 07:51:19.5964811 -03:00,1778367,2025-08-30 06:16:22.6157125 -03:00,10,0
1778464,26,26-CAMBIO DE HERRAMIENTAS DEBIDO A DESGASTE,189.149,siderca\12985,"CA15,GA15",2025-08-30 09:58:50.9578925 -03:00,1778395,2025-08-30 08:03:37.2250378 -03:00,13,1
1778496,26,26-CAMBIO DE HERRAMIENTAS DEBIDO A DESGASTE,886.063,siderca\12985,"CPT,CSR,GSR,CA15,GA15,CFC,GFC,CDS,GDS,CDT",2025-08-30 11:13:29.6633187 -03:00,1778464,2025-08-30 10:02:00.1060562 -03:00,10,1
1778539,26,26-CAMBIO DE HERRAMIENTAS DEBIDO A DESGASTE,176.906,siderca\12985,"CA15,GA15",2025-08-30 12:49:11.5539440 -03:00,1778496,2025-08-30 11:28:15.7261606 -03:00,11,0
1778606,26,26-CAMBIO DE HERRAMIENTAS DEBIDO A DESGASTE,663.187,siderca\17701,"CPT,CA15,CFC,CDS,CDT",2025-08-30 14:05:58.9606397 -03:00,1778539,2025-08-30 12:52:08.4593174 -03:00,10,0
1778650,26,26-CAMBIO DE HERRAMIENTAS DEBIDO A DESGASTE,400.342,siderca\17701,"CSR,CA15",2025-08-30 15:29:50.5577218 -03:00,1778606,2025-08-30 14:17:02.1474248 -03:00,10,0
1778705,26,26-CAMBIO DE HERRAMIENTAS DEBIDO A DESGASTE,569.064,siderca\17701,"CPT,CA15,CFC,CDS,CDT",2025-08-30 17:03:26.6157439 -03:00,1778650,2025-08-30 15:36:30.8990051 -03:00,11,0
1778765,26,26-CAMBIO DE HERRAMIENTAS DEBIDO A DESGASTE,205.161,siderca\17701,CA15,2025-08-30 18:51:24.4678839 -03:00,1778705,2025-08-30 17:12:55.6797014 -03:00,11,0
1778823,26,26-CAMBIO DE HERRAMIENTAS DEBIDO A DESGASTE,673.105,siderca\17701,"CPT,CSR,CA15,CFC,CDS,CDT",2025-08-30 20:22:11.6569193 -03:00,1778765,2025-08-30 18:54:49.6283970 -03:00,10,0
1778895,26,26-CAMBIO DE HERRAMIENTAS DEBIDO A DESGASTE,391.434,siderca\60062291,"GSR,CDT",2025-08-30 22:18:52.9574400 -03:00,1778823,2025-08-30 20:33:24.7619449 -03:00,12,1
1778927,26,26-CAMBIO DE HERRAMIENTAS DEBIDO A DESGASTE,724.522,siderca\60062291,"CPT,GSR,GA15,GFC,GDS,CDT",2025-08-30 23:35:30.7575288 -03:00,1778895,2025-08-30 22:25:24.3911124 -03:00,10,1
1778965,26,26-CAMBIO DE HERRAMIENTAS DEBIDO A DESGASTE,274.016,siderca\60062291,"GA15,CDT",2025-08-31 00:51:28.0837046 -03:00,1778927,2025-08-30 23:47:35.2794252 -03:00,9,0
1779012,26,26-CAMBIO DE HERRAMIENTAS DEBIDO A DESGASTE,849,siderca\60062291,"CPT,CSR,GSR,CA15,GA15,CFC,CDS,CDT",2025-08-31 02:25:33.3957858 -03:00,1778965,2025-08-31 00:56:02.0990289 -03:00,12,0
1779060,26,26-CAMBIO DE HERRAMIENTAS DEBIDO A DESGASTE,160.089,siderca\60062291,CDT,2025-08-31 04:00:39.1273836 -03:00,1779012,2025-08-31 02:39:42.3957858 -03:00,12,0
1779182,26,26-CAMBIO DE HERRAMIENTAS DEBIDO A DESGASTE,827.8,siderca\17701,"CPT,CSR,CA15,CFC,CDS,CDT",2025-09-01 06:09:08.1290824 -03:00,1779060,2025-08-31 04:03:19.2167921 -03:00,12,0
1779250,26,26-CAMBIO DE HERRAMIENTAS DEBIDO A DESGASTE,299.311,siderca\17701,"CSR,CA15",2025-09-01 08:41:00.0000412 -03:00,1779182,2025-09-01 06:22:55.9297347 -03:00,10,1
1779289,26,26-CAMBIO DE HERRAMIENTAS DEBIDO A DESGASTE,813.57,siderca\17701,"CPT,CSR,CA15,CFC,CDS,CDT",2025-09-01 10:05:09.4158055 -03:00,1779250,2025-09-01 08:45:59.3118164 -03:00,12,0
1779353,26,26-CAMBIO DE HERRAMIENTAS DEBIDO A DESGASTE,244,siderca\17701,CA15,2025-09-01 12:14:24.8192979 -03:00,1779289,2025-09-01 10:18:42.9852674 -03:00,13,0
1779431,26,26-CAMBIO DE HERRAMIENTAS DEBIDO A DESGASTE,900.115,siderca\60062291,"CPT,CSR,GSR,GA15,GFC,GDS,CDT",2025-09-01 13:56:56.9860905 -03:00,1779353,2025-09-01 12:18:28.8192979 -03:00,10,0
1779471,26,26-CAMBIO DE HERRAMIENTAS DEBIDO A DESGASTE,221,siderca\60062291,CDT,2025-09-01 15:38:47.4020755 -03:00,1779431,2025-09-01 14:11:57.1018507 -03:00,11,0
1779519,26,26-CAMBIO DE HERRAMIENTAS DEBIDO A DESGASTE,1009.187,siderca\60062291,"CPT,CSR,GSR,GA15,GFC,GDS,CDT",2025-09-01 17:09:38.8402347 -03:00,1779471,2025-09-01 15:42:28.4020755 -03:00,11,2
1779564,26,26-CAMBIO DE HERRAMIENTAS DEBIDO A DESGASTE,307,siderca\60062291,"GSR,CDT",2025-09-01 18:30:50.9017147 -03:00,1779519,2025-09-01 17:26:28.0273198 -03:00,6,2
1779584,26,26-CAMBIO DE HERRAMIENTAS DEBIDO A DESGASTE,356.591,siderca\60062291,GA15,2025-09-01 19:09:11.1490649 -03:00,1779564,2025-09-01 18:35:57.9017147 -03:00,4,0
1779645,26,26-CAMBIO DE HERRAMIENTAS DEBIDO A DESGASTE,496.23,siderca\12985,"CPT,CA15,GA15",2025-09-01 20:51:43.7704518 -03:00,1779584,2025-09-01 19:15:07.7401250 -03:00,11,2
1779738,26,26-CAMBIO DE HERRAMIENTAS DEBIDO A DESGASTE,161.243,siderca\12985,"CA15,GA15",2025-09-01 23:49:24.8079105 -03:00,1779645,2025-09-01 21:00:00.0000000 -03:00,11,0
1779785,26,26-CAMBIO DE HERRAMIENTAS DEBIDO A DESGASTE,840.02,siderca\12985,"CPT,CSR,GSR,CA15,GA15,CFC,GFC,CDS,GDS,CDT",2025-09-02 01:12:30.3088647 -03:00,1779738,2025-09-01 23:52:06.0505973 -03:00,11,0
1779806,26,26-CAMBIO DE HERRAMIENTAS DEBIDO A DESGASTE,269.741,siderca\12985,"CA15,GA15",2025-09-02 02:46:31.8701556 -03:00,1779785,2025-09-02 01:26:30.3280382 -03:00,11,0
1779829,26,26-CAMBIO DE HERRAMIENTAS DEBIDO A DESGASTE,770.998,siderca\12985,"CPT,CA15,GA15,CFC,GFC,CDS,GDS,CDT",2025-09-02 04:01:31.4382760 -03:00,1779806,2025-09-02 02:51:01.6116138 -03:00,11,0
1779895,26,26-CAMBIO DE HERRAMIENTAS DEBIDO A DESGASTE,332,siderca\17701,"CSR,CA15",2025-09-02 05:36:02.7114303 -03:00,1779829,2025-09-02 04:14:22.4366257 -03:00,10,0
1779952,26,26-CAMBIO DE HERRAMIENTAS DEBIDO A DESGASTE,724.742,siderca\17701,"CPT,CA15,CFC,CDS,CDT",2025-09-02 07:35:47.0734343 -03:00,1779895,2025-09-02 05:41:34.7114303 -03:00,11,0
1779990,26,26-CAMBIO DE HERRAMIENTAS DEBIDO A DESGASTE,214.347,siderca\17701,CA15,2025-09-02 08:54:09.5036537 -03:00,1779952,2025-09-02 07:47:51.8150679 -03:00,9,0
1780028,26,26-CAMBIO DE HERRAMIENTAS DEBIDO A DESGASTE,540.29,siderca\17701,"CPT,CSR,CA15,CFC,CDS,CDT",2025-09-02 10:14:57.2413983 -03:00,1779990,2025-09-02 08:57:43.8505914 -03:00,7,1
1780144,26,26-CAMBIO DE HERRAMIENTAS DEBIDO A DESGASTE,900.61,siderca\60062291,"CPT,GSR,GA15,GFC,GDS,CDT",2025-09-02 13:21:01.6168041 -03:00,1780028,2025-09-02 10:23:57.5317011 -03:00,10,2
1780182,26,26-CAMBIO DE HERRAMIENTAS DEBIDO A DESGASTE,237.524,siderca\60062291,CDT,2025-09-02 14:51:49.9316843 -03:00,1780144,2025-09-02 13:36:02.2263319 -03:00,10,0
1780215,26,26-CAMBIO DE HERRAMIENTAS DEBIDO A DESGASTE,688.521,siderca\60062291,"CPT,GA15,GFC,GDS,CDT",2025-09-02 15:45:45.5692235 -03:00,1780182,2025-09-02 14:55:47.4558652 -03:00,7,0
1780270,26,26-CAMBIO DE HERRAMIENTAS DEBIDO A DESGASTE,253.398,siderca\60062291,"CSR,GSR,CDT",2025-09-02 17:30:42.9632332 -03:00,1780215,2025-09-02 15:57:14.0904709 -03:00,11,1
1780301,26,26-CAMBIO DE HERRAMIENTAS DEBIDO A DESGASTE,879.703,siderca\60062291,"CPT,CA15,GFC,CDS,CDT",2025-09-02 18:44:48.2475450 -03:00,1780270,2025-09-02 17:34:56.3612720 -03:00,8,0
1780348,26,26-CAMBIO DE HERRAMIENTAS DEBIDO A DESGASTE,300.599,siderca\60062291,"CSR,GSR,CDT",2025-09-02 20:13:13.3128075 -03:00,1780301,2025-09-02 18:59:27.9500016 -03:00,10,0
1780401,26,26-CAMBIO DE HERRAMIENTAS DEBIDO A DESGASTE,720.1,siderca\12985,"CPT,CA15,GA15,CFC,GFC,CDS,GDS,CDT",2025-09-02 21:44:24.8047498 -03:00,1780348,2025-09-02 20:18:13.9119512 -03:00,11,0
1780427,26,26-CAMBIO DE HERRAMIENTAS DEBIDO A DESGASTE,120.235,siderca\12985,"CA15,GA15",2025-09-02 23:06:55.2581778 -03:00,1780401,2025-09-02 21:56:24.9049422 -03:00,10,0
1780444,26,26-CAMBIO DE HERRAMIENTAS DEBIDO A DESGASTE,791.623,siderca\12985,"CPT,CSR,GSR,CA15,GA15,CFC,GFC,CDS,GDS,CDT",2025-09-03 00:17:54.9288129 -03:00,1780427,2025-09-02 23:08:55.4938991 -03:00,10,0
1780485,26,26-CAMBIO DE HERRAMIENTAS DEBIDO A DESGASTE,234,siderca\12985,CA15,2025-09-03 02:00:23.6010903 -03:00,1780444,2025-09-03 00:31:06.5514913 -03:00,12,2
1780519,26,26-CAMBIO DE HERRAMIENTAS DEBIDO A DESGASTE,720,siderca\12985,"CPT,CA15,GA15,CFC,GFC,CDS,GDS,CDT",2025-09-03 03:23:26.5547749 -03:00,1780485,2025-09-03 02:04:17.6010903 -03:00,11,0
1780547,26,26-CAMBIO DE HERRAMIENTAS DEBIDO A DESGASTE,264.039,siderca\12985,"CSR,GSR,CA15,GA15",2025-09-03 04:46:25.8799209 -03:00,1780519,2025-09-03 03:35:26.5547749 -03:00,11,0
1780607,26,26-CAMBIO DE HERRAMIENTAS DEBIDO A DESGASTE,786.113,siderca\17701,"CPT,CSR,CA15,CFC,CDS,CDT",2025-09-03 06:25:27.5919860 -03:00,1780547,2025-09-03 04:50:49.9186682 -03:00,11,0
1780643,26,26-CAMBIO DE HERRAMIENTAS DEBIDO A DESGASTE,236.021,siderca\17701,CA15,2025-09-03 07:56:09.4710247 -03:00,1780607,2025-09-03 06:38:33.7043209 -03:00,11,0
1780686,26,26-CAMBIO DE HERRAMIENTAS DEBIDO A DESGASTE,838.793,siderca\17701,"CPT,CSR,CA15,CFC,CDS,CDT",2025-09-03 09:58:37.6692848 -03:00,1780643,2025-09-03 08:00:05.4926715 -03:00,10,1
1780743,26,26-CAMBIO DE HERRAMIENTAS DEBIDO A DESGASTE,226.889,siderca\17701,CPT,2025-09-03 11:53:18.6667169 -03:00,1780686,2025-09-03 10:12:36.4620515 -03:00,8,2
1780877,26,26-CAMBIO DE HERRAMIENTAS DEBIDO A DESGASTE,876.196,siderca\60062291,"CPT,GSR,GA15,CFC,GFC,GDS,CDT",2025-09-03 15:57:21.7807697 -03:00,1780743,2025-09-03 11:57:05.5553934 -03:00,9,1
1781021,26,26-CAMBIO DE HERRAMIENTAS DEBIDO A DESGASTE,736,siderca\12985,"CPT,CA15,GA15,CFC,GFC,CDS,GDS,CDT",2025-09-03 20:38:41.2099309 -03:00,1780877,2025-09-03 16:11:57.9769321 -03:00,23,3
1781099,26,26-CAMBIO DE HERRAMIENTAS DEBIDO A DESGASTE,468.824,siderca\12985,"CSR,GSR,CA15,GA15",2025-09-03 22:37:49.5816792 -03:00,1781021,2025-09-03 20:50:57.2099309 -03:00,10,0
1781155,26,26-CAMBIO DE HERRAMIENTAS DEBIDO A DESGASTE,651.681,siderca\12985,"CPT,CA15,GA15,CDS,GDS,CDT",2025-09-04 00:48:10.8488342 -03:00,1781099,2025-09-03 22:45:38.4057882 -03:00,11,0
1781194,26,26-CAMBIO DE HERRAMIENTAS DEBIDO A DESGASTE,204,siderca\12985,"CA15,GA15",2025-09-04 02:10:28.3772472 -03:00,1781155,2025-09-04 00:59:02.5291901 -03:00,10,0
1781244,26,26-CAMBIO DE HERRAMIENTAS DEBIDO A DESGASTE,843.828,siderca\12985,"CPT,CSR,GSR,CA15,GA15,CFC,GFC,CDS,GDS,CDT",2025-09-04 03:44:37.4704810 -03:00,1781194,2025-09-04 02:13:52.3772472 -03:00,12,0
1781310,26,26-CAMBIO DE HERRAMIENTAS DEBIDO A DESGASTE,228.111,siderca\17701,CA15,2025-09-04 05:23:04.9668578 -03:00,1781244,2025-09-04 03:58:41.2981690 -03:00,12,0
1781350,26,26-CAMBIO DE HERRAMIENTAS DEBIDO A DESGASTE,766.516,siderca\17701,"CPT,CA15,CFC,CDS,CDT",2025-09-04 06:35:54.5625749 -03:00,1781310,2025-09-04 05:26:53.0770424 -03:00,11,0
1781401,26,26-CAMBIO DE HERRAMIENTAS DEBIDO A DESGASTE,292,siderca\17701,"CSR,CA15",2025-09-04 08:16:26.1132397 -03:00,1781350,2025-09-04 06:48:41.0787360 -03:00,11,0
1781437,26,26-CAMBIO DE HERRAMIENTAS DEBIDO A DESGASTE,706.009,siderca\17701,"CPT,CA15,CFC,CDS,CDT",2025-09-04 09:32:20.8701674 -03:00,1781401,2025-09-04 08:21:18.1132397 -03:00,11,0
1781476,26,26-CAMBIO DE HERRAMIENTAS DEBIDO A DESGASTE,194,siderca\17701,CA15,2025-09-04 10:56:20.7703920 -03:00,1781437,2025-09-04 09:44:06.8797377 -03:00,10,0
1781512,26,26-CAMBIO DE HERRAMIENTAS DEBIDO A DESGASTE,652.237,siderca\17701,"CPT,CSR,CA15,CFC,CDS,CDT",2025-09-04 12:12:25.2217057 -03:00,1781476,2025-09-04 10:59:34.7703920 -03:00,11,0
1781566,26,26-CAMBIO DE HERRAMIENTAS DEBIDO A DESGASTE,185.193,siderca\60062291,CDT,2025-09-04 13:45:56.8801213 -03:00,1781512,2025-09-04 12:23:17.4586210 -03:00,11,0
1781596,26,26-CAMBIO DE HERRAMIENTAS DEBIDO A DESGASTE,731.771,siderca\60062291,"CPT,CSR,GSR,CA15,GFC,GDS,CDT",2025-09-04 14:50:04.8190023 -03:00,1781566,2025-09-04 13:49:02.0735451 -03:00,8,0
1781629,26,26-CAMBIO DE HERRAMIENTAS DEBIDO A DESGASTE,141.084,siderca\60062291,CDT,2025-09-04 16:11:15.7201717 -03:00,1781596,2025-09-04 15:02:16.5902257 -03:00,11,0
1781658,26,26-CAMBIO DE HERRAMIENTAS DEBIDO A DESGASTE,647.171,siderca\60062291,"CPT,GSR,GA15,CFC,GFC,CDS,CDT",2025-09-04 17:22:35.4624596 -03:00,1781629,2025-09-04 16:13:36.8049638 -03:00,10,0
1781694,26,26-CAMBIO DE HERRAMIENTAS DEBIDO A DESGASTE,165.706,siderca\60062291,CDT,2025-09-04 18:45:03.8278582 -03:00,1781658,2025-09-04 17:33:22.6336044 -03:00,10,1
1781745,26,26-CAMBIO DE HERRAMIENTAS DEBIDO A DESGASTE,606.962,siderca\60062291,"CPT,GSR,GA15,CFC,GFC,CDS,CDT",2025-09-04 20:20:57.5231254 -03:00,1781694,2025-09-04 18:47:49.5333030 -03:00,7,8
1781816,26,26-CAMBIO DE HERRAMIENTAS DEBIDO A DESGASTE,235.93,siderca\12985,"CA15,GA15",2025-09-04 22:17:01.1041423 -03:00,1781745,2025-09-04 20:31:04.4850915 -03:00,11,0
1781852,26,26-CAMBIO DE HERRAMIENTAS DEBIDO A DESGASTE,642.66,siderca\12985,"CPT,CA15,GA15,CFC,CDS,GDS,CDT",2025-09-04 23:29:56.9365582 -03:00,1781816,2025-09-04 22:20:57.0346746 -03:00,11,0
1781899,26,26-CAMBIO DE HERRAMIENTAS DEBIDO A DESGASTE,339.923,siderca\12985,"CSR,GSR,CA15,GA15",2025-09-05 01:01:02.2951795 -03:00,1781852,2025-09-04 23:40:39.5965128 -03:00,12,0
1781956,26,26-CAMBIO DE HERRAMIENTAS DEBIDO A DESGASTE,837,siderca\12985,"CPT,CA15,GA15,CFC,GFC,CDS,GDS,CDT",2025-09-05 02:34:56.5019046 -03:00,1781899,2025-09-05 01:06:42.2184987 -03:00,11,0
1782016,26,26-CAMBIO DE HERRAMIENTAS DEBIDO A DESGASTE,460.597,siderca\12985,"CPT,CA15,GA15",2025-09-05 04:18:20.6293623 -03:00,1781956,2025-09-05 02:48:53.5019046 -03:00,12,0
1782078,26,26-CAMBIO DE HERRAMIENTAS DEBIDO A DESGASTE,791.255,siderca\17701,"CPT,CSR,CA15,CFC,CDS,CDT",2025-09-05 05:34:06.5245404 -03:00,1782016,2025-09-05 04:26:01.2265378 -03:00,8,1
1782137,26,26-CAMBIO DE HERRAMIENTAS DEBIDO A DESGASTE,217,siderca\17701,CA15,2025-09-05 07:17:16.8380721 -03:00,1782078,2025-09-05 05:47:17.7791863 -03:00,12,0
1782189,26,26-CAMBIO DE HERRAMIENTAS DEBIDO A DESGASTE,738.346,siderca\17701,"CPT,CA15,CFC,CDS,CDT",2025-09-05 08:47:20.0386766 -03:00,1782137,2025-09-05 07:20:53.8380721 -03:00,11,0
1782219,26,26-CAMBIO DE HERRAMIENTAS DEBIDO A DESGASTE,257,siderca\17701,CA15,2025-09-05 10:11:00.6716460 -03:00,1782189,2025-09-05 08:59:38.3841071 -03:00,10,0
1782578,26,26-CAMBIO DE HERRAMIENTAS DEBIDO A DESGASTE,309.492,siderca\12985,"CA15,GA15",2025-09-05 21:35:08.9387392 -03:00,1782219,2025-09-05 10:15:17.6716460 -03:00,21,1
1782617,26,26-CAMBIO DE HERRAMIENTAS DEBIDO A DESGASTE,651.744,siderca\12985,"CPT,CA15,GA15,CFC,GFC,CDS,GDS,CDT",2025-09-05 23:11:22.4463002 -03:00,1782578,2025-09-05 21:40:18.4309266 -03:00,13,0
1782651,26,26-CAMBIO DE HERRAMIENTAS DEBIDO A DESGASTE,400.961,siderca\12985,"CSR,GSR,CA15,GA15",2025-09-06 00:37:58.4731899 -03:00,1782617,2025-09-05 23:22:14.1902995 -03:00,10,0
1782681,26,26-CAMBIO DE HERRAMIENTAS DEBIDO A DESGASTE,660.462,siderca\12985,"CPT,CA15,GA15,CDS,GDS,CDT",2025-09-06 01:53:28.2981453 -03:00,1782651,2025-09-06 00:44:39.4344766 -03:00,9,0
1782710,26,26-CAMBIO DE HERRAMIENTAS DEBIDO A DESGASTE,283.627,siderca\12985,"CA15,GA15",2025-09-06 03:16:11.0772179 -03:00,1782681,2025-09-06 02:04:28.7607542 -03:00,10,0
1782716,26,26-CAMBIO DE HERRAMIENTAS DEBIDO A DESGASTE,153.067,siderca\12985,CDT,2025-09-06 03:34:09.5936684 -03:00,1782710,2025-09-06 03:20:54.7049687 -03:00,1,0
1782739,26,26-CAMBIO DE HERRAMIENTAS DEBIDO A DESGASTE,946.587,siderca\12985,"CPT,CSR,GSR,CA15,GA15,CFC,GFC,CDS,GDS,CDT",2025-09-06 04:27:05.1513603 -03:00,1782716,2025-09-06 03:36:42.6609698 -03:00,7,0
1782808,26,26-CAMBIO DE HERRAMIENTAS DEBIDO A DESGASTE,323.247,siderca\17701,CA15,2025-09-06 06:15:01.5427371 -03:00,1782739,2025-09-06 04:42:51.7386409 -03:00,12,0
1784231,26,26-CAMBIO DE HERRAMIENTAS DEBIDO A DESGASTE,891.016,siderca\17701,"CPT,CPA,CSR,CA15,CFC,CDS,CDT",2025-09-09 00:36:55.0798662 -03:00,1782808,2025-09-06 06:20:24.7894507 -03:00,47,9
1784275,26,26-CAMBIO DE HERRAMIENTAS DEBIDO A DESGASTE,616.801,siderca\17701,"CA15,CFC",2025-09-09 02:09:46.9874155 -03:00,1784231,2025-09-09 00:51:46.0957113 -03:00,9,0
1784328,26,26-CAMBIO DE HERRAMIENTAS DEBIDO A DESGASTE,900,siderca\17701,"CPT,CPA,CSR,CA15,CFC,CDS,CDT",2025-09-09 03:07:56.8900105 -03:00,1784275,2025-09-09 02:20:03.7882085 -03:00,2,0
1784359,26,26-CAMBIO DE HERRAMIENTAS DEBIDO A DESGASTE,502.125,siderca\17701,"CPA,CA15,CFC",2025-09-09 04:28:04.7038877 -03:00,1784328,2025-09-09 03:22:56.8900105 -03:00,8,0
1784449,26,26-CAMBIO DE HERRAMIENTAS DEBIDO A DESGASTE,240.557,siderca\60062291,"GA15,CDT",2025-09-09 06:47:03.8221766 -03:00,1784359,2025-09-09 04:36:26.8285039 -03:00,10,0
1784458,26,26-CAMBIO DE HERRAMIENTAS DEBIDO A DESGASTE,1223,siderca\60062291,"CPT,CPA,GSR,GA15,GFC,CDT",2025-09-09 07:35:30.5314095 -03:00,1784449,2025-09-09 06:51:04.3796670 -03:00,8,0
1784571,26,26-CAMBIO DE HERRAMIENTAS DEBIDO A DESGASTE,277.904,siderca\60062291,"GA15,CDT",2025-09-09 11:29:08.3994392 -03:00,1784458,2025-09-09 07:55:53.5314095 -03:00,12,2
1784679,26,26-CAMBIO DE HERRAMIENTAS DEBIDO A DESGASTE,619,siderca\12985,"CA15,GA15,CDT",2025-09-09 14:59:25.1645777 -03:00,1784571,2025-09-09 11:33:46.3037496 -03:00,17,3
1784724,26,26-CAMBIO DE HERRAMIENTAS DEBIDO A DESGASTE,615,siderca\12985,"CA15,GA15,CFC,GFC,CDT",2025-09-09 16:21:57.5811552 -03:00,1784679,2025-09-09 15:09:44.1645777 -03:00,8,0
1784762,26,26-CAMBIO DE HERRAMIENTAS DEBIDO A DESGASTE,714.493,siderca\12985,"CPT,CPA,CSR,GSR,CA15,GA15,CDS,GDS,CDT",2025-09-09 17:37:50.4489621 -03:00,1784724,2025-09-09 16:32:12.5811552 -03:00,5,0
1784917,26,26-CAMBIO DE HERRAMIENTAS DEBIDO A DESGASTE,715,siderca\17701,"CPT,CPA,CSR,CA15,CFC,CDS,CDT",2025-09-09 21:49:43.2596439 -03:00,1784762,2025-09-09 17:49:44.9410124 -03:00,20,3
1784974,26,26-CAMBIO DE HERRAMIENTAS DEBIDO A DESGASTE,401,siderca\17701,"CA15,CFC",2025-09-09 23:25:13.0366290 -03:00,1784917,2025-09-09 22:01:38.2596439 -03:00,11,0
1785012,26,26-CAMBIO DE HERRAMIENTAS DEBIDO A DESGASTE,436.427,siderca\13862,"CPA,GA15",2025-09-10 00:38:27.4863205 -03:00,1784974,2025-09-09 23:31:54.0366290 -03:00,10,0
1785036,26,26-CAMBIO DE HERRAMIENTAS DEBIDO A DESGASTE,398,siderca\13862,"CA15,CFC",2025-09-10 01:35:28.8587952 -03:00,1785012,2025-09-10 00:45:43.9130807 -03:00,9,0
1785071,26,26-CAMBIO DE HERRAMIENTAS DEBIDO A DESGASTE,839,siderca\13862,"CPT,CPA,CSR,CA15,CFC,CDS,CDT",2025-09-10 02:33:59.0368230 -03:00,1785036,2025-09-10 01:42:06.8587952 -03:00,10,0
1785168,26,26-CAMBIO DE HERRAMIENTAS DEBIDO A DESGASTE,539.509,siderca\60062291,"CA15,CDT",2025-09-10 05:10:35.8664145 -03:00,1785071,2025-09-10 02:47:58.0368230 -03:00,11,0
1785202,26,26-CAMBIO DE HERRAMIENTAS DEBIDO A DESGASTE,450,siderca\60062291,"CPA,GA15,CDT",2025-09-10 06:23:46.7089556 -03:00,1785168,2025-09-10 05:19:35.3756075 -03:00,9,0
1785262,26,26-CAMBIO DE HERRAMIENTAS DEBIDO A DESGASTE,410.854,siderca\60062291,"GA15,CDT",2025-09-10 08:48:19.1347133 -03:00,1785202,2025-09-10 06:31:16.7089556 -03:00,11,0
1785406,26,26-CAMBIO DE HERRAMIENTAS DEBIDO A DESGASTE,471,siderca\12985,"CA15,GA15,CDT",2025-09-10 14:54:04.7152023 -03:00,1785262,2025-09-10 08:55:09.9883565 -03:00,15,2
1785415,26,26-CAMBIO DE HERRAMIENTAS DEBIDO A DESGASTE,42.84,siderca\12985,"CA15,GA15,CDT",2025-09-10 15:15:55.7315023 -03:00,1785406,2025-09-10 15:01:55.7152023 -03:00,1,0
1785447,26,26-CAMBIO DE HERRAMIENTAS DEBIDO A DESGASTE,387.078,siderca\12985,"CPA,CA15,GA15",2025-09-10 16:20:24.1596841 -03:00,1785415,2025-09-10 15:16:38.5715029 -03:00,10,0
1785473,26,26-CAMBIO DE HERRAMIENTAS DEBIDO A DESGASTE,481.41,siderca\12985,"CPA,CA15,GA15,CDT",2025-09-10 17:16:33.0613162 -03:00,1785447,2025-09-10 16:26:51.2375980 -03:00,9,0
1785495,26,26-CAMBIO DE HERRAMIENTAS DEBIDO A DESGASTE,487.758,siderca\12985,"CPT,CPA,CA15,GA15,CDT",2025-09-10 18:12:51.1993830 -03:00,1785473,2025-09-10 17:24:34.4719259 -03:00,9,0
1785520,26,26-CAMBIO DE HERRAMIENTAS DEBIDO A DESGASTE,595.253,siderca\12985,"CPT,CPA,CA15,GA15,CDT",2025-09-10 19:10:13.0368491 -03:00,1785495,2025-09-10 18:20:58.9570828 -03:00,10,0
1785571,26,26-CAMBIO DE HERRAMIENTAS DEBIDO A DESGASTE,223.58,siderca\12985,"CPA,CA15,GA15",2025-09-10 20:45:57.2271406 -03:00,1785520,2025-09-10 19:20:08.2892951 -03:00,10,0
1785623,26,26-CAMBIO DE HERRAMIENTAS DEBIDO A DESGASTE,575.658,siderca\17701,"CPT,CA15,CFC",2025-09-10 21:42:44.4046160 -03:00,1785571,2025-09-10 20:49:40.8075966 -03:00,9,0
1785656,26,26-CAMBIO DE HERRAMIENTAS DEBIDO A DESGASTE,244.952,siderca\17701,CA15,2025-09-10 22:50:44.2966226 -03:00,1785623,2025-09-10 21:52:20.0625221 -03:00,10,0
1785681,26,26-CAMBIO DE HERRAMIENTAS DEBIDO A DESGASTE,824.485,siderca\17701,"CPT,CPA,CSR,CA15,CFC,CDS,CDT",2025-09-10 23:43:17.4115416 -03:00,1785656,2025-09-10 22:54:49.2488915 -03:00,9,0
1785720,26,26-CAMBIO DE HERRAMIENTAS DEBIDO A DESGASTE,310.527,siderca\17701,"CA15,CFC",2025-09-11 01:06:34.5804377 -03:00,1785681,2025-09-10 23:57:01.8965280 -03:00,10,1
1785748,26,26-CAMBIO DE HERRAMIENTAS DEBIDO A DESGASTE,398.942,siderca\17701,"CPA,CA15,CFC",2025-09-11 02:02:19.2980720 -03:00,1785720,2025-09-11 01:11:45.1079286 -03:00,9,0
1785776,26,26-CAMBIO DE HERRAMIENTAS DEBIDO A DESGASTE,242.838,siderca\17701,CA15,2025-09-11 03:00:12.8726973 -03:00,1785748,2025-09-11 02:08:58.2406907 -03:00,9,0
1785809,26,26-CAMBIO DE HERRAMIENTAS DEBIDO A DESGASTE,914,siderca\60062291,"CPT,CPA,CSR,CA15,GFC,CDT",2025-09-11 04:06:45.6066786 -03:00,1785776,2025-09-11 03:04:15.7101444 -03:00,10,0
1785885,26,26-CAMBIO DE HERRAMIENTAS DEBIDO A DESGASTE,162,siderca\60062291,CDT,2025-09-11 06:24:29.1645119 -03:00,1785809,2025-09-11 04:21:59.6066786 -03:00,10,0
1785915,26,26-CAMBIO DE HERRAMIENTAS DEBIDO A DESGASTE,439,siderca\60062291,"CPA,CA15,GA15,CDT",2025-09-11 07:30:56.3664425 -03:00,1785885,2025-09-11 06:27:11.1645119 -03:00,10,1
1786023,26,26-CAMBIO DE HERRAMIENTAS DEBIDO A DESGASTE,959.674,siderca\60062291,"CPT,CPA,CSR,GSR,GA15,GFC,CDT",2025-09-11 11:55:24.9981040 -03:00,1785915,2025-09-11 07:38:15.3664425 -03:00,19,0
1786067,26,26-CAMBIO DE HERRAMIENTAS DEBIDO A DESGASTE,440,siderca\12985,"CA15,GA15,CFC,GFC,CDT",2025-09-11 13:02:44.7420465 -03:00,1786023,2025-09-11 12:11:24.6720032 -03:00,9,0
1786112,26,26-CAMBIO DE HERRAMIENTAS DEBIDO A DESGASTE,603.352,siderca\12985,"CPA,CA15,GA15,CDT",2025-09-11 14:24:08.7280223 -03:00,1786067,2025-09-11 13:10:04.7420465 -03:00,11,0
1786170,26,26-CAMBIO DE HERRAMIENTAS DEBIDO A DESGASTE,805.502,siderca\12985,"CPT,CPA,CSR,GSR,CA15,GA15,CFC,GFC,CDT",2025-09-11 16:36:03.5853612 -03:00,1786112,2025-09-11 14:34:12.0803584 -03:00,19,0
1786258,26,26-CAMBIO DE HERRAMIENTAS DEBIDO A DESGASTE,586.476,siderca\12985,"CPA,CA15,GA15,CDT",2025-09-11 19:41:53.4505800 -03:00,1786170,2025-09-11 16:49:29.0876309 -03:00,21,0
1786291,26,26-CAMBIO DE HERRAMIENTAS DEBIDO A DESGASTE,361.63,siderca\12985,"CA15,GA15,CDT",2025-09-11 20:49:22.9075462 -03:00,1786258,2025-09-11 19:51:39.9267151 -03:00,9,0
1786367,26,26-CAMBIO DE HERRAMIENTAS DEBIDO A DESGASTE,900,siderca\17701,"CPT,CPA,CSR,CA15,CFC,CDS,CDT",2025-09-11 21:54:47.0089029 -03:00,1786291,2025-09-11 20:55:24.5371039 -03:00,9,0
1786407,26,26-CAMBIO DE HERRAMIENTAS DEBIDO A DESGASTE,367.447,siderca\17701,"CA15,CFC",2025-09-11 23:15:06.8608708 -03:00,1786367,2025-09-11 22:09:47.0089029 -03:00,11,0
1786435,26,26-CAMBIO DE HERRAMIENTAS DEBIDO A DESGASTE,514.715,siderca\17701,"CPA,CA15,CFC",2025-09-12 00:10:42.7029657 -03:00,1786407,2025-09-11 23:21:14.3079355 -03:00,9,0
1786473,26,26-CAMBIO DE HERRAMIENTAS DEBIDO A DESGASTE,368.456,siderca\17701,"CA15,CFC",2025-09-12 01:16:40.2854515 -03:00,1786435,2025-09-12 00:19:17.4176016 -03:00,10,0
1786501,26,26-CAMBIO DE HERRAMIENTAS DEBIDO A DESGASTE,816.52,siderca\17701,"CPT,CPA,CSR,CA15,CFC,CDS,CDT",2025-09-12 02:12:09.3140489 -03:00,1786473,2025-09-12 01:22:48.7412784 -03:00,10,0
1786536,26,26-CAMBIO DE HERRAMIENTAS DEBIDO A DESGASTE,373,siderca\17701,"CA15,CFC",2025-09-12 03:24:46.9346538 -03:00,1786501,2025-09-12 02:25:45.8343216 -03:00,10,0
1786578,26,26-CAMBIO DE HERRAMIENTAS DEBIDO A DESGASTE,504.571,siderca\17701,"CPA,CA15,CFC",2025-09-12 04:36:04.9302193 -03:00,1786536,2025-09-12 03:30:59.9346538 -03:00,10,1
1786631,26,26-CAMBIO DE HERRAMIENTAS DEBIDO A DESGASTE,253.044,siderca\60062291,"GA15,CDT",2025-09-12 05:57:09.5199052 -03:00,1786578,2025-09-12 04:44:29.5011821 -03:00,10,1
1786660,26,26-CAMBIO DE HERRAMIENTAS DEBIDO A DESGASTE,835.574,siderca\60062291,"CPT,CPA,CSR,GSR,GA15,CFC,CDT",2025-09-12 06:45:48.5527260 -03:00,1786631,2025-09-12 06:01:22.5639090 -03:00,8,0
1786703,26,26-CAMBIO DE HERRAMIENTAS DEBIDO A DESGASTE,120.829,siderca\60062291,"CA15,GA15,CDT",2025-09-12 08:03:31.2815694 -03:00,1786660,2025-09-12 06:59:44.1265026 -03:00,10,0
1786726,26,26-CAMBIO DE HERRAMIENTAS DEBIDO A DESGASTE,482.561,siderca\60062291,"CPA,CA15,GA15,CDT",2025-09-12 08:57:53.6737534 -03:00,1786703,2025-09-12 08:05:32.1103307 -03:00,10,0
1786756,26,26-CAMBIO DE HERRAMIENTAS DEBIDO A DESGASTE,198.991,siderca\60062291,"GA15,CDT",2025-09-12 10:04:09.7663275 -03:00,1786726,2025-09-12 09:05:56.2341564 -03:00,10,0
1786776,26,26-CAMBIO DE HERRAMIENTAS DEBIDO A DESGASTE,722.076,siderca\60062291,"CPT,CPA,CSR,GSR,GA15,GFC,CDT",2025-09-12 10:53:15.5592775 -03:00,1786756,2025-09-12 10:07:28.7575745 -03:00,8,0
1786820,26,26-CAMBIO DE HERRAMIENTAS DEBIDO A DESGASTE,180.518,siderca\60062291,"CA15,GA15,CDT",2025-09-12 12:13:19.9821566 -03:00,1786776,2025-09-12 11:05:17.6352481 -03:00,10,1
1786860,26,26-CAMBIO DE HERRAMIENTAS DEBIDO A DESGASTE,600.392,siderca\12985,"CPA,CA15,GA15,CDT",2025-09-12 13:07:40.5927257 -03:00,1786820,2025-09-12 12:16:20.5005891 -03:00,8,0
1786895,26,26-CAMBIO DE HERRAMIENTAS DEBIDO A DESGASTE,314.893,siderca\12985,"CA15,GA15,CDT",2025-09-12 14:33:24.1231540 -03:00,1786860,2025-09-12 13:17:40.9840362 -03:00,10,0
1786924,26,26-CAMBIO DE HERRAMIENTAS DEBIDO A DESGASTE,763.941,siderca\12985,"CPT,CPA,CSR,GSR,CA15,GA15,CDT",2025-09-12 15:27:59.0337506 -03:00,1786895,2025-09-12 14:38:39.0168046 -03:00,9,0
1786971,26,26-CAMBIO DE HERRAMIENTAS DEBIDO A DESGASTE,333.623,siderca\12985,"CA15,GA15,CDT",2025-09-12 16:56:41.4062787 -03:00,1786924,2025-09-12 15:40:42.9749799 -03:00,13,0
1787004,26,26-CAMBIO DE HERRAMIENTAS DEBIDO A DESGASTE,620.098,siderca\12985,"CPA,CA15,GA15,CFC,GFC,CDT",2025-09-12 17:51:32.3601280 -03:00,1786971,2025-09-12 17:02:15.0290137 -03:00,10,0
1787043,26,26-CAMBIO DE HERRAMIENTAS DEBIDO A DESGASTE,268.392,siderca\12985,"CA15,GA15,CDT",2025-09-12 18:57:06.4664226 -03:00,1787004,2025-09-12 18:01:52.4583920 -03:00,10,0
1787067,26,26-CAMBIO DE HERRAMIENTAS DEBIDO A DESGASTE,759.931,siderca\12985,"CPT,CPA,CSR,GSR,CA15,GA15,CFC,GFC,CDT",2025-09-12 19:50:52.9415820 -03:00,1787043,2025-09-12 19:01:34.8589900 -03:00,9,0
1787104,26,26-CAMBIO DE HERRAMIENTAS DEBIDO A DESGASTE,428.41,siderca\17701,"CA15,CFC",2025-09-12 20:52:51.5901564 -03:00,1787067,2025-09-12 20:03:32.8720880 -03:00,9,0
1787162,26,26-CAMBIO DE HERRAMIENTAS DEBIDO A DESGASTE,501.889,siderca\17701,"CPA,CA15,CFC",2025-09-12 22:04:11.1563856 -03:00,1787104,2025-09-12 21:00:00.0000000 -03:00,10,0
1787197,26,26-CAMBIO DE HERRAMIENTAS DEBIDO A DESGASTE,389,siderca\17701,"CA15,CFC",2025-09-12 23:09:33.7617336 -03:00,1787162,2025-09-12 22:12:33.0458473 -03:00,10,0
1787233,26,26-CAMBIO DE HERRAMIENTAS DEBIDO A DESGASTE,843.569,siderca\17701,"CPT,CPA,CSR,CA15,CFC,CDS,CDT",2025-09-13 00:09:34.0268720 -03:00,1787197,2025-09-12 23:16:02.7617336 -03:00,9,0
1787286,26,26-CAMBIO DE HERRAMIENTAS DEBIDO A DESGASTE,416.112,siderca\17701,"CA15,CFC",2025-09-13 01:27:25.4718916 -03:00,1787233,2025-09-13 00:23:37.5955371 -03:00,11,0
1787328,26,26-CAMBIO DE HERRAMIENTAS DEBIDO A DESGASTE,441.07,siderca\17701,"CPA,CA15,CFC",2025-09-13 02:25:50.5409081 -03:00,1787286,2025-09-13 01:34:21.5838628 -03:00,10,0
1787367,26,26-CAMBIO DE HERRAMIENTAS DEBIDO A DESGASTE,264.44,siderca\17701,"CA15,CFC",2025-09-13 03:25:03.8865751 -03:00,1787328,2025-09-13 02:33:11.6103549 -03:00,10,0
1788393,26,26-CAMBIO DE HERRAMIENTAS DEBIDO A DESGASTE,792.136,siderca\17701,"CPT,CPA,CA15,CFC,CDS,CDT",2025-09-13 04:18:49.5813281 -03:00,1787367,2025-09-13 03:29:28.3262322 -03:00,10,0
1788441,26,26-CAMBIO DE HERRAMIENTAS DEBIDO A DESGASTE,262.96,siderca\60062291,"CA15,CDT",2025-09-13 05:34:49.0424707 -03:00,1788393,2025-09-13 04:32:01.7172748 -03:00,10,0
1788467,26,26-CAMBIO DE HERRAMIENTAS DEBIDO A DESGASTE,345,siderca\60062291,"CPA,GA15,CDT",2025-09-13 06:27:07.9812853 -03:00,1788441,2025-09-13 05:39:12.0026581 -03:00,9,0
1788497,26,26-CAMBIO DE HERRAMIENTAS DEBIDO A DESGASTE,294.504,siderca\60062291,"GA15,CDT",2025-09-13 07:27:25.8415072 -03:00,1788467,2025-09-13 06:32:52.9812853 -03:00,10,0
1788516,26,26-CAMBIO DE HERRAMIENTAS DEBIDO A DESGASTE,743,siderca\60062291,"CPT,CPA,GSR,GA15,GFC,CDT",2025-09-13 08:21:51.3351141 -03:00,1788497,2025-09-13 07:32:20.3454925 -03:00,10,0
1788555,26,26-CAMBIO DE HERRAMIENTAS DEBIDO A DESGASTE,234.361,siderca\60062291,"CA15,CDT",2025-09-13 09:43:15.0821912 -03:00,1788516,2025-09-13 08:34:14.3351141 -03:00,10,1
1788585,26,26-CAMBIO DE HERRAMIENTAS DEBIDO A DESGASTE,364.705,siderca\60062291,"CPA,GA15,CDT",2025-09-13 10:42:29.8640782 -03:00,1788555,2025-09-13 09:47:09.4430672 -03:00,9,1
1788609,26,26-CAMBIO DE HERRAMIENTAS DEBIDO A DESGASTE,268.169,siderca\60062291,"GA15,CDT",2025-09-13 11:41:31.4529560 -03:00,1788585,2025-09-13 10:48:34.5694084 -03:00,9,0
1788634,26,26-CAMBIO DE HERRAMIENTAS DEBIDO A DESGASTE,784.277,siderca\60062291,"CPT,CPA,CSR,GSR,GA15,GFC,CDT",2025-09-13 12:31:42.5265652 -03:00,1788609,2025-09-13 11:45:59.6216432 -03:00,8,0
1788685,26,26-CAMBIO DE HERRAMIENTAS DEBIDO A DESGASTE,416.645,siderca\12985,"CA15,GA15,CDT",2025-09-13 13:53:07.8131176 -03:00,1788634,2025-09-13 12:44:46.8033820 -03:00,10,0
1788726,26,26-CAMBIO DE HERRAMIENTAS DEBIDO A DESGASTE,600,siderca\12985,"CPT,CPA,CA15,GA15,CDT",2025-09-13 15:11:58.4462609 -03:00,1788685,2025-09-13 14:00:04.4580038 -03:00,9,0
1788757,26,26-CAMBIO DE HERRAMIENTAS DEBIDO A DESGASTE,427.081,siderca\12985,"CA15,GA15,CDT",2025-09-13 16:21:03.2459161 -03:00,1788726,2025-09-13 15:21:58.4462609 -03:00,10,0
1788783,26,26-CAMBIO DE HERRAMIENTAS DEBIDO A DESGASTE,803.884,siderca\12985,"CPT,CPA,CSR,GSR,CDT",2025-09-13 17:18:23.8885934 -03:00,1788757,2025-09-13 16:28:10.3264672 -03:00,10,0
1788821,26,26-CAMBIO DE HERRAMIENTAS DEBIDO A DESGASTE,267.73,siderca\12985,"CA15,GA15,CDT",2025-09-13 18:24:38.8152334 -03:00,1788783,2025-09-13 17:31:47.7727423 -03:00,9,0
1788845,26,26-CAMBIO DE HERRAMIENTAS DEBIDO A DESGASTE,633.879,siderca\12985,"CPA,CA15,GA15,CFC,GFC,CDT",2025-09-13 19:18:23.8643442 -03:00,1788821,2025-09-13 18:29:06.5459956 -03:00,9,0
1788872,26,26-CAMBIO DE HERRAMIENTAS DEBIDO A DESGASTE,259.982,siderca\12985,"CA15,GA15,CDT",2025-09-13 20:18:14.3945282 -03:00,1788845,2025-09-13 19:28:57.7430644 -03:00,9,0
1788917,26,26-CAMBIO DE HERRAMIENTAS DEBIDO A DESGASTE,775.517,siderca\17701,"CPT,CPA,CSR,CA15,CFC,CDS,CDT",2025-09-13 21:14:40.9044254 -03:00,1788872,2025-09-13 20:22:34.3762746 -03:00,10,0
1788968,26,26-CAMBIO DE HERRAMIENTAS DEBIDO A DESGASTE,303.497,siderca\17701,"CA15,CFC",2025-09-13 22:31:54.9761042 -03:00,1788917,2025-09-13 21:27:36.4217303 -03:00,10,0
1788999,26,26-CAMBIO DE HERRAMIENTAS DEBIDO A DESGASTE,421,siderca\17701,"CPA,CA15,CFC",2025-09-13 23:26:19.7152709 -03:00,1788968,2025-09-13 22:36:58.4736817 -03:00,9,0
1789063,26,26-CAMBIO DE HERRAMIENTAS DEBIDO A DESGASTE,356.713,siderca\17701,"CA15,CFC",2025-09-14 01:49:10.7122761 -03:00,1788999,2025-09-13 23:33:20.7152709 -03:00,10,0
1789087,26,26-CAMBIO DE HERRAMIENTAS DEBIDO A DESGASTE,720.731,siderca\17701,"CPT,CPA,CSR,CA15,CFC,CDS,CDT",2025-09-14 02:44:27.0727751 -03:00,1789063,2025-09-14 01:55:07.4250869 -03:00,9,0
1790109,26,26-CAMBIO DE HERRAMIENTAS DEBIDO A DESGASTE,320.26,siderca\17701,"CA15,CFC",2025-09-14 03:45:48.1918903 -03:00,1789087,2025-09-14 02:56:27.8033668 -03:00,9,0
1790132,26,26-CAMBIO DE HERRAMIENTAS DEBIDO A DESGASTE,589.955,siderca\17701,"CPA,CA15,CFC",2025-09-14 04:30:36.9132234 -03:00,1790109,2025-09-14 03:51:08.4516820 -03:00,8,0
1790232,26,26-CAMBIO DE HERRAMIENTAS DEBIDO A DESGASTE,448,siderca\12985,"CA15,GA15,CDT",2025-09-15 05:42:20.7410779 -03:00,1790132,2025-09-14 04:40:26.8682881 -03:00,9,0
1790258,26,26-CAMBIO DE HERRAMIENTAS DEBIDO A DESGASTE,986.367,siderca\12985,"CPT,CPA,CSR,GSR,CA15,GA15,CFC,GFC,CDT",2025-09-15 06:47:02.4526053 -03:00,1790232,2025-09-15 05:49:48.7410779 -03:00,10,0
1790313,26,26-CAMBIO DE HERRAMIENTAS DEBIDO A DESGASTE,365.347,siderca\12985,"CA15,GA15,CDT",2025-09-15 08:23:37.8946072 -03:00,1790258,2025-09-15 07:03:28.8197015 -03:00,12,0
1790353,26,26-CAMBIO DE HERRAMIENTAS DEBIDO A DESGASTE,257.27,siderca\12985,"CA15,GA15,CDT",2025-09-15 09:54:01.2701384 -03:00,1790313,2025-09-15 08:29:43.2410548 -03:00,11,1
1790403,26,26-CAMBIO DE HERRAMIENTAS DEBIDO A DESGASTE,480.566,siderca\12985,"CA15,GA15,CDT",2025-09-15 11:09:43.9968545 -03:00,1790353,2025-09-15 09:58:18.5405900 -03:00,10,0
1790427,26,26-CAMBIO DE HERRAMIENTAS DEBIDO A DESGASTE,867,siderca\12985,"CPT,CPA,CSR,GSR,CA15,GA15,CFC,GFC,CDT",2025-09-15 12:15:55.2378813 -03:00,1790403,2025-09-15 11:17:44.5629269 -03:00,9,0
1790485,26,26-CAMBIO DE HERRAMIENTAS DEBIDO A DESGASTE,314,siderca\17701,"CA15,CFC",2025-09-15 13:38:06.2017085 -03:00,1790427,2025-09-15 12:30:22.2378813 -03:00,11,0
1790518,26,26-CAMBIO DE HERRAMIENTAS DEBIDO A DESGASTE,537.157,siderca\17701,"CPA,CA15,CFC",2025-09-15 14:46:12.8220254 -03:00,1790485,2025-09-15 13:43:20.2017085 -03:00,11,0
1790557,26,26-CAMBIO DE HERRAMIENTAS DEBIDO A DESGASTE,726.858,siderca\17701,"CPT,CPA,CSR,CA15,CFC,CDS,CDT",2025-09-15 16:12:46.5924997 -03:00,1790518,2025-09-15 14:55:09.9794143 -03:00,15,0
1790595,26,26-CAMBIO DE HERRAMIENTAS DEBIDO A DESGASTE,381,siderca\17701,"CA15,CFC",2025-09-15 17:37:28.6104184 -03:00,1790557,2025-09-15 16:24:53.4509785 -03:00,14,0
1790633,26,26-CAMBIO DE HERRAMIENTAS DEBIDO A DESGASTE,438.12,siderca\17701,"CPA,CA15,CFC",2025-09-15 19:17:02.6103913 -03:00,1790595,2025-09-15 17:43:49.6104184 -03:00,16,0
1790667,26,26-CAMBIO DE HERRAMIENTAS DEBIDO A DESGASTE,600.558,siderca\17701,"CPT,CPA,CSR,CA15,CFC,CDS,CDT",2025-09-15 20:40:33.0830875 -03:00,1790633,2025-09-15 19:24:20.7300827 -03:00,14,0
1790722,26,26-CAMBIO DE HERRAMIENTAS DEBIDO A DESGASTE,365.685,siderca\60062291,"GA15,CDT",2025-09-15 22:28:15.0959019 -03:00,1790667,2025-09-15 20:50:33.6415449 -03:00,16,0
1790756,26,26-CAMBIO DE HERRAMIENTAS DEBIDO A DESGASTE,320,siderca\60062291,"CPA,CA15,CDT",2025-09-16 00:00:27.2433138 -03:00,1790722,2025-09-15 22:34:20.7804081 -03:00,14,0
1790832,26,26-CAMBIO DE HERRAMIENTAS DEBIDO A DESGASTE,900,siderca\60062291,"CPT,GSR,GA15,GFC,CDT",2025-09-16 02:34:42.0289877 -03:00,1790756,2025-09-16 00:05:47.2433138 -03:00,14,0
1790859,26,26-CAMBIO DE HERRAMIENTAS DEBIDO A DESGASTE,496.337,siderca\60062291,"CPA,GA15,CDT",2025-09-16 04:20:34.8956360 -03:00,1790832,2025-09-16 02:49:42.0289877 -03:00,15,0
1790914,26,26-CAMBIO DE HERRAMIENTAS DEBIDO A DESGASTE,420.171,siderca\12985,"CA15,GA15,CDT",2025-09-16 05:54:39.6702812 -03:00,1790859,2025-09-16 04:28:51.2325600 -03:00,15,0
1790947,26,26-CAMBIO DE HERRAMIENTAS DEBIDO A DESGASTE,660,siderca\12985,"CPT,CPA,CSR,GSR,CA15,CFC,GFC,CDT",2025-09-16 07:18:29.5765498 -03:00,1790914,2025-09-16 06:01:39.8411462 -03:00,15,1
1790977,26,26-CAMBIO DE HERRAMIENTAS DEBIDO A DESGASTE,467,siderca\12985,"CA15,GA15,CDT",2025-09-16 08:47:13.1843799 -03:00,1790947,2025-09-16 07:29:29.5765498 -03:00,15,0
1791009,26,26-CAMBIO DE HERRAMIENTAS DEBIDO A DESGASTE,600.421,siderca\12985,"CPT,CPA,CA15,GA15,CDT",2025-09-16 09:46:03.6026799 -03:00,1790977,2025-09-16 08:55:00.1843799 -03:00,9,0
1791080,26,26-CAMBIO DE HERRAMIENTAS DEBIDO A DESGASTE,404.582,siderca\12985,"CPA,CA15,GA15,CDT",2025-09-16 12:36:11.6317473 -03:00,1791009,2025-09-16 09:56:04.0231289 -03:00,30,0
1791140,26,26-CAMBIO DE HERRAMIENTAS DEBIDO A DESGASTE,534,siderca\17701,"CPA,CA15,CFC",2025-09-16 13:53:39.7580104 -03:00,1791080,2025-09-16 12:42:56.2131206 -03:00,13,0
1791193,26,26-CAMBIO DE HERRAMIENTAS DEBIDO A DESGASTE,676.806,siderca\17701,"CPT,CPA,CSR,CA15,CFC,CDS,CDT",2025-09-16 15:42:30.2079650 -03:00,1791140,2025-09-16 14:02:33.7580104 -03:00,17,0
1791271,26,26-CAMBIO DE HERRAMIENTAS DEBIDO A DESGASTE,404.375,siderca\17701,"CA15,CFC",2025-09-16 18:07:03.9874770 -03:00,1791193,2025-09-16 15:53:47.0137356 -03:00,17,0
1791314,26,26-CAMBIO DE HERRAMIENTAS DEBIDO A DESGASTE,440,siderca\17701,"CPA,CA15,CFC",2025-09-16 19:35:30.0051472 -03:00,1791271,2025-09-16 18:13:48.3628269 -03:00,16,0
1791374,26,26-CAMBIO DE HERRAMIENTAS DEBIDO A DESGASTE,661.271,siderca\60062291,"CPT,GSR,CA15,GA15,GFC,CDT",2025-09-16 21:08:35.8660238 -03:00,1791314,2025-09-16 19:42:50.0051472 -03:00,17,0
1791421,26,26-CAMBIO DE HERRAMIENTAS DEBIDO A DESGASTE,367,siderca\60062291,"CPA,GA15,CDT",2025-09-16 22:42:31.5092139 -03:00,1791374,2025-09-16 21:19:37.1378846 -03:00,15,0
1791465,26,26-CAMBIO DE HERRAMIENTAS DEBIDO A DESGASTE,247,siderca\60062291,"GA15,CDT",2025-09-17 00:11:51.4463092 -03:00,1791421,2025-09-16 22:48:38.5092139 -03:00,16,0
1791490,26,26-CAMBIO DE HERRAMIENTAS DEBIDO A DESGASTE,984.288,siderca\60062291,"CPT,CPA,GSR,GA15,CFC,GFC,CDT",2025-09-17 01:29:32.7762322 -03:00,1791465,2025-09-17 00:15:58.4463092 -03:00,15,0
1791527,26,26-CAMBIO DE HERRAMIENTAS DEBIDO A DESGASTE,255,siderca\60062291,"GA15,CDT",2025-09-17 03:04:12.0391508 -03:00,1791490,2025-09-17 01:45:57.0641406 -03:00,15,0
1791564,26,26-CAMBIO DE HERRAMIENTAS DEBIDO A DESGASTE,369.629,siderca\60062291,"CPA,CA15,GA15,CDT",2025-09-17 04:24:55.4243886 -03:00,1791527,2025-09-17 03:08:27.0391508 -03:00,15,0
1791623,26,26-CAMBIO DE HERRAMIENTAS DEBIDO A DESGASTE,742.772,siderca\12985,"CPA,CSR,GSR,CA15,GA15,CFC,GFC,CDT",2025-09-17 05:53:17.3606838 -03:00,1791564,2025-09-17 04:31:05.0538433 -03:00,14,0
1791664,26,26-CAMBIO DE HERRAMIENTAS DEBIDO A DESGASTE,391,siderca\12985,"CPT,CA15,GA15,CDT",2025-09-17 07:22:06.0038305 -03:00,1791623,2025-09-17 06:05:40.1321875 -03:00,14,0
1791732,26,26-CAMBIO DE HERRAMIENTAS DEBIDO A DESGASTE,352.944,siderca\12985,"CA15,GA15,CDT",2025-09-17 10:06:42.9432709 -03:00,1791664,2025-09-17 07:28:37.0038305 -03:00,29,0
1791773,26,26-CAMBIO DE HERRAMIENTAS DEBIDO A DESGASTE,637.588,siderca\12985,"CPT,CPA,CA15,GA15,CFC,CDT",2025-09-17 11:31:29.4546638 -03:00,1791732,2025-09-17 10:12:35.8879720 -03:00,14,0
1791827,26,26-CAMBIO DE HERRAMIENTAS DEBIDO A DESGASTE,377,siderca\17701,"CA15,CFC",2025-09-17 13:11:03.9573190 -03:00,1791773,2025-09-17 11:42:07.0428926 -03:00,17,0
1791866,26,26-CAMBIO DE HERRAMIENTAS DEBIDO A DESGASTE,553.242,siderca\17701,"CPA,CA15,CFC",2025-09-17 14:48:32.7521269 -03:00,1791827,2025-09-17 13:17:20.9573190 -03:00,17,0
1791901,26,26-CAMBIO DE HERRAMIENTAS DEBIDO A DESGASTE,574.984,siderca\17701,"CPT,CPA,CSR,CA15,CFC,CDS,CDT",2025-09-17 16:12:46.8846014 -03:00,1791866,2025-09-17 14:57:45.9943486 -03:00,15,0
1791949,26,26-CAMBIO DE HERRAMIENTAS DEBIDO A DESGASTE,254.238,siderca\17701,"CA15,CFC",2025-09-17 17:37:31.6335753 -03:00,1791901,2025-09-17 16:22:21.8686255 -03:00,14,0
1791992,26,26-CAMBIO DE HERRAMIENTAS DEBIDO A DESGASTE,461.267,siderca\17701,"CPA,CA15,CFC",2025-09-17 19:04:22.7090911 -03:00,1791949,2025-09-17 17:41:45.8710092 -03:00,17,0
1792069,26,26-CAMBIO DE HERRAMIENTAS DEBIDO A DESGASTE,670.775,siderca\17701,"CPT,CPA,GSR,GA15,GFC,CDT",2025-09-17 21:06:20.1624989 -03:00,1791992,2025-09-17 19:12:03.9767122 -03:00,18,1
1792118,26,26-CAMBIO DE HERRAMIENTAS DEBIDO A DESGASTE,293.418,siderca\60062291,"GA15,CDT",2025-09-17 22:43:17.9853967 -03:00,1792069,2025-09-17 21:17:30.9371757 -03:00,16,0
1792152,26,26-CAMBIO DE HERRAMIENTAS DEBIDO A DESGASTE,382.305,siderca\60062291,"CPA,GA15,CDT",2025-09-17 23:53:18.2295426 -03:00,1792118,2025-09-17 22:48:11.4033351 -03:00,13,0
1792191,26,26-CAMBIO DE HERRAMIENTAS DEBIDO A DESGASTE,627.484,siderca\60062291,"CPT,GSR,CA15,CFC,GFC,CDT",2025-09-18 01:12:46.8180803 -03:00,1792152,2025-09-17 23:59:40.5343967 -03:00,15,0
1792234,26,26-CAMBIO DE HERRAMIENTAS DEBIDO A DESGASTE,363,siderca\60062291,"CPA,GA15,CDT",2025-09-18 02:33:01.4467901 -03:00,1792191,2025-09-18 01:23:14.3026481 -03:00,13,0
1792283,26,26-CAMBIO DE HERRAMIENTAS DEBIDO A DESGASTE,988.414,siderca\60062291,"CPT,CPA,CSR,GSR,CA15,GFC,CDT",2025-09-18 04:30:27.8039245 -03:00,1792234,2025-09-18 02:39:04.4467901 -03:00,15,0
1792334,26,26-CAMBIO DE HERRAMIENTAS DEBIDO A DESGASTE,263.046,siderca\12985,"CA15,GA15",2025-09-18 05:51:05.6462794 -03:00,1792283,2025-09-18 04:46:56.2177826 -03:00,11,0
1792344,26,26-CAMBIO DE HERRAMIENTAS DEBIDO A DESGASTE,246,siderca\12985,CDT,2025-09-18 06:19:54.3549283 -03:00,1792334,2025-09-18 05:55:28.6927274 -03:00,5,0
1792363,26,26-CAMBIO DE HERRAMIENTAS DEBIDO A DESGASTE,123,siderca\12985,"CA15,GA15",2025-09-18 06:57:15.3991440 -03:00,1792344,2025-09-18 06:24:00.3549283 -03:00,5,0
1792385,26,26-CAMBIO DE HERRAMIENTAS DEBIDO A DESGASTE,669.932,siderca\12985,"CPA,CSR,GSR,CA15,GA15,CDT",2025-09-18 07:49:01.5075131 -03:00,1792363,2025-09-18 06:59:18.3991440 -03:00,10,0
1792428,26,26-CAMBIO DE HERRAMIENTAS DEBIDO A DESGASTE,371.755,siderca\12985,"CPT,CFC,GFC,CDT",2025-09-18 09:31:54.2604121 -03:00,1792385,2025-09-18 08:00:11.4392295 -03:00,14,0
1792445,26,26-CAMBIO DE HERRAMIENTAS DEBIDO A DESGASTE,182,siderca\12985,"CA15,GA15",2025-09-18 10:04:04.5632219 -03:00,1792428,2025-09-18 09:38:06.0157002 -03:00,5,0
1792468,26,26-CAMBIO DE HERRAMIENTAS DEBIDO A DESGASTE,620.23,siderca\12985,"CPA,CA15,GA15,CDT",2025-09-18 10:57:46.8498072 -03:00,1792445,2025-09-18 10:07:06.5632219 -03:00,10,0
1792501,26,26-CAMBIO DE HERRAMIENTAS DEBIDO A DESGASTE,465.461,siderca\12985,"CSR,GSR,CA15,GA15,CDT",2025-09-18 12:22:29.8110398 -03:00,1792468,2025-09-18 11:08:07.0796459 -03:00,11,2
1792548,26,26-CAMBIO DE HERRAMIENTAS DEBIDO A DESGASTE,244.025,siderca\17701,CA15,2025-09-18 13:25:49.7523810 -03:00,1792501,2025-09-18 12:30:15.2720606 -03:00,10,0
1792560,26,26-CAMBIO DE HERRAMIENTAS DEBIDO A DESGASTE,263.325,siderca\17701,CFC,2025-09-18 13:54:27.7716059 -03:00,1792548,2025-09-18 13:29:53.7772327 -03:00,5,0
1792570,26,26-CAMBIO DE HERRAMIENTAS DEBIDO A DESGASTE,600,siderca\17701,"CPT,CPA,CSR,CFC,CDT",2025-09-18 14:23:15.8208583 -03:00,1792560,2025-09-18 13:58:51.0962035 -03:00,5,0
1792602,26,26-CAMBIO DE HERRAMIENTAS DEBIDO A DESGASTE,360.11,siderca\17701,"CA15,CFC",2025-09-18 15:29:12.8589829 -03:00,1792570,2025-09-18 14:33:15.8208583 -03:00,10,0
1792649,26,26-CAMBIO DE HERRAMIENTAS DEBIDO A DESGASTE,367.462,siderca\17701,"CPA,CA15,CFC",2025-09-18 17:27:56.5207979 -03:00,1792602,2025-09-18 15:35:12.9683832 -03:00,14,0
1792683,26,26-CAMBIO DE HERRAMIENTAS DEBIDO A DESGASTE,570.62,siderca\17701,"CPT,CSR,CA15,CFC,CDT",2025-09-18 18:49:47.1714545 -03:00,1792649,2025-09-18 17:34:03.9821327 -03:00,15,0
1792723,26,26-CAMBIO DE HERRAMIENTAS DEBIDO A DESGASTE,443.256,siderca\17701,"CPA,CA15,CFC",2025-09-18 20:12:12.4107599 -03:00,1792683,2025-09-18 18:59:17.7910371 -03:00,14,0
1792781,26,26-CAMBIO DE HERRAMIENTAS DEBIDO A DESGASTE,386,siderca\60062291,"GA15,CDT",2025-09-18 21:37:08.6151605 -03:00,1792723,2025-09-18 20:19:35.6661293 -03:00,15,2
1792832,26,26-CAMBIO DE HERRAMIENTAS DEBIDO A DESGASTE,793,siderca\60062291,"CPT,CPA,GSR,GA15,GFC,CDT",2025-09-18 23:36:53.7077661 -03:00,1792781,2025-09-18 21:43:34.6151605 -03:00,15,1
1792886,26,26-CAMBIO DE HERRAMIENTAS DEBIDO A DESGASTE,480.898,siderca\60062291,"CPA,CA15,CDT",2025-09-19 01:28:43.0271817 -03:00,1792832,2025-09-18 23:50:06.7077661 -03:00,16,0
1792904,26,26-CAMBIO DE HERRAMIENTAS DEBIDO A DESGASTE,455,siderca\60062291,"CPA,GA15,CDT",2025-09-19 02:20:34.1693348 -03:00,1792886,2025-09-19 01:36:43.9253056 -03:00,8,0
1792944,26,26-CAMBIO DE HERRAMIENTAS DEBIDO A DESGASTE,240.014,siderca\60062291,"GA15,CDT",2025-09-19 03:33:00.7738769 -03:00,1792904,2025-09-19 02:28:09.1693348 -03:00,10,0
1792960,26,26-CAMBIO DE HERRAMIENTAS DEBIDO A DESGASTE,791.374,siderca\60062291,"CPT,CPA,GSR,GA15,GFC,CDT",2025-09-19 04:31:13.8816591 -03:00,1792944,2025-09-19 03:37:00.7875068 -03:00,10,0
1793003,26,26-CAMBIO DE HERRAMIENTAS DEBIDO A DESGASTE,401.757,siderca\12985,"CA15,GA15,CDT",2025-09-19 05:51:33.3690062 -03:00,1792960,2025-09-19 04:44:25.2552991 -03:00,11,0
1793035,26,26-CAMBIO DE HERRAMIENTAS DEBIDO A DESGASTE,480.847,siderca\12985,"CA15,GA15,CDT",2025-09-19 06:50:08.6085047 -03:00,1793003,2025-09-19 05:58:15.1261384 -03:00,9,0
1793048,26,26-CAMBIO DE HERRAMIENTAS DEBIDO A DESGASTE,567.125,siderca\12985,"CPA,CA15,GA15,CDT",2025-09-19 07:57:25.8850239 -03:00,1793035,2025-09-19 06:58:09.4555918 -03:00,11,0
1793074,26,26-CAMBIO DE HERRAMIENTAS DEBIDO A DESGASTE,1017.904,siderca\12985,"CPT,GSR,GFC,CDT",2025-09-19 09:00:56.4488329 -03:00,1793048,2025-09-19 08:06:53.0105915 -03:00,9,0
1793104,26,26-CAMBIO DE HERRAMIENTAS DEBIDO A DESGASTE,438.709,siderca\12985,"CA15,GA15,CDT",2025-09-19 10:15:09.9577090 -03:00,1793074,2025-09-19 09:17:54.3521017 -03:00,10,0
1793123,26,26-CAMBIO DE HERRAMIENTAS DEBIDO A DESGASTE,661.055,siderca\12985,"CPA,CA15,GA15,CDT",2025-09-19 11:16:12.8543051 -03:00,1793104,2025-09-19 10:22:28.6668908 -03:00,10,0
1793157,26,26-CAMBIO DE HERRAMIENTAS DEBIDO A DESGASTE,527.175,siderca\12985,"CA15,GA15,CFC,GFC,CDT",2025-09-19 12:28:11.2687280 -03:00,1793123,2025-09-19 11:27:13.9091097 -03:00,11,0
1793205,26,26-CAMBIO DE HERRAMIENTAS DEBIDO A DESGASTE,573.764,siderca\17701,"CPT,CSR,CA15,CFC",2025-09-19 13:35:03.4891302 -03:00,1793157,2025-09-19 12:36:58.4436044 -03:00,10,0
1793249,26,26-CAMBIO DE HERRAMIENTAS DEBIDO A DESGASTE,625,siderca\17701,"CPT,CPA,CSR,CA15,CFC,CDT",2025-09-19 14:52:59.0200019 -03:00,1793205,2025-09-19 13:44:37.2532775 -03:00,9,0
1793313,26,26-CAMBIO DE HERRAMIENTAS DEBIDO A DESGASTE,324.578,siderca\17701,"CA15,CFC",2025-09-19 17:05:25.5751090 -03:00,1793249,2025-09-19 15:03:24.0200019 -03:00,15,0
1793353,26,26-CAMBIO DE HERRAMIENTAS DEBIDO A DESGASTE,467.674,siderca\17701,"CPA,CA15,CFC",2025-09-19 18:50:53.2358914 -03:00,1793313,2025-09-19 17:10:50.1535535 -03:00,15,0
1793394,26,26-CAMBIO DE HERRAMIENTAS DEBIDO A DESGASTE,554.136,siderca\17701,"CPT,CSR,CA15,CFC,CDT",2025-09-19 20:43:39.4116770 -03:00,1793353,2025-09-19 18:58:40.9093859 -03:00,14,0
1793466,26,26-CAMBIO DE HERRAMIENTAS DEBIDO A DESGASTE,240.993,siderca\60062291,"CPA,GA15,CDT",2025-09-19 22:20:04.8426159 -03:00,1793394,2025-09-19 20:52:53.5471964 -03:00,12,1
1793478,26,26-CAMBIO DE HERRAMIENTAS DEBIDO A DESGASTE,419.536,siderca\60062291,"GA15,CDT",2025-09-19 23:43:06.3989276 -03:00,1793466,2025-09-19 22:24:05.8353811 -03:00,14,0
1793502,26,26-CAMBIO DE HERRAMIENTAS DEBIDO A DESGASTE,579.561,siderca\60062291,"CPT,CPA,GSR,CA15,GFC,CDT",2025-09-20 00:50:24.6735494 -03:00,1793478,2025-09-19 23:50:05.9340436 -03:00,10,0
1793584,26,26-CAMBIO DE HERRAMIENTAS DEBIDO A DESGASTE,509.722,siderca\60062291,"GA15,CDT",2025-09-20 03:48:12.7900964 -03:00,1793502,2025-09-20 01:00:04.2340404 -03:00,17,1
1793624,26,26-CAMBIO DE HERRAMIENTAS DEBIDO A DESGASTE,710,siderca\12985,"CPA,CA15,GA15,CFC,GFC,CDT",2025-09-20 05:01:08.6523720 -03:00,1793584,2025-09-20 03:56:42.5121752 -03:00,9,0
1793681,26,26-CAMBIO DE HERRAMIENTAS DEBIDO A DESGASTE,660.329,siderca\12985,"CPT,CSR,GSR,CA15,GA15,CDT",2025-09-20 06:39:47.8344448 -03:00,1793624,2025-09-20 05:12:58.6523720 -03:00,15,0
1793741,26,26-CAMBIO DE HERRAMIENTAS DEBIDO A DESGASTE,660.753,siderca\12985,"CPA,CA15,GA15,CFC,GFC,CDT",2025-09-20 08:55:38.1961286 -03:00,1793681,2025-09-20 06:50:48.1636423 -03:00,17,0
1793768,26,26-CAMBIO DE HERRAMIENTAS DEBIDO A DESGASTE,411.868,siderca\12985,"CA15,GA15,CDT",2025-09-20 10:28:37.2564643 -03:00,1793741,2025-09-20 09:06:38.9493099 -03:00,15,2
1793807,26,26-CAMBIO DE HERRAMIENTAS DEBIDO A DESGASTE,669.87,siderca\12985,"CPT,CPA,CSR,GSR,CA15,GA15,CDT",2025-09-20 11:54:22.1421994 -03:00,1793768,2025-09-20 10:35:29.1242201 -03:00,14,0
1793879,26,26-CAMBIO DE HERRAMIENTAS DEBIDO A DESGASTE,683.067,siderca\17701,"CPT,CPA,CSR,CA15,CFC,CDT",2025-09-20 14:07:58.4549614 -03:00,1793807,2025-09-20 12:05:32.0122601 -03:00,17,0
1793925,26,26-CAMBIO DE HERRAMIENTAS DEBIDO A DESGASTE,363.754,siderca\17701,"CA15,CFC",2025-09-20 16:03:12.4772610 -03:00,1793879,2025-09-20 14:19:21.5219700 -03:00,12,2
1793954,26,26-CAMBIO DE HERRAMIENTAS DEBIDO A DESGASTE,505.826,siderca\17701,"CPA,CA15,CFC",2025-09-20 17:21:57.7067115 -03:00,1793925,2025-09-20 16:09:16.2316845 -03:00,13,0
1793995,26,26-CAMBIO DE HERRAMIENTAS DEBIDO A DESGASTE,616,siderca\17701,"CPT,CSR,CA15,CFC,CDT",2025-09-20 18:48:11.0468454 -03:00,1793954,2025-09-20 17:30:23.5324148 -03:00,15,0
1794036,26,26-CAMBIO DE HERRAMIENTAS DEBIDO A DESGASTE,475.62,siderca\17701,"CPA,CA15,CFC",2025-09-20 20:33:23.0210191 -03:00,1793995,2025-09-20 18:58:27.0468454 -03:00,15,0
1794106,26,26-CAMBIO DE HERRAMIENTAS DEBIDO A DESGASTE,180.171,siderca\60062291,"GA15,CDT",2025-09-20 22:38:52.4274081 -03:00,1794036,2025-09-20 20:41:18.6415328 -03:00,14,1
1794144,26,26-CAMBIO DE HERRAMIENTAS DEBIDO A DESGASTE,909.352,siderca\60062291,"CPT,CPA,GSR,GA15,CFC,GFC,CDT",2025-09-21 00:30:52.5741560 -03:00,1794106,2025-09-20 22:41:52.5985465 -03:00,13,1
1794190,26,26-CAMBIO DE HERRAMIENTAS DEBIDO A DESGASTE,407,siderca\60062291,"GA15,CDT",2025-09-21 02:24:50.9221966 -03:00,1794144,2025-09-21 00:46:01.9260783 -03:00,15,1
1794215,26,26-CAMBIO DE HERRAMIENTAS DEBIDO A DESGASTE,354,siderca\60062291,"GA15,CDT",2025-09-21 03:28:34.1444230 -03:00,1794190,2025-09-21 02:31:37.9221966 -03:00,9,0
1794348,26,26-CAMBIO DE HERRAMIENTAS DEBIDO A DESGASTE,720,siderca\17701,"CPT,CPA,CSR,CA15,CFC,CDT",2025-09-22 05:12:32.0000000 -03:00,1794215,2025-09-21 03:34:28.1444230 -03:00,9,1
1794392,26,26-CAMBIO DE HERRAMIENTAS DEBIDO A DESGASTE,350.551,siderca\17701,"CA15,CFC",2025-09-22 07:05:46.3871499 -03:00,1794348,2025-09-22 05:24:32.0000000 -03:00,15,0
1794431,26,26-CAMBIO DE HERRAMIENTAS DEBIDO A DESGASTE,506.797,siderca\17701,"CPT,GSR,GA15,GFC",2025-09-22 08:40:11.2904236 -03:00,1794392,2025-09-22 07:11:36.9381727 -03:00,14,1
1794482,26,26-CAMBIO DE HERRAMIENTAS DEBIDO A DESGASTE,658.129,siderca\17701,"CPT,CSR,CA15,CFC,CDT",2025-09-22 10:07:35.9014535 -03:00,1794431,2025-09-22 08:48:38.0875973 -03:00,11,1
1794541,26,26-CAMBIO DE HERRAMIENTAS DEBIDO A DESGASTE,530,siderca\17701,"CPA,CA15,CFC",2025-09-22 11:59:21.3938344 -03:00,1794482,2025-09-22 10:18:34.0304644 -03:00,14,0
1794635,26,26-CAMBIO DE HERRAMIENTAS DEBIDO A DESGASTE,566.174,siderca\60062291,"GA15,CDT",2025-09-22 14:53:21.0367291 -03:00,1794541,2025-09-22 12:08:11.3938344 -03:00,17,1
1794671,26,26-CAMBIO DE HERRAMIENTAS DEBIDO A DESGASTE,659.946,siderca\60062291,"CPT,CPA,GSR,GA15,GFC",2025-09-22 16:22:57.5620327 -03:00,1794635,2025-09-22 15:02:47.2101046 -03:00,12,0
1794715,26,26-CAMBIO DE HERRAMIENTAS DEBIDO A DESGASTE,299,siderca\60062291,"GA15,CDT",2025-09-22 17:59:35.9567681 -03:00,1794671,2025-09-22 16:33:57.5081458 -03:00,14,0
1794755,26,26-CAMBIO DE HERRAMIENTAS DEBIDO A DESGASTE,812.169,siderca\60062291,"CPT,CPA,GSR,GA15,GFC,CDT",2025-09-22 19:45:14.7808914 -03:00,1794715,2025-09-22 18:04:34.9567681 -03:00,16,1
1794777,26,26-CAMBIO DE HERRAMIENTAS DEBIDO A DESGASTE,309.77,siderca\12985,CPT,2025-09-22 20:28:22.4553222 -03:00,1794755,2025-09-22 19:58:46.9495383 -03:00,4,0
1794825,26,26-CAMBIO DE HERRAMIENTAS DEBIDO A DESGASTE,380.867,siderca\12985,"CA15,GA15,CDT",2025-09-22 21:38:59.9271544 -03:00,1794777,2025-09-22 20:33:32.2256906 -03:00,11,0
1794853,26,26-CAMBIO DE HERRAMIENTAS DEBIDO A DESGASTE,574.578,siderca\12985,"CPA,CA15,GA15,CDT",2025-09-22 23:00:36.4801141 -03:00,1794825,2025-09-22 21:45:20.7942806 -03:00,13,0
1794892,26,26-CAMBIO DE HERRAMIENTAS DEBIDO A DESGASTE,726,siderca\12985,"CPT,CSR,GSR,CA15,GA15,CFC,GFC,CDT",2025-09-23 00:28:35.9429412 -03:00,1794853,2025-09-22 23:10:11.0588550 -03:00,15,0
1795293,26,26-CAMBIO DE HERRAMIENTAS DEBIDO A DESGASTE,345.897,siderca\60062291,"CA15,GA15",2025-09-23 13:02:49.5832484 -03:00,1794892,2025-09-23 00:40:41.9429412 -03:00,20,1
1795332,26,26-CAMBIO DE HERRAMIENTAS DEBIDO A DESGASTE,724.403,siderca\60062291,"CPT,GSR,GA15,GA12,GFC,GDS,CDT",2025-09-23 14:17:44.0516976 -03:00,1795293,2025-09-23 13:08:35.4802843 -03:00,9,0
1795405,26,26-CAMBIO DE HERRAMIENTAS DEBIDO A DESGASTE,322.005,siderca\60062291,GA15,2025-09-23 16:42:53.4492000 -03:00,1795332,2025-09-23 14:29:48.4548760 -03:00,10,0
1795445,26,26-CAMBIO DE HERRAMIENTAS DEBIDO A DESGASTE,645.519,siderca\60062291,"CPT,GA15,CDS,CDT",2025-09-23 18:07:35.6780081 -03:00,1795405,2025-09-23 16:48:15.4543937 -03:00,10,0
1795487,26,26-CAMBIO DE HERRAMIENTAS DEBIDO A DESGASTE,404.64,siderca\60062291,"GSR,GFC,CDT",2025-09-23 19:33:32.5605491 -03:00,1795445,2025-09-23 18:18:21.1973531 -03:00,10,0
1795538,26,26-CAMBIO DE HERRAMIENTAS DEBIDO A DESGASTE,678.056,siderca\12985,"CPT,CA15,GA15,CFC,GFC,CDS,GDS,CDT",2025-09-23 21:05:14.7507759 -03:00,1795487,2025-09-23 19:40:17.2002193 -03:00,9,0
1795547,26,26-CAMBIO DE HERRAMIENTAS DEBIDO A DESGASTE,0.109,siderca\12985,"CPT,CA15,GA15,CFC,GFC,CDS,GDS,CDT",2025-09-23 21:16:32.8062138 -03:00,1795538,2025-09-23 21:16:32.8062138 -03:00,0,0
1795584,26,26-CAMBIO DE HERRAMIENTAS DEBIDO A DESGASTE,312.728,siderca\12985,"CA15,GA15",2025-09-23 22:53:56.3354237 -03:00,1795547,2025-09-23 21:16:32.9155745 -03:00,12,0
1795619,26,26-CAMBIO DE HERRAMIENTAS DEBIDO A DESGASTE,858.837,siderca\12985,"CPT,CSR,GSR,CA15,GA15,CFC,GFC,CDS,GDS,CDT",2025-09-24 00:11:06.8874109 -03:00,1795584,2025-09-23 22:59:09.0632267 -03:00,10,2
1795675,26,26-CAMBIO DE HERRAMIENTAS DEBIDO A DESGASTE,480.539,siderca\12985,"CPT,CA15,GA15,CDT",2025-09-24 01:54:03.1715500 -03:00,1795619,2025-09-24 00:25:25.7246418 -03:00,10,0
1795721,26,26-CAMBIO DE HERRAMIENTAS DEBIDO A DESGASTE,600.431,siderca\12985,"CPT,CA15,GA15,CFC,GFC,CDS,GDS,CDT",2025-09-24 03:23:24.5543756 -03:00,1795675,2025-09-24 02:02:03.7106472 -03:00,9,1
1795724,26,26-CAMBIO DE HERRAMIENTAS DEBIDO A DESGASTE,435.613,siderca\12985,CPT,2025-09-24 03:47:13.9093206 -03:00,1795721,2025-09-24 03:33:24.9850489 -03:00,1,1
1795791,26,26-CAMBIO DE HERRAMIENTAS DEBIDO A DESGASTE,796.05,siderca\17701,"CPT,CSR,CA15,CFC,CDS,CDT",2025-09-24 05:31:11.9694124 -03:00,1795724,2025-09-24 03:54:29.5227758 -03:00,11,0
1795823,26,26-CAMBIO DE HERRAMIENTAS DEBIDO A DESGASTE,442.549,siderca\17701,CA15,2025-09-24 07:03:13.9466699 -03:00,1795791,2025-09-24 05:44:28.0197423 -03:00,10,0
1795863,26,26-CAMBIO DE HERRAMIENTAS DEBIDO A DESGASTE,540.236,siderca\17701,"CPT,CA15,CDS,CDT",2025-09-24 08:29:03.3014118 -03:00,1795823,2025-09-24 07:10:36.4952184 -03:00,10,0
1795889,26,26-CAMBIO DE HERRAMIENTAS DEBIDO A DESGASTE,514,siderca\17701,"CPA,CSR,CFC",2025-09-24 09:43:17.4669870 -03:00,1795863,2025-09-24 08:38:03.5375031 -03:00,8,0
1795923,26,26-CAMBIO DE HERRAMIENTAS DEBIDO A DESGASTE,654.025,siderca\17701,"CPT,CA15,CDS,CDT",2025-09-24 11:05:51.6023093 -03:00,1795889,2025-09-24 09:51:51.4669870 -03:00,10,0
1795958,26,26-CAMBIO DE HERRAMIENTAS DEBIDO A DESGASTE,297.118,siderca\17701,CA15,2025-09-24 12:30:41.6345678 -03:00,1795923,2025-09-24 11:16:45.6271292 -03:00,9,0
1796006,26,26-CAMBIO DE HERRAMIENTAS DEBIDO A DESGASTE,765.885,siderca\60062291,"CPT,GSR,CA15,GA15,CFC,GFC,CDS,GDS,CDT",2025-09-24 13:38:21.8785227 -03:00,1795958,2025-09-24 12:35:38.7526677 -03:00,7,1
1796051,26,26-CAMBIO DE HERRAMIENTAS DEBIDO A DESGASTE,177.329,siderca\60062291,CDT,2025-09-24 14:59:06.4650495 -03:00,1796006,2025-09-24 13:51:07.7637334 -03:00,10,0
1796079,26,26-CAMBIO DE HERRAMIENTAS DEBIDO A DESGASTE,519.449,siderca\60062291,"CPT,GA15,CDS,GDS,CDT",2025-09-24 16:10:10.7173273 -03:00,1796051,2025-09-24 15:02:03.7943335 -03:00,9,0
1796131,26,26-CAMBIO DE HERRAMIENTAS DEBIDO A DESGASTE,449.382,siderca\60062291,"GSR,GFC,CDT",2025-09-24 17:41:15.6015925 -03:00,1796079,2025-09-24 16:18:50.1664832 -03:00,10,1
1796169,26,26-CAMBIO DE HERRAMIENTAS DEBIDO A DESGASTE,630.384,siderca\60062291,"CPT,GA15,GDS,CDT",2025-09-24 18:57:38.6571415 -03:00,1796131,2025-09-24 17:48:44.9838078 -03:00,9,0
1796216,26,26-CAMBIO DE HERRAMIENTAS DEBIDO A DESGASTE,209,siderca\60062291,CDT,2025-09-24 20:19:41.8910356 -03:00,1796169,2025-09-24 19:08:09.0418224 -03:00,10,0
1796264,26,26-CAMBIO DE HERRAMIENTAS DEBIDO A DESGASTE,678.442,siderca\12985,"CPT,CA15,GA15,CFC,GFC,CDS,GDS,CDT",2025-09-24 21:34:49.4584796 -03:00,1796216,2025-09-24 20:23:10.8910356 -03:00,10,0
1796298,26,26-CAMBIO DE HERRAMIENTAS DEBIDO A DESGASTE,250.04,siderca\12985,"CSR,GSR,CA15,GA15",2025-09-24 22:54:08.5861396 -03:00,1796264,2025-09-24 21:46:07.9001486 -03:00,10,0
1796334,26,26-CAMBIO DE HERRAMIENTAS DEBIDO A DESGASTE,685.687,siderca\12985,"CPT,CA15,GA15,CFC,GFC,CDS,GDS,CDT",2025-09-25 00:18:29.8352891 -03:00,1796298,2025-09-24 22:58:18.6264322 -03:00,11,0
1796373,26,26-CAMBIO DE HERRAMIENTAS DEBIDO A DESGASTE,228.425,siderca\12985,"CA15,GA15",2025-09-25 01:37:56.7390863 -03:00,1796334,2025-09-25 00:29:55.5226730 -03:00,10,0
1796429,26,26-CAMBIO DE HERRAMIENTAS DEBIDO A DESGASTE,600.781,siderca\12985,"CPT,CSR,GSR,CA15,GA15,CDS,GDS,CDT",2025-09-25 03:10:42.5157064 -03:00,1796373,2025-09-25 01:41:45.1646569 -03:00,10,0
1796457,26,26-CAMBIO DE HERRAMIENTAS DEBIDO A DESGASTE,264.38,siderca\12985,"CA15,GA15",2025-09-25 04:28:43.7401043 -03:00,1796429,2025-09-25 03:20:43.2963282 -03:00,10,0
1796516,26,26-CAMBIO DE HERRAMIENTAS DEBIDO A DESGASTE,587.813,siderca\17701,"CPT,CA15,CFC,CDS,CDT",2025-09-25 05:49:52.3769134 -03:00,1796457,2025-09-25 04:33:08.1204467 -03:00,9,0
1796563,26,26-CAMBIO DE HERRAMIENTAS DEBIDO A DESGASTE,397.957,siderca\17701,"CSR,CA15,CFC",2025-09-25 07:08:54.4185535 -03:00,1796516,2025-09-25 05:59:40.1895641 -03:00,9,0
1796611,26,26-CAMBIO DE HERRAMIENTAS DEBIDO A DESGASTE,480,siderca\17701,"CPT,CA15,CDS",2025-09-25 08:25:39.9561865 -03:00,1796563,2025-09-25 07:15:32.3750497 -03:00,10,0
1796667,26,26-CAMBIO DE HERRAMIENTAS DEBIDO A DESGASTE,325.281,siderca\17701,CA15,2025-09-25 10:06:49.7843780 -03:00,1796611,2025-09-25 08:33:39.9561865 -03:00,10,0
1796713,26,26-CAMBIO DE HERRAMIENTAS DEBIDO A DESGASTE,806.487,siderca\17701,"CPT,CPA,CSR,CA15,GFC,CDS,CDT",2025-09-25 11:20:16.0225363 -03:00,1796667,2025-09-25 10:12:15.0651061 -03:00,9,0
1797050,26,26-CAMBIO DE HERRAMIENTAS DEBIDO A DESGASTE,743,siderca\12985,"CSR,GSR,CA15,GA15,CFC,GFC,CDS,GDS,CDT",2025-09-25 21:04:13.3861873 -03:00,1796713,2025-09-25 11:33:42.5093799 -03:00,19,1
1797249,26,26-CAMBIO DE HERRAMIENTAS DEBIDO A DESGASTE,79.007,siderca\12985,"CPT,CA15,GA15,CFC,GFC,CDS,GDS,CDT",2025-09-26 03:57:09.6483960 -03:00,1797050,2025-09-25 21:16:36.3861873 -03:00,46,1
1797293,26,26-CAMBIO DE HERRAMIENTAS DEBIDO A DESGASTE,443.75,siderca\17701,CA15,2025-09-26 05:02:07.6570816 -03:00,1797249,2025-09-26 03:58:28.6552148 -03:00,9,0
1797349,26,26-CAMBIO DE HERRAMIENTAS DEBIDO A DESGASTE,602.826,siderca\17701,"CPT,CSR,CA15,CFC,CDS,CDT",2025-09-26 06:13:10.6983988 -03:00,1797293,2025-09-26 05:09:31.4072350 -03:00,10,0
1797388,26,26-CAMBIO DE HERRAMIENTAS DEBIDO A DESGASTE,34.296,siderca\17701,CA15,2025-09-26 07:26:55.6854622 -03:00,1797349,2025-09-26 06:23:13.5245659 -03:00,9,0
1797436,26,26-CAMBIO DE HERRAMIENTAS DEBIDO A DESGASTE,313.374,siderca\17701,"CPT,CA15,CFC,CDS",2025-09-26 09:05:50.9170352 -03:00,1797388,2025-09-26 07:27:29.9813831 -03:00,9,0
1797516,26,26-CAMBIO DE HERRAMIENTAS DEBIDO A DESGASTE,31.329,siderca\17701,"CPT,CSR,CA15,CFC",2025-09-26 11:32:56.5573535 -03:00,1797436,2025-09-26 09:11:04.2910685 -03:00,20,0
1797542,26,26-CAMBIO DE HERRAMIENTAS DEBIDO A DESGASTE,480.017,siderca\17701,"CPA,CA15",2025-09-26 12:19:23.1706777 -03:00,1797516,2025-09-26 11:33:27.8863194 -03:00,4,0
1797630,26,26-CAMBIO DE HERRAMIENTAS DEBIDO A DESGASTE,209.571,siderca\60062291,"CPT,GSR,GA15,GFC,GDS,CDT",2025-09-26 14:55:36.0201778 -03:00,1797542,2025-09-26 12:27:23.1878570 -03:00,16,2
1797745,26,26-CAMBIO DE HERRAMIENTAS DEBIDO A DESGASTE,420.581,siderca\60062291,"CPT,CA15,CDS,GDS,CDT",2025-09-26 18:04:11.9261363 -03:00,1797630,2025-09-26 14:59:05.5916793 -03:00,19,1
1797817,26,26-CAMBIO DE HERRAMIENTAS DEBIDO A DESGASTE,249.031,siderca\60062291,"CPT,GA15,CDS,GDS,CDT",2025-09-26 20:42:04.5769795 -03:00,1797745,2025-09-26 18:11:12.5074854 -03:00,19,1
1797910,26,26-CAMBIO DE HERRAMIENTAS DEBIDO A DESGASTE,226.103,siderca\12985,"CPT,CSR,GSR,CA15,GA15,CFC,GFC,CDS,GDS,CDT",2025-09-26 23:30:33.8806130 -03:00,1797817,2025-09-26 20:46:13.6079154 -03:00,19,2
1798050,26,26-CAMBIO DE HERRAMIENTAS DEBIDO A DESGASTE,120.015,siderca\12985,"CPT,CA15,GA15,CDS,GDS,CDT",2025-09-27 04:25:32.4803157 -03:00,1797910,2025-09-26 23:34:19.9833424 -03:00,38,0
1798103,26,26-CAMBIO DE HERRAMIENTAS DEBIDO A DESGASTE,335.621,siderca\17701,"CPT,CA15,CFC,CDT",2025-09-27 05:38:49.3768549 -03:00,1798050,2025-09-27 04:27:32.4959333 -03:00,9,0
1798138,26,26-CAMBIO DE HERRAMIENTAS DEBIDO A DESGASTE,148.19,siderca\17701,"CPT,CSR,CA15,CFC,CDS,CDT",2025-09-27 06:45:50.3058387 -03:00,1798103,2025-09-27 05:44:24.9973053 -03:00,10,0
1798215,26,26-CAMBIO DE HERRAMIENTAS DEBIDO A DESGASTE,346.693,siderca\17701,"CPT,CA15,CFC,CDT",2025-09-27 09:29:54.0934119 -03:00,1798138,2025-09-27 06:48:18.4957808 -03:00,24,0
1798274,26,26-CAMBIO DE HERRAMIENTAS DEBIDO A DESGASTE,379.21,siderca\17701,"CPT,CSR,CA15,CFC,CDS,CDT",2025-09-27 11:37:13.7751093 -03:00,1798215,2025-09-27 09:35:40.7866867 -03:00,20,0
1798383,26,26-CAMBIO DE HERRAMIENTAS DEBIDO A DESGASTE,246.171,siderca\60062291,"CPT,GSR,CA15,GFC,GDS,CDT",2025-09-27 14:46:52.3540584 -03:00,1798274,2025-09-27 11:43:32.9851556 -03:00,22,0
1798595,26,26-CAMBIO DE HERRAMIENTAS DEBIDO A DESGASTE,480.073,siderca\12985,"CPT,CA15,GA15,CDS,GDS,CDT",2025-09-27 21:48:24.7566111 -03:00,1798383,2025-09-27 14:50:58.5252226 -03:00,40,0
1798647,26,26-CAMBIO DE HERRAMIENTAS DEBIDO A DESGASTE,122.472,siderca\12985,"CPT,CA15,GA15,CDS,GDS,CDT",2025-09-28 00:06:09.7603795 -03:00,1798595,2025-09-27 21:56:24.8297765 -03:00,20,3
1798716,26,26-CAMBIO DE HERRAMIENTAS DEBIDO A DESGASTE,23.177,siderca\12985,"CPT,CA15,GA15,CDS,GDS,CDT",2025-09-28 02:51:26.2336246 -03:00,1798647,2025-09-28 00:08:12.2328059 -03:00,23,0
1798905,26,26-CAMBIO DE HERRAMIENTAS DEBIDO A DESGASTE,252.965,siderca\60062291,"CPT,GSR,CA15,GA15,CFC,GFC,GDS,CDT",2025-09-29 07:11:11.2351197 -03:00,1798716,2025-09-28 02:51:49.4102173 -03:00,38,1
1798960,26,26-CAMBIO DE HERRAMIENTAS DEBIDO A DESGASTE,190,siderca\60062291,"CPT,CA15,GA15,GDS,CDT",2025-09-29 09:26:56.2568190 -03:00,1798905,2025-09-29 07:15:24.2008587 -03:00,19,2
1799074,26,26-CAMBIO DE HERRAMIENTAS DEBIDO A DESGASTE,41.52,siderca\12985,"CPT,CA15,GA15,CDS,GDS,CDT",2025-09-29 13:17:07.4600573 -03:00,1798960,2025-09-29 09:30:06.2568190 -03:00,20,1
1799195,26,26-CAMBIO DE HERRAMIENTAS DEBIDO A DESGASTE,571.023,siderca\12985,"CPT,CSR,GSR,CA15,GA15,CDS,GDS,CDT",2025-09-29 17:22:25.9943304 -03:00,1799074,2025-09-29 13:17:48.9800030 -03:00,39,0
1799239,26,26-CAMBIO DE HERRAMIENTAS DEBIDO A DESGASTE,757.798,siderca\12985,"CPT,CSR,CA15,GA15,CDS,GDS,CDT",2025-09-29 18:48:02.5520246 -03:00,1799195,2025-09-29 17:31:57.0177642 -03:00,10,0
1799273,26,26-CAMBIO DE HERRAMIENTAS DEBIDO A DESGASTE,300.243,siderca\12985,"CA15,GA15",2025-09-29 20:03:40.1245482 -03:00,1799239,2025-09-29 19:00:40.3501279 -03:00,10,0
1799387,26,26-CAMBIO DE HERRAMIENTAS DEBIDO A DESGASTE,649.275,siderca\17701,"CPT,CSR,CA15,CFC,CDS,CDT",2025-09-29 22:54:52.9047560 -03:00,1799273,2025-09-29 20:08:40.3675572 -03:00,12,0
1799437,26,26-CAMBIO DE HERRAMIENTAS DEBIDO A DESGASTE,300.511,siderca\17701,CA15,2025-09-30 00:14:57.5264284 -03:00,1799387,2025-09-29 23:05:42.1790467 -03:00,9,1
1799465,26,26-CAMBIO DE HERRAMIENTAS DEBIDO A DESGASTE,576.779,siderca\17701,"CPT,GA15,CFC,CDS",2025-09-30 01:21:35.3362422 -03:00,1799437,2025-09-30 00:19:58.0377329 -03:00,9,0
1799522,26,26-CAMBIO DE HERRAMIENTAS DEBIDO A DESGASTE,626.067,siderca\17701,"CSR,CA15,CFC,CDT",2025-09-30 03:08:00.8359609 -03:00,1799465,2025-09-30 01:31:12.1157105 -03:00,9,0
1799557,26,26-CAMBIO DE HERRAMIENTAS DEBIDO A DESGASTE,479.078,siderca\17701,"CPT,CA15,GFC,CDT",2025-09-30 04:13:55.7860490 -03:00,1799522,2025-09-30 03:18:26.9023317 -03:00,9,0
1799603,26,26-CAMBIO DE HERRAMIENTAS DEBIDO A DESGASTE,157.928,siderca\60062291,CDT,2025-09-30 05:20:01.4836088 -03:00,1799557,2025-09-30 04:21:54.8649442 -03:00,10,1
1799638,26,26-CAMBIO DE HERRAMIENTAS DEBIDO A DESGASTE,795.801,siderca\60062291,"CPT,CSR,GSR,CA15,GA15,GFC,GDS,CDT",2025-09-30 06:26:57.0543913 -03:00,1799603,2025-09-30 05:22:39.4114479 -03:00,10,2
1799675,26,26-CAMBIO DE HERRAMIENTAS DEBIDO A DESGASTE,211,siderca\60062291,CDT,2025-09-30 07:40:55.0417388 -03:00,1799638,2025-09-30 06:40:12.8551767 -03:00,9,0
1799700,26,26-CAMBIO DE HERRAMIENTAS DEBIDO A DESGASTE,260.56,siderca\60062291,"CA15,GA15,GDS,CDT",2025-09-30 08:39:30.8954795 -03:00,1799675,2025-09-30 07:44:26.0417388 -03:00,10,0
1799720,26,26-CAMBIO DE HERRAMIENTAS DEBIDO A DESGASTE,515,siderca\60062291,"CPT,CSR,GSR,GFC,CDT",2025-09-30 09:35:56.3560920 -03:00,1799700,2025-09-30 08:43:51.4551765 -03:00,9,0
1799756,26,26-CAMBIO DE HERRAMIENTAS DEBIDO A DESGASTE,372.396,siderca\60062291,"GA15,CDS,CDT",2025-09-30 10:39:59.0679074 -03:00,1799720,2025-09-30 09:44:31.3560920 -03:00,9,0
1799785,26,26-CAMBIO DE HERRAMIENTAS DEBIDO A DESGASTE,323,siderca\60062291,"CPT,CA15,CDT",2025-09-30 11:50:01.7697867 -03:00,1799756,2025-09-30 10:46:11.4633429 -03:00,9,0
1799856,26,26-CAMBIO DE HERRAMIENTAS DEBIDO A DESGASTE,598.269,siderca\12985,"CPT,CSR,GSR,CA15,GA15,GFC,CDS,GDS,CDT",2025-09-30 13:25:44.0920080 -03:00,1799785,2025-09-30 11:55:24.7697867 -03:00,10,0
1799879,26,26-CAMBIO DE HERRAMIENTAS DEBIDO A DESGASTE,220.665,siderca\12985,"CA15,GA15",2025-09-30 14:31:42.4611926 -03:00,1799856,2025-09-30 13:35:42.3613905 -03:00,9,0
1799902,26,26-CAMBIO DE HERRAMIENTAS DEBIDO A DESGASTE,551.558,siderca\12985,"CPT,CA15,GA15,CDS,GDS,CDT",2025-09-30 15:33:53.5621760 -03:00,1799879,2025-09-30 14:35:23.1269112 -03:00,9,0
1799930,26,26-CAMBIO DE HERRAMIENTAS DEBIDO A DESGASTE,348.003,siderca\12985,"CSR,GSR,CA15,GA15",2025-09-30 16:51:42.5743567 -03:00,1799902,2025-09-30 15:43:05.1205779 -03:00,11,0
1799955,26,26-CAMBIO DE HERRAMIENTAS DEBIDO A DESGASTE,478.182,siderca\12985,"CPT,GDS,CDT",2025-09-30 17:49:35.3736910 -03:00,1799930,2025-09-30 16:57:30.5772768 -03:00,9,0
1799990,26,26-CAMBIO DE HERRAMIENTAS DEBIDO A DESGASTE,282,siderca\12985,"CA15,GA15",2025-09-30 18:59:14.8994069 -03:00,1799955,2025-09-30 17:57:33.5553895 -03:00,9,0
1800020,26,26-CAMBIO DE HERRAMIENTAS DEBIDO A DESGASTE,600.525,siderca\12985,"CPT,CSR,GSR,CA15,GA15,CDS,GDS,CDT",2025-09-30 19:55:48.6315960 -03:00,1799990,2025-09-30 19:03:56.8994069 -03:00,8,0
1800048,26,26-CAMBIO DE HERRAMIENTAS DEBIDO A DESGASTE,168.344,siderca\17701,CA15,2025-09-30 21:06:36.3610616 -03:00,1800020,2025-09-30 20:05:49.1568865 -03:00,10,0
1800087,26,26-CAMBIO DE HERRAMIENTAS DEBIDO A DESGASTE,518.808,siderca\17701,"CPT,CA15,CFC,CDS",2025-09-30 22:19:38.8521601 -03:00,1800048,2025-09-30 21:09:24.7054239 -03:00,10,0
1800119,26,26-CAMBIO DE HERRAMIENTAS DEBIDO A DESGASTE,495.871,siderca\17701,"CSR,CA15,CFC",2025-09-30 23:29:06.8871901 -03:00,1800087,2025-09-30 22:28:17.6606501 -03:00,10,0
1800146,26,26-CAMBIO DE HERRAMIENTAS DEBIDO A DESGASTE,446.374,siderca\17701,"CPT,CA15,CFC,CDS",2025-10-01 00:30:11.0887981 -03:00,1800119,2025-09-30 23:37:22.7581643 -03:00,9,0
1800166,26,26-CAMBIO DE HERRAMIENTAS DEBIDO A DESGASTE,267.312,siderca\17701,CA15,2025-10-01 01:29:41.2147729 -03:00,1800146,2025-10-01 00:37:37.4622120 -03:00,10,0
1800190,26,26-CAMBIO DE HERRAMIENTAS DEBIDO A DESGASTE,533.586,siderca\17701,"CPT,CSR,CA15,CFC,CDS,CDT",2025-10-01 02:26:32.1028197 -03:00,1800166,2025-10-01 01:34:08.5263245 -03:00,10,0
1800223,26,26-CAMBIO DE HERRAMIENTAS DEBIDO A DESGASTE,182.552,siderca\17701,CA15,2025-10-01 03:40:36.7326421 -03:00,1800190,2025-10-01 02:35:25.6883435 -03:00,10,0
1800241,26,26-CAMBIO DE HERRAMIENTAS DEBIDO A DESGASTE,505.489,siderca\17701,"CPT,CA15,CFC,CDS",2025-10-01 04:35:45.4286851 -03:00,1800223,2025-10-01 03:43:39.2847508 -03:00,9,0
1800275,26,26-CAMBIO DE HERRAMIENTAS DEBIDO A DESGASTE,693.074,siderca\60062291,"CPT,GSR,GA15,GFC,GDS,CDT",2025-10-01 05:14:36.6939695 -03:00,1800241,2025-10-01 04:44:10.9175834 -03:00,5,0
1800310,26,26-CAMBIO DE HERRAMIENTAS DEBIDO A DESGASTE,104.38,siderca\60062291,CDT,2025-10-01 06:34:04.2694595 -03:00,1800275,2025-10-01 05:26:09.7676630 -03:00,11,0
1800332,26,26-CAMBIO DE HERRAMIENTAS DEBIDO A DESGASTE,596,siderca\60062291,"CPT,GA15,GDS,CDT",2025-10-01 07:33:17.9903932 -03:00,1800310,2025-10-01 06:35:48.6494243 -03:00,9,1
1800365,26,26-CAMBIO DE HERRAMIENTAS DEBIDO A DESGASTE,639.078,siderca\60062291,"GSR,GFC,CDT",2025-10-01 08:50:28.6896121 -03:00,1800332,2025-10-01 07:43:13.9903932 -03:00,10,0
1800402,26,26-CAMBIO DE HERRAMIENTAS DEBIDO A DESGASTE,542.353,siderca\60062291,"CPT,CA15,GDS,CDT",2025-10-01 10:13:17.2073001 -03:00,1800365,2025-10-01 09:01:07.7673777 -03:00,9,0
1800427,26,26-CAMBIO DE HERRAMIENTAS DEBIDO A DESGASTE,92.652,siderca\60062291,CDT,2025-10-01 11:14:24.0295936 -03:00,1800402,2025-10-01 10:22:19.5603754 -03:00,8,0
1800450,26,26-CAMBIO DE HERRAMIENTAS DEBIDO A DESGASTE,880.532,siderca\60062291,"CPT,GSR,CA15,GA15,GFC,CDS,CDT",2025-10-01 12:10:06.4237819 -03:00,1800427,2025-10-01 11:15:56.6815803 -03:00,9,0
1800479,26,26-CAMBIO DE HERRAMIENTAS DEBIDO A DESGASTE,403.404,siderca\12985,CPT,2025-10-01 13:00:00.0000000 -03:00,1800450,2025-10-01 12:24:46.9552372 -03:00,5,0
1800502,26,26-CAMBIO DE HERRAMIENTAS DEBIDO A DESGASTE,62.914,siderca\12985,"CA15,GA15",2025-10-01 13:39:55.4399556 -03:00,1800479,2025-10-01 13:06:43.4045615 -03:00,6,0
1800526,26,26-CAMBIO DE HERRAMIENTAS DEBIDO A DESGASTE,704,siderca\12985,"CPT,CA15,GA15,CFC,GFC,CDS,GDS,CDT",2025-10-01 14:34:28.7097637 -03:00,1800502,2025-10-01 13:40:58.3533022 -03:00,9,0
1800553,26,26-CAMBIO DE HERRAMIENTAS DEBIDO A DESGASTE,690.042,siderca\12985,"CSR,GSR,CA15,GA15,CFC,GFC,CDS,GDS",2025-10-01 15:48:29.1587022 -03:00,1800526,2025-10-01 14:46:12.7097637 -03:00,10,0
1800594,26,26-CAMBIO DE HERRAMIENTAS DEBIDO A DESGASTE,660.242,siderca\12985,"CPT,CA15,GA15,CFC,GFC,CDS,GDS,CDT",2025-10-01 17:00:29.5358174 -03:00,1800553,2025-10-01 15:59:59.2009410 -03:00,10,0
1800607,26,26-CAMBIO DE HERRAMIENTAS DEBIDO A DESGASTE,121.784,siderca\12985,"CA15,GA15",2025-10-01 18:04:08.5677043 -03:00,1800594,2025-10-01 17:11:29.7775155 -03:00,10,0
1800626,26,26-CAMBIO DE HERRAMIENTAS DEBIDO A DESGASTE,618.622,siderca\12985,"CPT,CSR,GSR,CA15,GA15,CDS,GDS,CDT",2025-10-01 18:58:11.6557903 -03:00,1800607,2025-10-01 18:06:10.3511398 -03:00,10,0
1800662,26,26-CAMBIO DE HERRAMIENTAS DEBIDO A DESGASTE,29.492,siderca\12985,"CA15,GA15",2025-10-01 20:13:38.0354793 -03:00,1800626,2025-10-01 19:08:30.2772492 -03:00,10,0
1800697,26,26-CAMBIO DE HERRAMIENTAS DEBIDO A DESGASTE,531,siderca\17701,"CPT,CA15,CFC,CDS",2025-10-01 21:08:09.4071496 -03:00,1800662,2025-10-01 20:14:07.5275207 -03:00,8,0
1800732,26,26-CAMBIO DE HERRAMIENTAS DEBIDO A DESGASTE,424,siderca\17701,"CSR,CA15,CFC",2025-10-01 22:13:39.9545633 -03:00,1800697,2025-10-01 21:17:00.4071496 -03:00,10,1
1800764,26,26-CAMBIO DE HERRAMIENTAS DEBIDO A DESGASTE,542.413,siderca\17701,"CPT,CA15,CFC,CDS",2025-10-01 23:24:59.1274668 -03:00,1800732,2025-10-01 22:20:43.9545633 -03:00,10,2
1800802,26,26-CAMBIO DE HERRAMIENTAS DEBIDO A DESGASTE,395.193,siderca\17701,CA15,2025-10-02 00:44:17.7150973 -03:00,1800764,2025-10-01 23:34:01.5405011 -03:00,9,0
1800838,26,26-CAMBIO DE HERRAMIENTAS DEBIDO A DESGASTE,614.757,siderca\17701,"CPT,CSR,CA15,CFC,CDS",2025-10-02 01:42:58.2920293 -03:00,1800802,2025-10-02 00:50:52.9082462 -03:00,9,0
1800873,26,26-CAMBIO DE HERRAMIENTAS DEBIDO A DESGASTE,122.762,siderca\17701,CA15,2025-10-02 02:58:40.5654349 -03:00,1800838,2025-10-02 01:53:13.0498854 -03:00,11,0
1800902,26,26-CAMBIO DE HERRAMIENTAS DEBIDO A DESGASTE,510.164,siderca\17701,"CPT,CSR,CA15,CFC,CDS",2025-10-02 03:55:41.5474243 -03:00,1800873,2025-10-02 03:00:43.3278010 -03:00,9,1
1800962,26,26-CAMBIO DE HERRAMIENTAS DEBIDO A DESGASTE,720.659,siderca\60062291,"CPT,GSR,CA15,GA15,GFC,CDS,CDT",2025-10-02 05:28:26.7767123 -03:00,1800902,2025-10-02 04:04:11.7116030 -03:00,13,1
1801003,26,26-CAMBIO DE HERRAMIENTAS DEBIDO A DESGASTE,297.024,siderca\60062291,CDT,2025-10-02 06:50:03.7948147 -03:00,1800962,2025-10-02 05:40:27.4352477 -03:00,9,0
1801032,26,26-CAMBIO DE HERRAMIENTAS DEBIDO A DESGASTE,584.831,siderca\60062291,"CPT,GA15,GDS,CDT",2025-10-02 07:49:16.7586827 -03:00,1801003,2025-10-02 06:55:00.8187498 -03:00,9,0
1801062,26,26-CAMBIO DE HERRAMIENTAS DEBIDO A DESGASTE,349.775,siderca\60062291,"CSR,GSR,CFC,GFC,CDT",2025-10-02 08:51:07.4555666 -03:00,1801032,2025-10-02 07:59:01.5892128 -03:00,9,0
1801094,26,26-CAMBIO DE HERRAMIENTAS DEBIDO A DESGASTE,513.628,siderca\60062291,"CPT,GA15,GDS,CDT",2025-10-02 09:50:56.4529017 -03:00,1801062,2025-10-02 08:56:57.2300279 -03:00,9,0
1801118,26,26-CAMBIO DE HERRAMIENTAS DEBIDO A DESGASTE,192.976,siderca\60062291,CDT,2025-10-02 10:51:35.3220470 -03:00,1801094,2025-10-02 09:59:30.0801370 -03:00,9,0
1801149,26,26-CAMBIO DE HERRAMIENTAS DEBIDO A DESGASTE,810.077,siderca\60062291,"CPT,CSR,CA15,GA15,GFC,GDS,CDT",2025-10-02 11:39:01.8187801 -03:00,1801118,2025-10-02 10:54:48.2989596 -03:00,7,0
1801189,26,26-CAMBIO DE HERRAMIENTAS DEBIDO A DESGASTE,403.851,siderca\12985,"CA15,GA15,CFC,GFC",2025-10-02 13:00:00.0000000 -03:00,1801149,2025-10-02 11:52:31.8955586 -03:00,11,0
1801225,26,26-CAMBIO DE HERRAMIENTAS DEBIDO A DESGASTE,604.895,siderca\12985,"CPT,CA15,GA15,CDS,GDS,CDT",2025-10-02 14:03:50.9132319 -03:00,1801189,2025-10-02 13:06:43.8510887 -03:00,11,0
1801267,26,26-CAMBIO DE HERRAMIENTAS DEBIDO A DESGASTE,298,siderca\12985,"CA15,GA15,CFC,GFC",2025-10-02 15:19:29.4509823 -03:00,1801225,2025-10-02 14:13:55.8087681 -03:00,12,0
1801304,26,26-CAMBIO DE HERRAMIENTAS DEBIDO A DESGASTE,622.341,siderca\12985,"CPT,CSR,GSR,CA15,GA15,CFC,GFC,CDS,GDS,CDT",2025-10-02 16:23:33.7199618 -03:00,1801267,2025-10-02 15:24:27.4509823 -03:00,11,0
1801341,26,26-CAMBIO DE HERRAMIENTAS DEBIDO A DESGASTE,249.489,siderca\12985,"CA15,GA15",2025-10-02 17:40:41.1490566 -03:00,1801304,2025-10-02 16:33:56.0607626 -03:00,10,0
1801369,26,26-CAMBIO DE HERRAMIENTAS DEBIDO A DESGASTE,642.608,siderca\12985,"CPT,CA15,GA15,CFC,GFC,CDS,GDS,CDT",2025-10-02 18:41:55.3102982 -03:00,1801341,2025-10-02 17:44:50.6380030 -03:00,11,0
1801405,26,26-CAMBIO DE HERRAMIENTAS DEBIDO A DESGASTE,662.079,siderca\12985,"CPT,CSR,GSR,CA15,GA15,CFC,GFC,CDT",2025-10-02 19:53:15.4329127 -03:00,1801369,2025-10-02 18:52:37.9184753 -03:00,11,0
1801465,26,26-CAMBIO DE HERRAMIENTAS DEBIDO A DESGASTE,719.536,siderca\17701,"CPT,CSR,CA15,CFC,CDS,CDT",2025-10-02 21:28:42.2942053 -03:00,1801405,2025-10-02 20:04:17.5116705 -03:00,11,0
1801514,26,26-CAMBIO DE HERRAMIENTAS DEBIDO A DESGASTE,193.184,siderca\17701,CA15,2025-10-02 22:49:14.1370245 -03:00,1801465,2025-10-02 21:40:41.8309224 -03:00,12,0
1801542,26,26-CAMBIO DE HERRAMIENTAS DEBIDO A DESGASTE,581.817,siderca\17701,"CPT,CA15,CFC,CDS",2025-10-02 23:49:48.4109316 -03:00,1801514,2025-10-02 22:52:27.3219173 -03:00,11,0
1801576,26,26-CAMBIO DE HERRAMIENTAS DEBIDO A DESGASTE,711.125,siderca\17701,"CSR,CA15,CFC",2025-10-03 01:01:43.3549199 -03:00,1801542,2025-10-02 23:59:30.2276242 -03:00,11,0
1801607,26,26-CAMBIO DE HERRAMIENTAS DEBIDO A DESGASTE,490.876,siderca\17701,"CPT,CA15,CFC,CDS",2025-10-03 02:12:21.6985603 -03:00,1801576,2025-10-03 01:13:34.4798644 -03:00,10,0
1801644,26,26-CAMBIO DE HERRAMIENTAS DEBIDO A DESGASTE,158.623,siderca\17701,CA15,2025-10-03 03:17:42.4057670 -03:00,1801607,2025-10-03 02:20:32.5744313 -03:00,11,0
1801675,26,26-CAMBIO DE HERRAMIENTAS DEBIDO A DESGASTE,774.098,siderca\17701,"CPT,CSR,CA15,CFC,CDS,CDT",2025-10-03 04:17:31.4815557 -03:00,1801644,2025-10-03 03:20:21.0288867 -03:00,11,0
1801724,26,26-CAMBIO DE HERRAMIENTAS DEBIDO A DESGASTE,280.657,siderca\60062291,"CPT,CDT",2025-10-03 05:30:34.9219251 -03:00,1801675,2025-10-03 04:30:25.5791793 -03:00,10,0
1801753,26,26-CAMBIO DE HERRAMIENTAS DEBIDO A DESGASTE,403.988,siderca\60062291,"GA15,GDS,CDT",2025-10-03 06:38:50.4169474 -03:00,1801724,2025-10-03 05:35:15.5788365 -03:00,10,0
1801783,26,26-CAMBIO DE HERRAMIENTAS DEBIDO A DESGASTE,555.679,siderca\60062291,"CPT,GSR,GFC,CDT",2025-10-03 07:42:58.9778383 -03:00,1801753,2025-10-03 06:45:34.4048532 -03:00,11,0
1801808,26,26-CAMBIO DE HERRAMIENTAS DEBIDO A DESGASTE,357.885,siderca\60062291,"CA15,CDS,CDT",2025-10-03 09:01:13.6201726 -03:00,1801783,2025-10-03 07:52:14.6569476 -03:00,10,0
1801839,26,26-CAMBIO DE HERRAMIENTAS DEBIDO A DESGASTE,229.269,siderca\60062291,"CPT,CDT",2025-10-03 10:10:57.8419431 -03:00,1801808,2025-10-03 09:07:11.5054933 -03:00,10,0
1801866,26,26-CAMBIO DE HERRAMIENTAS DEBIDO A DESGASTE,509.315,siderca\60062291,"CSR,GSR,GA15,GFC,GDS,CDT",2025-10-03 11:14:42.0846033 -03:00,1801839,2025-10-03 10:14:47.1108712 -03:00,10,0
1801896,26,26-CAMBIO DE HERRAMIENTAS DEBIDO A DESGASTE,215,siderca\60062291,CDT,2025-10-03 12:29:37.7600347 -03:00,1801866,2025-10-03 11:23:11.3990662 -03:00,11,1
1801944,26,26-CAMBIO DE HERRAMIENTAS DEBIDO A DESGASTE,518.563,siderca\12985,"CPT,CA15,GA15,CDS,GDS,CDT",2025-10-03 13:39:20.7319492 -03:00,1801896,2025-10-03 12:33:12.7600347 -03:00,11,0
1801970,26,26-CAMBIO DE HERRAMIENTAS DEBIDO A DESGASTE,272.505,siderca\12985,"CSR,GSR,CA15,GA15",2025-10-03 14:45:04.6015938 -03:00,1801944,2025-10-03 13:47:59.2949521 -03:00,11,0
1801993,26,26-CAMBIO DE HERRAMIENTAS DEBIDO A DESGASTE,469.973,siderca\12985,"CPT,CA15,GA15,CDS,GDS,CDT",2025-10-03 15:46:53.6830229 -03:00,1801970,2025-10-03 14:49:37.1068314 -03:00,11,0
1802041,26,26-CAMBIO DE HERRAMIENTAS DEBIDO A DESGASTE,138.896,siderca\12985,"CA15,GA15,GFC",2025-10-03 17:36:48.6195555 -03:00,1801993,2025-10-03 15:54:43.6560243 -03:00,14,0
1802073,26,26-CAMBIO DE HERRAMIENTAS DEBIDO A DESGASTE,616.488,siderca\12985,"CPT,CSR,GSR,CA15,GA15,CDS,GDS,CDT",2025-10-03 18:42:38.7911614 -03:00,1802041,2025-10-03 17:39:07.5153393 -03:00,10,0
1802111,26,26-CAMBIO DE HERRAMIENTAS DEBIDO A DESGASTE,82.801,siderca\12985,CA15,2025-10-03 19:57:54.2587750 -03:00,1802073,2025-10-03 18:52:55.2796413 -03:00,10,0
1802114,26,26-CAMBIO DE HERRAMIENTAS DEBIDO A DESGASTE,93.853,siderca\12985,CA15,2025-10-03 20:05:44.0590279 -03:00,1802111,2025-10-03 19:59:17.0590279 -03:00,0,0
1802160,26,26-CAMBIO DE HERRAMIENTAS DEBIDO A DESGASTE,640.727,siderca\17701,"CPT,CA15,CFC,CDS",2025-10-03 21:11:57.8328996 -03:00,1802114,2025-10-03 20:07:17.9121669 -03:00,11,0
1802195,26,26-CAMBIO DE HERRAMIENTAS DEBIDO A DESGASTE,338.194,siderca\17701,"CSR,CA15,CFC",2025-10-03 22:24:40.3284917 -03:00,1802160,2025-10-03 21:22:38.5594954 -03:00,10,0
1802223,26,26-CAMBIO DE HERRAMIENTAS DEBIDO A DESGASTE,470.961,siderca\17701,"CPT,CA15,CFC,CDS",2025-10-03 23:31:17.6098282 -03:00,1802195,2025-10-03 22:30:18.5229111 -03:00,11,0
1802253,26,26-CAMBIO DE HERRAMIENTAS DEBIDO A DESGASTE,176.399,siderca\17701,CA15,2025-10-04 00:38:01.3351798 -03:00,1802223,2025-10-03 23:39:08.5706171 -03:00,10,0
1802275,26,26-CAMBIO DE HERRAMIENTAS DEBIDO A DESGASTE,661.689,siderca\17701,"CPT,CSR,CA15,CFC,CDS,CDT",2025-10-04 01:43:07.8076531 -03:00,1802253,2025-10-04 00:40:57.7342988 -03:00,11,0
1802300,26,26-CAMBIO DE HERRAMIENTAS DEBIDO A DESGASTE,205.756,siderca\17701,CA15,2025-10-04 02:51:15.8541769 -03:00,1802275,2025-10-04 01:54:09.4966260 -03:00,11,0
1802330,26,26-CAMBIO DE HERRAMIENTAS DEBIDO A DESGASTE,510.883,siderca\17701,"CPT,CA15,CFC,CDS",2025-10-04 03:54:16.1340819 -03:00,1802300,2025-10-04 02:54:41.6101702 -03:00,10,0
1802369,26,26-CAMBIO DE HERRAMIENTAS DEBIDO A DESGASTE,378.295,siderca\60062291,"CSR,GSR,GFC,CDT",2025-10-04 05:15:14.9522149 -03:00,1802330,2025-10-04 04:02:47.0178909 -03:00,11,0
1802394,26,26-CAMBIO DE HERRAMIENTAS DEBIDO A DESGASTE,483.694,siderca\60062291,"CPT,GA15,GDS,CDT",2025-10-04 06:18:40.1636906 -03:00,1802369,2025-10-04 05:21:33.2475147 -03:00,10,0
1802416,26,26-CAMBIO DE HERRAMIENTAS DEBIDO A DESGASTE,198,siderca\60062291,CDT,2025-10-04 07:27:47.1076782 -03:00,1802394,2025-10-04 06:26:43.8571617 -03:00,10,0
1802442,26,26-CAMBIO DE HERRAMIENTAS DEBIDO A DESGASTE,586.688,siderca\60062291,"CPT,GSR,GA15,GFC,GDS,CDT",2025-10-04 08:21:04.9255585 -03:00,1802416,2025-10-04 07:31:05.1076782 -03:00,8,0
1802486,26,26-CAMBIO DE HERRAMIENTAS DEBIDO A DESGASTE,137.082,siderca\60062291,CDT,2025-10-04 10:06:47.8556632 -03:00,1802442,2025-10-04 08:30:51.6136182 -03:00,13,2
1802508,26,26-CAMBIO DE HERRAMIENTAS DEBIDO A DESGASTE,587.406,siderca\60062291,"CPT,GA15,CDS,GDS,CDT",2025-10-04 10:51:43.7726637 -03:00,1802486,2025-10-04 10:09:04.9375903 -03:00,7,0
1802607,26,26-CAMBIO DE HERRAMIENTAS DEBIDO A DESGASTE,673.054,siderca\12985,"CPT,CA15,GA15,CDS,GDS,CDT",2025-10-04 14:07:34.5601185 -03:00,1802508,2025-10-04 11:01:31.1784534 -03:00,23,0
1802647,26,26-CAMBIO DE HERRAMIENTAS DEBIDO A DESGASTE,78.755,siderca\12985,"CA15,GA15",2025-10-04 15:27:02.4598239 -03:00,1802607,2025-10-04 14:18:47.6144568 -03:00,11,0
1802674,26,26-CAMBIO DE HERRAMIENTAS DEBIDO A DESGASTE,555.427,siderca\12985,"CPT,CSR,GSR,CA15,GA15,CFC,GFC,CDS,GDS,CDT",2025-10-04 16:26:13.7734618 -03:00,1802647,2025-10-04 15:28:21.2142339 -03:00,9,4
1802731,26,26-CAMBIO DE HERRAMIENTAS DEBIDO A DESGASTE,663,siderca\12985,"CPT,CSR,GSR,CA15,GA15,CDS,GDS,CDT",2025-10-04 18:41:35.8434568 -03:00,1802674,2025-10-04 16:35:29.2005677 -03:00,22,0
1802770,26,26-CAMBIO DE HERRAMIENTAS DEBIDO A DESGASTE,243.155,siderca\12985,"CSR,GSR,CA15,GA15",2025-10-04 20:04:49.7498186 -03:00,1802731,2025-10-04 18:52:38.8434568 -03:00,8,0
1802883,26,26-CAMBIO DE HERRAMIENTAS DEBIDO A DESGASTE,511,siderca\17701,"CPT,CA15,CFC,CDS",2025-10-04 23:46:13.8634759 -03:00,1802770,2025-10-04 20:08:52.9045128 -03:00,10,0
1802918,26,26-CAMBIO DE HERRAMIENTAS DEBIDO A DESGASTE,170.347,siderca\17701,CA15,2025-10-05 00:59:05.9908134 -03:00,1802883,2025-10-04 23:54:44.8634759 -03:00,11,0
1802946,26,26-CAMBIO DE HERRAMIENTAS DEBIDO A DESGASTE,670.433,siderca\17701,"CPT,CSR,GA15,CFC,CDS",2025-10-05 02:00:48.9909830 -03:00,1802918,2025-10-05 01:01:56.3373415 -03:00,10,0
1802973,26,26-CAMBIO DE HERRAMIENTAS DEBIDO A DESGASTE,189,siderca\17701,CA15,2025-10-05 03:09:04.1411532 -03:00,1802946,2025-10-05 02:11:59.4237031 -03:00,11,0
1803009,26,26-CAMBIO DE HERRAMIENTAS DEBIDO A DESGASTE,557.645,siderca\17701,"CPT,CA15,CFC,CDS",2025-10-05 04:16:45.9705705 -03:00,1802973,2025-10-05 03:12:13.1411532 -03:00,10,0
1803125,26,26-CAMBIO DE HERRAMIENTAS DEBIDO A DESGASTE,1392.995,siderca\13066,"GSR,GFC",2025-10-06 06:10:09.0989245 -03:00,1803009,2025-10-05 04:26:03.6156210 -03:00,12,0
1803189,26,26-CAMBIO DE HERRAMIENTAS DEBIDO A DESGASTE,900.103,siderca\13066,"CPT,GDS",2025-10-06 08:04:14.7433721 -03:00,1803125,2025-10-06 06:33:22.0936262 -03:00,12,0
1803219,26,26-CAMBIO DE HERRAMIENTAS DEBIDO A DESGASTE,147.115,siderca\13066,CDT,2025-10-06 09:54:47.4445732 -03:00,1803189,2025-10-06 08:19:14.8464064 -03:00,13,1
1803243,26,26-CAMBIO DE HERRAMIENTAS DEBIDO A DESGASTE,1067.582,siderca\13066,"CPT,GSR,GA15,GFC,GDS,CDT",2025-10-06 10:52:04.6892804 -03:00,1803219,2025-10-06 09:57:14.5596298 -03:00,9,0
1803284,26,26-CAMBIO DE HERRAMIENTAS DEBIDO A DESGASTE,1358.086,siderca\13066,"CPT,GDS",2025-10-06 12:22:30.9904308 -03:00,1803243,2025-10-06 11:09:52.2719085 -03:00,12,0
1803339,26,26-CAMBIO DE HERRAMIENTAS DEBIDO A DESGASTE,821.459,tenaris\17998,"CPT,GSR,CA15,CA12,CFC,CDS",2025-10-06 13:44:36.5783169 -03:00,1803284,2025-10-06 12:45:09.0768263 -03:00,10,1
1803373,26,26-CAMBIO DE HERRAMIENTAS DEBIDO A DESGASTE,166.071,tenaris\17998,GA15,2025-10-06 15:00:49.3833280 -03:00,1803339,2025-10-06 13:58:18.0376001 -03:00,10,0
1803397,26,26-CAMBIO DE HERRAMIENTAS DEBIDO A DESGASTE,576.538,tenaris\17998,"CPT,CSR,CA15,CA12,CFC,CDS",2025-10-06 16:03:59.2067419 -03:00,1803373,2025-10-06 15:03:35.4545995 -03:00,10,0
1803423,26,26-CAMBIO DE HERRAMIENTAS DEBIDO A DESGASTE,118.3,tenaris\17998,GA15,2025-10-06 17:24:47.1764148 -03:00,1803397,2025-10-06 16:13:35.7442628 -03:00,9,0
1803449,26,26-CAMBIO DE HERRAMIENTAS DEBIDO A DESGASTE,711.563,tenaris\17998,"CPT,GA15,GA12,GDS",2025-10-06 18:28:21.6974064 -03:00,1803423,2025-10-06 17:26:45.4765827 -03:00,10,1
1803497,26,26-CAMBIO DE HERRAMIENTAS DEBIDO A DESGASTE,242.232,tenaris\17998,GA15,2025-10-06 19:57:58.5672910 -03:00,1803449,2025-10-06 18:40:13.2602483 -03:00,11,0
1803558,26,26-CAMBIO DE HERRAMIENTAS DEBIDO A DESGASTE,317.214,siderca\60062291,"CPT,GA15,GDS,CDT",2025-10-06 21:24:01.7955659 -03:00,1803497,2025-10-06 20:02:00.7992127 -03:00,11,4
1803600,26,26-CAMBIO DE HERRAMIENTAS DEBIDO A DESGASTE,300.635,siderca\60062291,"GSR,GFC,CDT",2025-10-06 22:30:58.7232207 -03:00,1803558,2025-10-06 21:29:19.0093496 -03:00,10,0
1803663,26,26-CAMBIO DE HERRAMIENTAS DEBIDO A DESGASTE,119.027,siderca\60062291,CDT,2025-10-07 00:37:13.6401700 -03:00,1803600,2025-10-06 22:35:59.3589238 -03:00,21,0
1803699,26,26-CAMBIO DE HERRAMIENTAS DEBIDO A DESGASTE,804.285,siderca\60062291,"CPT,GSR,GA15,GFC,GDS,CDT",2025-10-07 01:36:25.4168124 -03:00,1803663,2025-10-07 00:39:12.6677049 -03:00,10,0
1803728,26,26-CAMBIO DE HERRAMIENTAS DEBIDO A DESGASTE,342.414,siderca\60062291,CDT,2025-10-07 02:47:04.2520406 -03:00,1803699,2025-10-07 01:49:49.7010880 -03:00,10,0
1803766,26,26-CAMBIO DE HERRAMIENTAS DEBIDO A DESGASTE,486,siderca\60062291,"CPT,CA15,CDS,CDT",2025-10-07 03:59:34.8927448 -03:00,1803728,2025-10-07 02:52:46.6665663 -03:00,10,1
1803920,26,26-CAMBIO DE HERRAMIENTAS DEBIDO A DESGASTE,806.091,siderca\13066,"GSR,GFC,CDT",2025-10-07 08:24:54.6675084 -03:00,1803766,2025-10-07 04:07:40.8927448 -03:00,12,0
1804004,26,26-CAMBIO DE HERRAMIENTAS DEBIDO A DESGASTE,240.449,siderca\13066,"GSR,GFC,CDT",2025-10-07 09:46:01.4070222 -03:00,1803999,2025-10-07 10:56:03.4377132 -03:00,0,0
1803999,26,26-CAMBIO DE HERRAMIENTAS DEBIDO A DESGASTE,171.515,siderca\13066,CDT,2025-10-07 10:53:11.9228791 -03:00,1803920,2025-10-07 08:38:20.7587724 -03:00,21,0
1804034,26,26-CAMBIO DE HERRAMIENTAS DEBIDO A DESGASTE,527,siderca\13066,"CPT,GSR,GFC,GDS,CDT",2025-10-07 11:57:40.0441030 -03:00,1804004,2025-10-07 09:50:01.8561821 -03:00,21,0
1804097,26,26-CAMBIO DE HERRAMIENTAS DEBIDO A DESGASTE,134.472,tenaris\17998,GA15,2025-10-07 13:27:00.7193144 -03:00,1804034,2025-10-07 12:06:27.0441030 -03:00,12,0
1804126,26,26-CAMBIO DE HERRAMIENTAS DEBIDO A DESGASTE,667.424,tenaris\17998,"CPT,CSR,GA15,GA12,GFC,GDS",2025-10-07 14:22:02.2631128 -03:00,1804097,2025-10-07 13:29:15.1916853 -03:00,9,1
1804179,26,26-CAMBIO DE HERRAMIENTAS DEBIDO A DESGASTE,185.44,tenaris\17998,GA15,2025-10-07 16:05:48.3221951 -03:00,1804126,2025-10-07 14:33:09.6879983 -03:00,12,1
1804210,26,26-CAMBIO DE HERRAMIENTAS DEBIDO A DESGASTE,811,tenaris\17998,"CPT,CA15,CA12,CFC,CDS",2025-10-07 17:29:26.4518335 -03:00,1804179,2025-10-07 16:08:53.7624402 -03:00,11,0
1804246,26,26-CAMBIO DE HERRAMIENTAS DEBIDO A DESGASTE,673.107,tenaris\17998,"CSR,GA15,GFC",2025-10-07 18:50:52.4228797 -03:00,1804210,2025-10-07 17:42:57.4518335 -03:00,11,0
1804279,26,26-CAMBIO DE HERRAMIENTAS DEBIDO A DESGASTE,507.889,tenaris\17998,"CPT,GA15,GA12,GDS",2025-10-07 19:59:32.4490656 -03:00,1804246,2025-10-07 19:02:05.5290763 -03:00,10,0
1804328,26,26-CAMBIO DE HERRAMIENTAS DEBIDO A DESGASTE,165.228,siderca\60062291,CDT,2025-10-07 21:30:10.3598531 -03:00,1804279,2025-10-07 20:08:00.3387224 -03:00,11,0
1804371,26,26-CAMBIO DE HERRAMIENTAS DEBIDO A DESGASTE,720.311,siderca\60062291,"CPT,GSR,GA15,GFC,GDS,CDT",2025-10-07 22:44:46.4629866 -03:00,1804328,2025-10-07 21:32:55.5873593 -03:00,11,1
1804399,26,26-CAMBIO DE HERRAMIENTAS DEBIDO A DESGASTE,127,siderca\60062291,CDT,2025-10-08 00:11:42.0617186 -03:00,1804371,2025-10-07 22:56:46.7732581 -03:00,11,0
1804431,26,26-CAMBIO DE HERRAMIENTAS DEBIDO A DESGASTE,422.266,siderca\60062291,"CPT,GA15,GDS,CDT",2025-10-08 01:27:26.0555833 -03:00,1804399,2025-10-08 00:13:49.0617186 -03:00,9,1
1804461,26,26-CAMBIO DE HERRAMIENTAS DEBIDO A DESGASTE,398.478,siderca\60062291,"GSR,GFC,CDT",2025-10-08 02:36:45.9870643 -03:00,1804431,2025-10-08 01:34:28.3217712 -03:00,10,0
1804493,26,26-CAMBIO DE HERRAMIENTAS DEBIDO A DESGASTE,461.146,siderca\60062291,"CPT,CA15,GA15,CDS,CDT",2025-10-08 03:52:53.5237876 -03:00,1804461,2025-10-08 02:43:24.4650893 -03:00,12,1
1804545,26,26-CAMBIO DE HERRAMIENTAS DEBIDO A DESGASTE,120.743,siderca\13066,CDT,2025-10-08 05:05:46.1519731 -03:00,1804493,2025-10-08 04:00:34.6695610 -03:00,11,0
1804595,26,26-CAMBIO DE HERRAMIENTAS DEBIDO A DESGASTE,634.268,siderca\13066,"CPT,GSR,CFC,GFC,CDS,GDS,CDT",2025-10-08 06:41:21.2737386 -03:00,1804545,2025-10-08 05:07:46.8944206 -03:00,10,0
1804626,26,26-CAMBIO DE HERRAMIENTAS DEBIDO A DESGASTE,59.524,siderca\13066,CDT,2025-10-08 08:30:27.7834334 -03:00,1804595,2025-10-08 06:51:55.5410900 -03:00,12,0
1804649,26,26-CAMBIO DE HERRAMIENTAS DEBIDO A DESGASTE,754.064,siderca\13066,"CPT,GA15,GDS,CDT",2025-10-08 09:38:50.1458392 -03:00,1804626,2025-10-08 08:31:27.3070116 -03:00,9,1
1804692,26,26-CAMBIO DE HERRAMIENTAS DEBIDO A DESGASTE,451.235,siderca\13066,"CSR,GSR,GFC,CDT",2025-10-08 10:55:40.8847902 -03:00,1804649,2025-10-08 09:51:24.2095955 -03:00,10,0
1804725,26,26-CAMBIO DE HERRAMIENTAS DEBIDO A DESGASTE,474.116,siderca\13066,"CPT,GA15,GDS,CDT",2025-10-08 12:01:53.9577118 -03:00,1804692,2025-10-08 11:03:12.1199683 -03:00,10,0
1804786,26,26-CAMBIO DE HERRAMIENTAS DEBIDO A DESGASTE,73.184,tenaris\17998,GA15,2025-10-08 13:17:10.2722507 -03:00,1804725,2025-10-08 12:09:48.0734619 -03:00,10,0
1804822,26,26-CAMBIO DE HERRAMIENTAS DEBIDO A DESGASTE,653.241,tenaris\17998,"CPT,CSR,CA15,CA12,CFC,CDS",2025-10-08 14:10:28.0467446 -03:00,1804786,2025-10-08 13:18:23.4568446 -03:00,10,0
1804861,26,26-CAMBIO DE HERRAMIENTAS DEBIDO A DESGASTE,103.487,tenaris\17998,GA15,2025-10-08 15:26:48.8944362 -03:00,1804822,2025-10-08 14:21:21.2872907 -03:00,11,0
1804889,26,26-CAMBIO DE HERRAMIENTAS DEBIDO A DESGASTE,380.471,tenaris\17998,"CPT,GA15,GA12,GDS",2025-10-08 16:18:46.1305339 -03:00,1804861,2025-10-08 15:28:32.3810683 -03:00,9,0
1804927,26,26-CAMBIO DE HERRAMIENTAS DEBIDO A DESGASTE,365,tenaris\17998,"GSR,GA15,GFC",2025-10-08 17:25:54.9942344 -03:00,1804889,2025-10-08 16:25:06.6013477 -03:00,10,2
1804977,26,26-CAMBIO DE HERRAMIENTAS DEBIDO A DESGASTE,630.209,tenaris\17998,"CPT,CA15,GA12,GFC,GDS",2025-10-08 18:44:34.3078736 -03:00,1804927,2025-10-08 17:31:59.9942344 -03:00,13,0
1805024,26,26-CAMBIO DE HERRAMIENTAS DEBIDO A DESGASTE,79.895,tenaris\17998,GA15,2025-10-08 20:00:48.5769072 -03:00,1804977,2025-10-08 18:55:04.5166089 -03:00,10,0
1805080,26,26-CAMBIO DE HERRAMIENTAS DEBIDO A DESGASTE,599.427,siderca\60062291,"CPT,GSR,GA15,GFC,GDS,CDT",2025-10-08 21:14:01.4348182 -03:00,1805024,2025-10-08 20:02:08.4711126 -03:00,12,0
1805122,26,26-CAMBIO DE HERRAMIENTAS DEBIDO A DESGASTE,64.106,siderca\60062291,CDT,2025-10-08 22:23:52.6067613 -03:00,1805080,2025-10-08 21:24:00.8614785 -03:00,10,0
1805173,26,26-CAMBIO DE HERRAMIENTAS DEBIDO A DESGASTE,480.257,siderca\60062291,"CPT,CA15,CDS,CDT",2025-10-08 23:54:40.0255146 -03:00,1805122,2025-10-08 22:24:56.7126108 -03:00,11,6
1805207,26,26-CAMBIO DE HERRAMIENTAS DEBIDO A DESGASTE,561.748,siderca\60062291,"GSR,GFC,CDT",2025-10-09 01:08:18.7069714 -03:00,1805173,2025-10-09 00:02:40.2825572 -03:00,11,0
1805254,26,26-CAMBIO DE HERRAMIENTAS DEBIDO A DESGASTE,463.239,siderca\60062291,"CPT,GA15,GDS,CDT",2025-10-09 02:34:17.4724860 -03:00,1805207,2025-10-09 01:17:40.4544887 -03:00,12,0
1805291,26,26-CAMBIO DE HERRAMIENTAS DEBIDO A DESGASTE,320.972,siderca\60062291,CDT,2025-10-09 03:46:51.9207488 -03:00,1805254,2025-10-09 02:42:00.7111771 -03:00,11,0
1805340,26,26-CAMBIO DE HERRAMIENTAS DEBIDO A DESGASTE,731.139,siderca\13066,"CPT,CSR,GSR,GA15,GFC,GDS,CDT",2025-10-09 05:10:34.0000000 -03:00,1805337,2025-10-09 05:22:45.2327466 -03:00,0,0
1805337,26,26-CAMBIO DE HERRAMIENTAS DEBIDO A DESGASTE,0.093,siderca\13066,"CPT,CSR,GSR,GA15,GFC,GDS,CDT",2025-10-09 05:22:45.1390120 -03:00,1805291,2025-10-09 03:52:12.8928295 -03:00,10,1
1805363,26,26-CAMBIO DE HERRAMIENTAS DEBIDO A DESGASTE,251.633,siderca\13066,"GA15,CDT",2025-10-09 06:35:34.5354788 -03:00,1805340,2025-10-09 05:22:45.1390120 -03:00,12,0
1805393,26,26-CAMBIO DE HERRAMIENTAS DEBIDO A DESGASTE,535.453,siderca\13066,"CPT,GFC,GDS,CDT",2025-10-09 07:51:42.0558039 -03:00,1805363,2025-10-09 06:39:46.1689113 -03:00,10,0
1805419,26,26-CAMBIO DE HERRAMIENTAS DEBIDO A DESGASTE,365.166,siderca\13066,"GSR,GFC,CDT",2025-10-09 08:59:55.7181711 -03:00,1805393,2025-10-09 08:00:37.5087603 -03:00,10,0
1805445,26,26-CAMBIO DE HERRAMIENTAS DEBIDO A DESGASTE,489.538,siderca\13066,"CPT,GA15,GDS,CDT",2025-10-09 10:11:08.3997611 -03:00,1805419,2025-10-09 09:06:00.8841458 -03:00,12,0
1805459,26,26-CAMBIO DE HERRAMIENTAS DEBIDO A DESGASTE,734.906,siderca\13066,"GSR,GFC,CDT",2025-10-09 11:01:14.1408290 -03:00,1805445,2025-10-09 10:19:17.9377066 -03:00,8,0
1805503,26,26-CAMBIO DE HERRAMIENTAS DEBIDO A DESGASTE,112.478,tenaris\17998,"CPT,CSR,CA15,CA12,CFC,CDS",2025-10-09 12:58:07.5220288 -03:00,1805459,2025-10-09 11:13:29.0466646 -03:00,15,0
1805513,26,26-CAMBIO DE HERRAMIENTAS DEBIDO A DESGASTE,519.842,tenaris\17998,"CPT,CSR,CA15,CA12,CFC,CDS",2025-10-09 13:00:00.0000000 -03:00,1805503,2025-10-09 13:00:00.0000000 -03:00,0,0
1805553,26,26-CAMBIO DE HERRAMIENTAS DEBIDO A DESGASTE,135.064,tenaris\17998,GA15,2025-10-09 14:16:11.6924322 -03:00,1805513,2025-10-09 13:08:39.8422346 -03:00,12,1
1805576,26,26-CAMBIO DE HERRAMIENTAS DEBIDO A DESGASTE,623.272,tenaris\17998,"CPT,GA15,GA12,GDS",2025-10-09 15:22:19.1745054 -03:00,1805553,2025-10-09 14:18:26.7562482 -03:00,12,0
1805613,26,26-CAMBIO DE HERRAMIENTAS DEBIDO A DESGASTE,280.321,tenaris\17998,"GSR,GFC",2025-10-09 16:49:39.2150252 -03:00,1805576,2025-10-09 15:32:42.4460837 -03:00,12,0
1805639,26,26-CAMBIO DE HERRAMIENTAS DEBIDO A DESGASTE,911.577,tenaris\17998,"CPT,GSR,CA15,GA12,GFC,GDS",2025-10-09 18:00:03.1505352 -03:00,1805613,2025-10-09 16:54:19.5361400 -03:00,11,1
1805671,26,26-CAMBIO DE HERRAMIENTAS DEBIDO A DESGASTE,101.367,tenaris\17998,GA15,2025-10-09 19:25:28.5809623 -03:00,1805639,2025-10-09 18:15:14.7271390 -03:00,11,1
1805690,26,26-CAMBIO DE HERRAMIENTAS DEBIDO A DESGASTE,386.052,tenaris\17998,"CPT,GA15,GA12,GDS",2025-10-09 20:14:08.5768315 -03:00,1805671,2025-10-09 19:27:09.9479877 -03:00,8,0
1805730,26,26-CAMBIO DE HERRAMIENTAS DEBIDO A DESGASTE,386.027,siderca\60062291,"GSR,GFC,CDT",2025-10-09 21:35:26.7050849 -03:00,1805690,2025-10-09 20:20:34.6288365 -03:00,10,0
1805754,26,26-CAMBIO DE HERRAMIENTAS DEBIDO A DESGASTE,385.26,siderca\60062291,"CPT,CA15,CDS,CDT",2025-10-09 22:41:38.7995609 -03:00,1805730,2025-10-09 21:41:52.7327257 -03:00,10,1
1805784,26,26-CAMBIO DE HERRAMIENTAS DEBIDO A DESGASTE,170.243,siderca\60062291,CDT,2025-10-09 23:45:12.2800355 -03:00,1805754,2025-10-09 22:48:04.0596308 -03:00,11,0
1805804,26,26-CAMBIO DE HERRAMIENTAS DEBIDO A DESGASTE,616,siderca\60062291,"CPT,CSR,GA15,GFC,GDS,CDT",2025-10-10 00:45:25.7519529 -03:00,1805784,2025-10-09 23:48:02.5236076 -03:00,11,1
1805851,26,26-CAMBIO DE HERRAMIENTAS DEBIDO A DESGASTE,226.665,siderca\60062291,CDT,2025-10-10 02:14:39.6391553 -03:00,1805804,2025-10-10 00:55:41.7519529 -03:00,12,0
1805875,26,26-CAMBIO DE HERRAMIENTAS DEBIDO A DESGASTE,748.914,siderca\60062291,"CPT,GSR,GA15,GFC,GDS,CDT",2025-10-10 03:12:35.0814901 -03:00,1805851,2025-10-10 02:18:26.3043728 -03:00,9,0
1806513,26,26-CAMBIO DE HERRAMIENTAS DEBIDO A DESGASTE,600,siderca\17701,"CPT,CSR,CA15,CFC,CDS,CDT",2025-10-13 05:10:09.0000000 -03:00,1805875,2025-10-10 03:25:03.9959880 -03:00,14,0
1806536,26,26-CAMBIO DE HERRAMIENTAS DEBIDO A DESGASTE,248,siderca\17701,CA15,2025-10-13 06:53:49.5589695 -03:00,1806513,2025-10-13 05:20:09.0000000 -03:00,11,0
1806559,26,26-CAMBIO DE HERRAMIENTAS DEBIDO A DESGASTE,474.327,siderca\17701,"CPT,CA15,CFC,CDS",2025-10-13 07:59:11.0548478 -03:00,1806536,2025-10-13 06:57:57.5589695 -03:00,11,0
1806585,26,26-CAMBIO DE HERRAMIENTAS DEBIDO A DESGASTE,385,siderca\17701,"CSR,CA15,CFC",2025-10-13 09:04:58.2534141 -03:00,1806559,2025-10-13 08:07:05.3811236 -03:00,11,0
1806618,26,26-CAMBIO DE HERRAMIENTAS DEBIDO A DESGASTE,423.757,siderca\17701,"CPT,CA15,CFC,CDS",2025-10-13 10:11:34.5958076 -03:00,1806585,2025-10-13 09:11:23.2534141 -03:00,11,0
1806645,26,26-CAMBIO DE HERRAMIENTAS DEBIDO A DESGASTE,161.69,siderca\17701,CA15,2025-10-13 11:15:48.3065676 -03:00,1806618,2025-10-13 10:18:38.3528527 -03:00,10,0
1806670,26,26-CAMBIO DE HERRAMIENTAS DEBIDO A DESGASTE,522.705,siderca\17701,"CPT,CSR,CA15,CFC,CDS,CDT",2025-10-13 12:27:43.4694668 -03:00,1806645,2025-10-13 11:18:29.9969039 -03:00,10,2
1806717,26,26-CAMBIO DE HERRAMIENTAS DEBIDO A DESGASTE,180.64,siderca\60062291,CDT,2025-10-13 13:55:18.2069624 -03:00,1806670,2025-10-13 12:36:26.1746924 -03:00,12,1
1806731,26,26-CAMBIO DE HERRAMIENTAS DEBIDO A DESGASTE,571,siderca\60062291,"CPT,CA15,GDS,CDT",2025-10-13 14:40:45.5689384 -03:00,1806717,2025-10-13 13:58:18.8464451 -03:00,6,0
1806754,26,26-CAMBIO DE HERRAMIENTAS DEBIDO A DESGASTE,332.978,siderca\60062291,"GSR,GFC,CDT",2025-10-13 15:54:17.6767699 -03:00,1806731,2025-10-13 14:50:16.5689384 -03:00,11,0
1806777,26,26-CAMBIO DE HERRAMIENTAS DEBIDO A DESGASTE,407.668,siderca\60062291,"CPT,GA15,CDS,GDS,CDT",2025-10-13 16:59:06.4479043 -03:00,1806754,2025-10-13 15:59:50.6544125 -03:00,10,0
1806800,26,26-CAMBIO DE HERRAMIENTAS DEBIDO A DESGASTE,231.268,siderca\60062291,CDT,2025-10-13 18:03:01.8282175 -03:00,1806777,2025-10-13 17:05:54.1151324 -03:00,10,0
1806822,26,26-CAMBIO DE HERRAMIENTAS DEBIDO A DESGASTE,762.248,siderca\60062291,"CPT,GSR,GA15,GFC,GDS,CDT",2025-10-13 19:11:10.4787052 -03:00,1806800,2025-10-13 18:06:53.0960757 -03:00,10,0
1806842,26,26-CAMBIO DE HERRAMIENTAS DEBIDO A DESGASTE,140,siderca\60062291,CDT,2025-10-13 20:16:56.2174482 -03:00,1806822,2025-10-13 19:23:52.7265665 -03:00,9,1
1806889,26,26-CAMBIO DE HERRAMIENTAS DEBIDO A DESGASTE,600.33,siderca\12985,"CPT,CA15,GA15,CDS,GDS,CDT",2025-10-13 21:33:11.0398168 -03:00,1806842,2025-10-13 20:19:16.2174482 -03:00,12,3
1806915,26,26-CAMBIO DE HERRAMIENTAS DEBIDO A DESGASTE,349.206,siderca\12985,"CSR,GSR,CA15,GA15",2025-10-13 23:02:44.8382815 -03:00,1806889,2025-10-13 21:43:11.3695826 -03:00,11,1
1806956,26,26-CAMBIO DE HERRAMIENTAS DEBIDO A DESGASTE,798,siderca\12985,"CPT,CA15,GA15,CFC,GFC,CDS,GDS,CDT",2025-10-14 00:57:54.2808524 -03:00,1806915,2025-10-13 23:08:34.0440670 -03:00,12,1
1807073,26,26-CAMBIO DE HERRAMIENTAS DEBIDO A DESGASTE,704,siderca\17701,"CPT,CSR,CA15,CFC,CDS,CDT",2025-10-14 05:36:34.8819366 -03:00,1806956,2025-10-14 01:11:12.2808524 -03:00,22,6
1807102,26,26-CAMBIO DE HERRAMIENTAS DEBIDO A DESGASTE,160.824,siderca\17701,CA15,2025-10-14 07:10:50.1021787 -03:00,1807073,2025-10-14 05:48:18.8819366 -03:00,12,0
1807122,26,26-CAMBIO DE HERRAMIENTAS DEBIDO A DESGASTE,538.477,siderca\17701,"CPT,CA15,CFC,CDS",2025-10-14 08:05:34.8667844 -03:00,1807102,2025-10-14 07:13:30.9267530 -03:00,9,0
1807144,26,26-CAMBIO DE HERRAMIENTAS DEBIDO A DESGASTE,496.382,siderca\17701,"CSR,CA15,CFC",2025-10-14 09:12:03.9675839 -03:00,1807122,2025-10-14 08:14:33.3435729 -03:00,11,0
1807216,26,26-CAMBIO DE HERRAMIENTAS DEBIDO A DESGASTE,451.155,siderca\17701,"CA15,CFC,CDS",2025-10-14 12:26:09.2649476 -03:00,1807144,2025-10-14 09:20:20.3497081 -03:00,8,2
1807249,26,26-CAMBIO DE HERRAMIENTAS DEBIDO A DESGASTE,993.883,siderca\60062291,"CPT,CPA,GSR,CA15,GA15,CFC,GFC,GDS,CDT",2025-10-14 13:35:26.1632136 -03:00,1807216,2025-10-14 12:33:40.4193900 -03:00,11,0
1807287,26,26-CAMBIO DE HERRAMIENTAS DEBIDO A DESGASTE,57.656,siderca\60062291,CDT,2025-10-14 15:11:39.5202252 -03:00,1807249,2025-10-14 13:52:00.0468543 -03:00,10,0
1807306,26,26-CAMBIO DE HERRAMIENTAS DEBIDO A DESGASTE,496.394,siderca\60062291,"CPA,GA15,GDS,CDT",2025-10-14 16:09:36.4184032 -03:00,1807287,2025-10-14 15:12:37.1764607 -03:00,10,0
1807330,26,26-CAMBIO DE HERRAMIENTAS DEBIDO A DESGASTE,470.931,siderca\60062291,"CPT,CSR,GFC,CDT",2025-10-14 17:16:10.8584160 -03:00,1807306,2025-10-14 16:17:52.8124536 -03:00,11,0
1807362,26,26-CAMBIO DE HERRAMIENTAS DEBIDO A DESGASTE,403.166,siderca\60062291,"CPA,GA15,GDS,CDT",2025-10-14 18:24:08.5255560 -03:00,1807330,2025-10-14 17:24:01.7897372 -03:00,10,0
1807391,26,26-CAMBIO DE HERRAMIENTAS DEBIDO A DESGASTE,139,siderca\60062291,CDT,2025-10-14 19:30:55.0552353 -03:00,1807362,2025-10-14 18:30:51.6914622 -03:00,10,0
1807424,26,26-CAMBIO DE HERRAMIENTAS DEBIDO A DESGASTE,940.467,siderca\60062291,"CPT,CPA,GSR,CA15,GA15,GFC,CDS,CDT",2025-10-14 20:19:58.8333860 -03:00,1807391,2025-10-14 19:33:14.0552353 -03:00,7,0
1807479,26,26-CAMBIO DE HERRAMIENTAS DEBIDO A DESGASTE,254.654,siderca\12985,"CA15,GA15",2025-10-14 21:50:35.0625895 -03:00,1807424,2025-10-14 20:35:39.3004485 -03:00,12,0
1807498,26,26-CAMBIO DE HERRAMIENTAS DEBIDO A DESGASTE,575.402,siderca\12985,"CPA,CA15,GA15,CDS,GDS,CDT",2025-10-14 22:54:15.2949178 -03:00,1807479,2025-10-14 21:54:49.7169855 -03:00,10,0
1807528,26,26-CAMBIO DE HERRAMIENTAS DEBIDO A DESGASTE,611.394,siderca\12985,"CPT,CSR,GSR,CA15,GA15,CFC,GFC",2025-10-15 00:03:09.6714163 -03:00,1807498,2025-10-14 23:03:50.6964696 -03:00,11,0
1807554,26,26-CAMBIO DE HERRAMIENTAS DEBIDO A DESGASTE,561.482,siderca\12985,"CPA,CA15,CDS,GDS,CDT",2025-10-15 01:23:43.0112003 -03:00,1807528,2025-10-15 00:13:21.0654082 -03:00,10,0
1807583,26,26-CAMBIO DE HERRAMIENTAS DEBIDO A DESGASTE,208.092,siderca\12985,"CA15,GA15",2025-10-15 02:37:04.8125053 -03:00,1807554,2025-10-15 01:33:04.4938048 -03:00,11,0
1807604,26,26-CAMBIO DE HERRAMIENTAS DEBIDO A DESGASTE,732.983,siderca\12985,"CPT,CPA,CSR,GSR,CA15,GA15,CDS,GDS,CDT",2025-10-15 03:37:07.4367485 -03:00,1807583,2025-10-15 02:40:32.9048497 -03:00,11,0
1807657,26,26-CAMBIO DE HERRAMIENTAS DEBIDO A DESGASTE,180.746,siderca\17701,CA15,2025-10-15 05:08:05.0000000 -03:00,1807604,2025-10-15 03:49:20.4194762 -03:00,12,0
1807676,26,26-CAMBIO DE HERRAMIENTAS DEBIDO A DESGASTE,673.254,siderca\17701,"CPA,CA15,CFC,CDS",2025-10-15 06:08:32.1140963 -03:00,1807657,2025-10-15 05:11:05.7469067 -03:00,11,0
1807711,26,26-CAMBIO DE HERRAMIENTAS DEBIDO A DESGASTE,614.583,siderca\17701,"CPT,CSR,CA15,CFC",2025-10-15 07:33:07.5877841 -03:00,1807676,2025-10-15 06:19:45.3683587 -03:00,11,0
1807736,26,26-CAMBIO DE HERRAMIENTAS DEBIDO A DESGASTE,651.839,siderca\17701,"CPA,CA15,CFC,CDS",2025-10-15 08:47:33.8655980 -03:00,1807711,2025-10-15 07:43:22.1701462 -03:00,12,0
1807760,26,26-CAMBIO DE HERRAMIENTAS DEBIDO A DESGASTE,152.507,siderca\17701,CA15,2025-10-15 10:02:29.0308348 -03:00,1807736,2025-10-15 08:58:25.7044799 -03:00,11,0
1807818,26,26-CAMBIO DE HERRAMIENTAS DEBIDO A DESGASTE,586.477,siderca\17701,"CPT,CPA,CSR,CA15,CFC,CDS",2025-10-15 12:36:32.9732584 -03:00,1807760,2025-10-15 10:05:01.5377379 -03:00,10,0
1807864,26,26-CAMBIO DE HERRAMIENTAS DEBIDO A DESGASTE,116.206,siderca\60062291,CDT,2025-10-15 14:00:47.1860263 -03:00,1807818,2025-10-15 12:46:19.4506431 -03:00,11,0
1807884,26,26-CAMBIO DE HERRAMIENTAS DEBIDO A DESGASTE,658.879,siderca\60062291,"CPT,CPA,GSR,GA15,GFC,GDS,CDT",2025-10-15 14:53:22.0490632 -03:00,1807864,2025-10-15 14:02:43.3927779 -03:00,9,0
1807910,26,26-CAMBIO DE HERRAMIENTAS DEBIDO A DESGASTE,47.943,siderca\60062291,CDT,2025-10-15 16:11:37.2401589 -03:00,1807884,2025-10-15 15:04:20.9287252 -03:00,12,1
1807936,26,26-CAMBIO DE HERRAMIENTAS DEBIDO A DESGASTE,404.444,siderca\60062291,"CPA,GA15,CDS,CDT",2025-10-15 17:02:55.0011638 -03:00,1807910,2025-10-15 16:12:25.1835069 -03:00,10,0
1807970,26,26-CAMBIO DE HERRAMIENTAS DEBIDO A DESGASTE,428,siderca\60062291,"CPT,CSR,GSR,GFC,CDT",2025-10-15 18:13:35.9619117 -03:00,1807936,2025-10-15 17:09:39.4452842 -03:00,10,0
1808013,26,26-CAMBIO DE HERRAMIENTAS DEBIDO A DESGASTE,453,siderca\60062291,"CPA,CA15,CDS,CDT",2025-10-15 19:34:26.1318825 -03:00,1807970,2025-10-15 18:20:43.9619117 -03:00,11,2
1808078,26,26-CAMBIO DE HERRAMIENTAS DEBIDO A DESGASTE,145.792,siderca\12985,"CA15,GA15",2025-10-15 21:10:12.6550919 -03:00,1808013,2025-10-15 19:41:59.1318825 -03:00,13,2
1808144,26,26-CAMBIO DE HERRAMIENTAS DEBIDO A DESGASTE,840.416,siderca\12985,"CPT,CPA,CSR,GSR,CA15,GA15,CDS,GDS,CDT",2025-10-15 22:49:17.0068582 -03:00,1808078,2025-10-15 21:12:38.4471646 -03:00,10,0
1808212,26,26-CAMBIO DE HERRAMIENTAS DEBIDO A DESGASTE,696.771,siderca\12985,"CPA,CA15,GA15,CFC,GFC,CDS,GDS,CDT",2025-10-16 01:19:18.3631139 -03:00,1808144,2025-10-15 23:03:17.4229668 -03:00,21,0
1808249,26,26-CAMBIO DE HERRAMIENTAS DEBIDO A DESGASTE,463.136,siderca\12985,"CPT,GSR,CDT",2025-10-16 02:30:12.0898198 -03:00,1808212,2025-10-16 01:30:55.1341670 -03:00,10,0
1808287,26,26-CAMBIO DE HERRAMIENTAS DEBIDO A DESGASTE,570.01,siderca\12985,"CPA,CA15,GA15,CDS,GDS,CDT",2025-10-16 03:36:42.8743305 -03:00,1808249,2025-10-16 02:37:55.2251123 -03:00,10,0
1808301,26,26-CAMBIO DE HERRAMIENTAS DEBIDO A DESGASTE,340.692,siderca\12985,CPA,2025-10-16 03:58:05.4856012 -03:00,1808287,2025-10-16 03:46:12.8844435 -03:00,1,0
1808372,26,26-CAMBIO DE HERRAMIENTAS DEBIDO A DESGASTE,245.361,siderca\17701,"CA15,CFC",2025-10-16 05:52:20.2165713 -03:00,1808301,2025-10-16 04:03:46.1775888 -03:00,11,0
1808397,26,26-CAMBIO DE HERRAMIENTAS DEBIDO A DESGASTE,690,siderca\17701,"CPT,CPA,CSR,CA15,CFC,CDS",2025-10-16 06:54:55.9664169 -03:00,1808372,2025-10-16 05:56:25.5770727 -03:00,11,0
1808436,26,26-CAMBIO DE HERRAMIENTAS DEBIDO A DESGASTE,105.531,siderca\17701,CA15,2025-10-16 08:16:15.4417040 -03:00,1808397,2025-10-16 07:06:25.9664169 -03:00,11,0
1808462,26,26-CAMBIO DE HERRAMIENTAS DEBIDO A DESGASTE,364.028,siderca\17701,"CPA,CA15,CDS",2025-10-16 09:20:29.0910790 -03:00,1808436,2025-10-16 08:18:00.9727344 -03:00,10,0
1808516,26,26-CAMBIO DE HERRAMIENTAS DEBIDO A DESGASTE,360.426,siderca\17701,"CPT,CSR,CA15",2025-10-16 11:01:57.6267909 -03:00,1808462,2025-10-16 09:26:33.1196904 -03:00,11,0
1808638,26,26-CAMBIO DE HERRAMIENTAS DEBIDO A DESGASTE,109.032,siderca\60062291,CDT,2025-10-16 14:11:28.0625156 -03:00,1808516,2025-10-16 11:07:58.0525038 -03:00,21,0
1808661,26,26-CAMBIO DE HERRAMIENTAS DEBIDO A DESGASTE,694,siderca\60062291,"CPT,CPA,GSR,CA15,GFC,CDS,CDT",2025-10-16 14:54:16.2561142 -03:00,1808638,2025-10-16 14:13:17.0945263 -03:00,6,0
1808731,26,26-CAMBIO DE HERRAMIENTAS DEBIDO A DESGASTE,25.482,siderca\60062291,CDT,2025-10-16 17:03:54.3663959 -03:00,1808661,2025-10-16 15:05:50.2561142 -03:00,12,0
1808756,26,26-CAMBIO DE HERRAMIENTAS DEBIDO A DESGASTE,460.11,siderca\60062291,"CPA,GA15,GDS,CDT",2025-10-16 17:52:02.2638291 -03:00,1808731,2025-10-16 17:04:19.8482546 -03:00,8,0
1808795,26,26-CAMBIO DE HERRAMIENTAS DEBIDO A DESGASTE,465,siderca\60062291,"CPT,GSR,GFC,CDT",2025-10-16 18:58:27.3376384 -03:00,1808756,2025-10-16 17:59:42.3738260 -03:00,10,0
1808839,26,26-CAMBIO DE HERRAMIENTAS DEBIDO A DESGASTE,434,siderca\60062291,"CPA,GA15,GDS,CDT",2025-10-16 20:17:52.9881893 -03:00,1808795,2025-10-16 19:06:12.3376384 -03:00,11,0
1808896,26,26-CAMBIO DE HERRAMIENTAS DEBIDO A DESGASTE,198.445,siderca\12985,"CA15,GA15",2025-10-16 21:44:00.0268059 -03:00,1808839,2025-10-16 20:25:06.9881893 -03:00,11,0
1808929,26,26-CAMBIO DE HERRAMIENTAS DEBIDO A DESGASTE,719.066,siderca\12985,"CPT,CPA,CSR,GSR,CA15,GA15,CDS,GDS,CDT",2025-10-16 22:42:45.4169733 -03:00,1808896,2025-10-16 21:47:18.4719274 -03:00,11,0
1809059,26,26-CAMBIO DE HERRAMIENTAS DEBIDO A DESGASTE,420.795,siderca\12985,"CPA,CA15,GA15,CDS,GDS,CDT",2025-10-17 01:55:42.3004528 -03:00,1808929,2025-10-16 22:54:44.4822564 -03:00,21,0
1809117,26,26-CAMBIO DE HERRAMIENTAS DEBIDO A DESGASTE,631.036,siderca\12985,"CPT,CSR,GSR,CA15,GA15,CDT",2025-10-17 03:36:30.0898927 -03:00,1809059,2025-10-17 02:02:43.0953781 -03:00,13,0
1809171,26,26-CAMBIO DE HERRAMIENTAS DEBIDO A DESGASTE,651.682,siderca\17701,"CPA,CA15,CFC,CDS",2025-10-17 05:08:41.8518222 -03:00,1809117,2025-10-17 03:47:01.1259397 -03:00,13,0
1809247,26,26-CAMBIO DE HERRAMIENTAS DEBIDO A DESGASTE,112.664,siderca\17701,CA15,2025-10-17 07:15:04.8262986 -03:00,1809171,2025-10-17 05:19:33.5338281 -03:00,14,0
1809306,26,26-CAMBIO DE HERRAMIENTAS DEBIDO A DESGASTE,703.356,siderca\17701,"CPA,GA15,GFC",2025-10-17 09:01:36.2379052 -03:00,1809247,2025-10-17 07:16:57.4903282 -03:00,10,0
1809335,26,26-CAMBIO DE HERRAMIENTAS DEBIDO A DESGASTE,197.947,siderca\17701,CA15,2025-10-17 10:18:20.5832537 -03:00,1809306,2025-10-17 09:13:19.5934663 -03:00,11,0
1809365,26,26-CAMBIO DE HERRAMIENTAS DEBIDO A DESGASTE,510.981,siderca\17701,"CPA,CA15,CFC,CDS",2025-10-17 11:18:26.5440206 -03:00,1809335,2025-10-17 10:21:38.5305682 -03:00,11,0
1809404,26,26-CAMBIO DE HERRAMIENTAS DEBIDO A DESGASTE,451.878,siderca\17701,"CPT,CSR,CA15,CFC",2025-10-17 12:24:29.5250274 -03:00,1809365,2025-10-17 11:26:57.5257775 -03:00,11,0
1809457,26,26-CAMBIO DE HERRAMIENTAS DEBIDO A DESGASTE,521.521,siderca\60062291,"CPA,CA15,CDS,CDT",2025-10-17 13:34:33.4956799 -03:00,1809404,2025-10-17 12:32:01.4039318 -03:00,10,0
1809813,26,26-CAMBIO DE HERRAMIENTAS DEBIDO A DESGASTE,128.62,siderca\12985,CDT,2025-10-18 00:46:12.1749158 -03:00,1809457,2025-10-17 13:43:15.0169345 -03:00,34,1
1809820,26,26-CAMBIO DE HERRAMIENTAS DEBIDO A DESGASTE,241.1,siderca\12985,CDT,2025-10-18 00:55:23.7944912 -03:00,1809813,2025-10-18 00:48:20.7944912 -03:00,0,0
1811017,26,26-CAMBIO DE HERRAMIENTAS DEBIDO A DESGASTE,524,siderca\17701,"CPT,CSR,CA15,CFC",2025-10-18 07:35:37.7794844 -03:00,1809820,2025-10-18 00:59:24.8945357 -03:00,27,1
1811059,26,26-CAMBIO DE HERRAMIENTAS DEBIDO A DESGASTE,808.003,siderca\17701,"CPA,CA15,CFC,CDS",2025-10-18 09:12:47.7045010 -03:00,1811017,2025-10-18 07:44:21.7794844 -03:00,11,0
1811105,26,26-CAMBIO DE HERRAMIENTAS DEBIDO A DESGASTE,324.086,siderca\17701,CA15,2025-10-18 10:50:32.3105868 -03:00,1811059,2025-10-18 09:26:15.7078271 -03:00,10,0
1811153,26,26-CAMBIO DE HERRAMIENTAS DEBIDO A DESGASTE,719.905,siderca\17701,"CPT,CPA,CSR,CA15,CFC,CDS,CDT",2025-10-18 12:12:02.8435389 -03:00,1811105,2025-10-18 10:55:56.3963624 -03:00,10,0
1811211,26,26-CAMBIO DE HERRAMIENTAS DEBIDO A DESGASTE,261.024,siderca\60062291,CDT,2025-10-18 13:41:44.4873568 -03:00,1811153,2025-10-18 12:24:02.7484903 -03:00,10,0
1811279,26,26-CAMBIO DE HERRAMIENTAS DEBIDO A DESGASTE,360,siderca\60062291,"CPA,GA15,CDS,GDS,CDT",2025-10-18 15:03:48.2604830 -03:00,1811211,2025-10-18 13:46:05.5119054 -03:00,10,0
1811300,26,26-CAMBIO DE HERRAMIENTAS DEBIDO A DESGASTE,611.445,siderca\60062291,"CPT,GSR,GA15,GFC,CDT",2025-10-18 16:28:01.0880186 -03:00,1811279,2025-10-18 15:09:48.2604830 -03:00,11,0
1811357,26,26-CAMBIO DE HERRAMIENTAS DEBIDO A DESGASTE,547.021,siderca\60062291,"CPA,GA15,GDS,CDT",2025-10-18 18:06:22.0722046 -03:00,1811300,2025-10-18 16:38:12.5334970 -03:00,11,4
1811409,26,26-CAMBIO DE HERRAMIENTAS DEBIDO A DESGASTE,145.196,siderca\60062291,CDT,2025-10-18 19:32:53.0120073 -03:00,1811357,2025-10-18 18:15:29.0931112 -03:00,10,0
1811490,26,26-CAMBIO DE HERRAMIENTAS DEBIDO A DESGASTE,932,siderca\12985,"CPT,CPA,CSR,GSR,CA15,GA15,CFC,GFC,CDS,GDS,CDT",2025-10-18 21:27:32.9791617 -03:00,1811409,2025-10-18 19:35:18.2087245 -03:00,11,0
1811549,26,26-CAMBIO DE HERRAMIENTAS DEBIDO A DESGASTE,235.343,siderca\12985,"CA15,GA15",2025-10-18 23:08:33.9259033 -03:00,1811490,2025-10-18 21:43:04.9791617 -03:00,12,0
1811599,26,26-CAMBIO DE HERRAMIENTAS DEBIDO A DESGASTE,489.139,siderca\12985,"CPA,CA15,GA15,CDS,GDS,CDT",2025-10-19 00:37:15.3309748 -03:00,1811549,2025-10-18 23:12:29.2681728 -03:00,11,0
1811647,26,26-CAMBIO DE HERRAMIENTAS DEBIDO A DESGASTE,722.537,siderca\12985,"CPT,CSR,GSR,CA15,GA15,CDS,GDS,CDT",2025-10-19 02:10:57.1307789 -03:00,1811599,2025-10-19 00:45:24.4696588 -03:00,11,1
1812703,26,26-CAMBIO DE HERRAMIENTAS DEBIDO A DESGASTE,394.213,siderca\12985,"CPA,CA15,GA15",2025-10-19 03:56:36.9689372 -03:00,1811647,2025-10-19 02:22:59.6673247 -03:00,12,0
1812821,26,26-CAMBIO DE HERRAMIENTAS DEBIDO A DESGASTE,943,siderca\60062291,"CPT,CPA,GSR,GA15,CFC,GFC,GDS,CDT",2025-10-20 05:39:21.4493327 -03:00,1812703,2025-10-19 04:03:11.1816659 -03:00,10,0
1812906,26,26-CAMBIO DE HERRAMIENTAS DEBIDO A DESGASTE,120.431,siderca\60062291,CDT,2025-10-20 07:34:38.2645505 -03:00,1812821,2025-10-20 05:55:04.4493327 -03:00,12,0
1812943,26,26-CAMBIO DE HERRAMIENTAS DEBIDO A DESGASTE,462.929,siderca\60062291,"CPA,CA15,GDS,CDT",2025-10-20 08:49:13.2028378 -03:00,1812906,2025-10-20 07:36:38.6958066 -03:00,10,0
1813000,26,26-CAMBIO DE HERRAMIENTAS DEBIDO A DESGASTE,650,siderca\60062291,"CPT,CSR,GSR,CFC,GFC,CDT",2025-10-20 10:19:02.8863536 -03:00,1812943,2025-10-20 08:56:56.1317782 -03:00,11,0
1813061,26,26-CAMBIO DE HERRAMIENTAS DEBIDO A DESGASTE,474.021,siderca\60062291,"CPA,GA15,CDS,GDS,CDT",2025-10-20 11:56:13.6672788 -03:00,1813000,2025-10-20 10:29:52.8863536 -03:00,11,0
1813122,26,26-CAMBIO DE HERRAMIENTAS DEBIDO A DESGASTE,193.218,siderca\12985,"CA15,GA15",2025-10-20 13:20:08.6085998 -03:00,1813061,2025-10-20 12:04:07.6889065 -03:00,11,0
1813171,26,26-CAMBIO DE HERRAMIENTAS DEBIDO A DESGASTE,777,siderca\12985,"CPT,CPA,CSR,GSR,CA15,GA15,CDS,GDS,CDT",2025-10-20 14:43:09.9494217 -03:00,1813122,2025-10-20 13:23:21.8261750 -03:00,11,0
1813238,26,26-CAMBIO DE HERRAMIENTAS DEBIDO A DESGASTE,155.736,siderca\12985,"CA15,GA15",2025-10-20 16:34:10.3069501 -03:00,1813171,2025-10-20 14:56:06.9494217 -03:00,13,1
1813282,26,26-CAMBIO DE HERRAMIENTAS DEBIDO A DESGASTE,559.303,siderca\12985,"CPA,CA15,GA15,CFC,CDS,GDS,CDT",2025-10-20 17:46:15.7533431 -03:00,1813238,2025-10-20 16:36:46.0427323 -03:00,10,0
1813296,26,26-CAMBIO DE HERRAMIENTAS DEBIDO A DESGASTE,78.369,siderca\12985,"CA15,GA15",2025-10-20 18:08:52.8623427 -03:00,1813282,2025-10-20 17:55:35.0563254 -03:00,2,0
1813342,26,26-CAMBIO DE HERRAMIENTAS DEBIDO A DESGASTE,557.459,siderca\12985,"CPT,CSR,GSR,CA15,GA15,GFC",2025-10-20 19:24:27.9430591 -03:00,1813296,2025-10-20 18:10:11.2314646 -03:00,8,0
1813429,26,26-CAMBIO DE HERRAMIENTAS DEBIDO A DESGASTE,528.24,siderca\17701,"CPA,CA15,CFC,CDS",2025-10-20 21:15:10.2101632 -03:00,1813342,2025-10-20 19:33:45.4027985 -03:00,13,0
1813507,26,26-CAMBIO DE HERRAMIENTAS DEBIDO A DESGASTE,230,siderca\17701,CA15,2025-10-20 23:04:12.3503730 -03:00,1813429,2025-10-20 21:23:58.4502595 -03:00,10,0
1813571,26,26-CAMBIO DE HERRAMIENTAS DEBIDO A DESGASTE,669,siderca\17701,"CPT,CPA,CSR,CA15,CFC,CDS,CDT",2025-10-21 00:42:52.2775202 -03:00,1813507,2025-10-20 23:08:02.3503730 -03:00,11,0
1813636,26,26-CAMBIO DE HERRAMIENTAS DEBIDO A DESGASTE,175.848,siderca\17701,CA15,2025-10-21 02:18:56.4422225 -03:00,1813571,2025-10-21 00:54:01.2775202 -03:00,11,0
1813686,26,26-CAMBIO DE HERRAMIENTAS DEBIDO A DESGASTE,420.059,siderca\17701,"CPA,CA15,CFC,CDS",2025-10-21 03:36:47.2940128 -03:00,1813636,2025-10-21 02:21:52.2903234 -03:00,10,0
1813729,26,26-CAMBIO DE HERRAMIENTAS DEBIDO A DESGASTE,421.962,siderca\17701,"CPT,CSR,CA15,CFC",2025-10-21 04:48:46.6583069 -03:00,1813686,2025-10-21 03:43:47.3536781 -03:00,9,0
1813797,26,26-CAMBIO DE HERRAMIENTAS DEBIDO A DESGASTE,466.825,siderca\60062291,"CPA,GA15,GDS,CDT",2025-10-21 06:10:46.0098618 -03:00,1813729,2025-10-21 04:55:48.6200164 -03:00,10,0
1813856,26,26-CAMBIO DE HERRAMIENTAS DEBIDO A DESGASTE,229.769,siderca\60062291,CDT,2025-10-21 07:47:38.8921988 -03:00,1813797,2025-10-21 06:18:32.8348316 -03:00,11,0
1813937,26,26-CAMBIO DE HERRAMIENTAS DEBIDO A DESGASTE,1002.759,siderca\60062291,"CPT,CPA,GSR,CA15,GA15,GFC,CDS,CDT",2025-10-21 09:59:34.4548714 -03:00,1813856,2025-10-21 07:51:28.6615779 -03:00,11,0
1814011,26,26-CAMBIO DE HERRAMIENTAS DEBIDO A DESGASTE,159,siderca\60062291,CDT,2025-10-21 11:42:55.0795739 -03:00,1813937,2025-10-21 10:16:17.2132880 -03:00,11,0
1814090,26,26-CAMBIO DE HERRAMIENTAS DEBIDO A DESGASTE,603.231,siderca\12985,"CPA,CA15,GA15,CDS,GDS,CDT",2025-10-21 13:10:08.5308300 -03:00,1814011,2025-10-21 11:45:34.0795739 -03:00,10,0
1814152,26,26-CAMBIO DE HERRAMIENTAS DEBIDO A DESGASTE,578,siderca\12985,"CPT,CSR,GSR,CA15,GA15",2025-10-21 14:53:43.0149461 -03:00,1814090,2025-10-21 13:20:11.7612502 -03:00,11,0
1814235,26,26-CAMBIO DE HERRAMIENTAS DEBIDO A DESGASTE,640,siderca\12985,"CPA,CA15,GA15,CFC,CDS,GDS,CDT",2025-10-21 16:44:43.0192057 -03:00,1814152,2025-10-21 15:03:21.0149461 -03:00,12,1
1814292,26,26-CAMBIO DE HERRAMIENTAS DEBIDO A DESGASTE,267.031,siderca\12985,"CA15,GA15",2025-10-21 18:15:43.8842004 -03:00,1814235,2025-10-21 16:55:23.0192057 -03:00,11,0
1814349,26,26-CAMBIO DE HERRAMIENTAS DEBIDO A DESGASTE,848.011,siderca\12985,"CPT,CPA,CSR,GSR,CA15,GA15,CFC,GFC,CDS,GDS,CDT",2025-10-21 19:34:33.5167645 -03:00,1814292,2025-10-21 18:20:10.9152824 -03:00,10,0
1814425,26,26-CAMBIO DE HERRAMIENTAS DEBIDO A DESGASTE,232.084,siderca\17701,CA15,2025-10-21 21:17:12.9480409 -03:00,1814349,2025-10-21 19:48:41.5272608 -03:00,12,0
1814477,26,26-CAMBIO DE HERRAMIENTAS DEBIDO A DESGASTE,499,siderca\17701,"CPA,CA15,CFC,CDS",2025-10-21 22:38:21.3668293 -03:00,1814425,2025-10-21 21:21:05.0327488 -03:00,10,0
1814542,26,26-CAMBIO DE HERRAMIENTAS DEBIDO A DESGASTE,461.767,siderca\17701,"CPT,CSR,CA15,CFC",2025-10-22 00:08:44.8504224 -03:00,1814477,2025-10-21 22:46:40.3668293 -03:00,11,0
1814599,26,26-CAMBIO DE HERRAMIENTAS DEBIDO A DESGASTE,435.079,siderca\17701,"CPA,CA15,CFC,CDS",2025-10-22 01:36:14.1637746 -03:00,1814542,2025-10-22 00:16:26.6171735 -03:00,11,0
1814666,26,26-CAMBIO DE HERRAMIENTAS DEBIDO A DESGASTE,221.72,siderca\17701,CA15,2025-10-22 03:07:18.1390531 -03:00,1814599,2025-10-22 01:43:29.2424874 -03:00,10,0
1814723,26,26-CAMBIO DE HERRAMIENTAS DEBIDO A DESGASTE,806.515,siderca\17701,"CPT,CPA,CSR,CA15,CFC,CDS",2025-10-22 04:27:40.7097253 -03:00,1814666,2025-10-22 03:10:59.8591181 -03:00,11,0
1814796,26,26-CAMBIO DE HERRAMIENTAS DEBIDO A DESGASTE,146,siderca\60062291,CDT,2025-10-22 06:11:44.9578336 -03:00,1814723,2025-10-22 04:41:07.2240034 -03:00,12,0
1814839,26,26-CAMBIO DE HERRAMIENTAS DEBIDO A DESGASTE,900,siderca\60062291,"CPT,CPA,CSR,CA15,GA15,GFC,GDS,CDT",2025-10-22 07:25:45.7497035 -03:00,1814796,2025-10-22 06:14:10.9578336 -03:00,10,0
1814911,26,26-CAMBIO DE HERRAMIENTAS DEBIDO A DESGASTE,168,siderca\60062291,CDT,2025-10-22 09:16:12.2997858 -03:00,1814839,2025-10-22 07:40:45.7497035 -03:00,12,1
1814963,26,26-CAMBIO DE HERRAMIENTAS DEBIDO A DESGASTE,509.91,siderca\60062291,"CPA,GA15,CDS,CDT",2025-10-22 10:34:15.1441666 -03:00,1814911,2025-10-22 09:19:00.2997858 -03:00,10,0
1814969,26,26-CAMBIO DE HERRAMIENTAS DEBIDO A DESGASTE,0.11,siderca\60062291,"CPA,GA15,CDS,CDT",2025-10-22 10:42:45.0546990 -03:00,1814963,2025-10-22 10:42:45.0546990 -03:00,0,0
1815051,26,26-CAMBIO DE HERRAMIENTAS DEBIDO A DESGASTE,360.598,siderca\60062291,"CPT,GSR,GFC,CDT",2025-10-22 12:01:33.5137884 -03:00,1814969,2025-10-22 10:42:45.1640716 -03:00,10,0
1815098,26,26-CAMBIO DE HERRAMIENTAS DEBIDO A DESGASTE,554.315,siderca\12985,"CPA,CA15,GA15,CDS,GDS,CDT",2025-10-22 13:34:01.1278351 -03:00,1815051,2025-10-22 12:07:34.1119582 -03:00,11,0
1815177,26,26-CAMBIO DE HERRAMIENTAS DEBIDO A DESGASTE,568,siderca\12985,"CPT,CA15,GA15",2025-10-22 15:16:09.6402543 -03:00,1815098,2025-10-22 13:43:15.4426315 -03:00,10,0
1815323,26,26-CAMBIO DE HERRAMIENTAS DEBIDO A DESGASTE,606,siderca\12985,"CPA,CSR,GSR,CA15,GA15,CDS,GDS,CDT",2025-10-22 18:19:16.4586525 -03:00,1815177,2025-10-22 15:25:37.6402543 -03:00,14,0
1815414,26,26-CAMBIO DE HERRAMIENTAS DEBIDO A DESGASTE,339.462,siderca\12985,"CA15,GA15,CFC,GFC",2025-10-22 20:15:04.9676455 -03:00,1815323,2025-10-22 18:29:22.4586525 -03:00,12,0
1815483,26,26-CAMBIO DE HERRAMIENTAS DEBIDO A DESGASTE,715.956,siderca\17701,"CPT,CPA,CSR,CA15,CFC,CDS,CDT",2025-10-22 21:33:27.0014829 -03:00,1815414,2025-10-22 20:20:44.4293151 -03:00,9,0
1815544,26,26-CAMBIO DE HERRAMIENTAS DEBIDO A DESGASTE,182.207,siderca\17701,CA15,2025-10-22 23:05:29.1530010 -03:00,1815483,2025-10-22 21:45:22.9577192 -03:00,11,0
1815596,26,26-CAMBIO DE HERRAMIENTAS DEBIDO A DESGASTE,597.626,siderca\17701,"CPA,CA15,CFC,CDS",2025-10-23 00:24:52.6003781 -03:00,1815544,2025-10-22 23:08:31.3607026 -03:00,10,0
1815649,26,26-CAMBIO DE HERRAMIENTAS DEBIDO A DESGASTE,465.721,siderca\17701,"CPT,CSR,CA15,CFC",2025-10-23 01:51:59.7173887 -03:00,1815596,2025-10-23 00:34:50.2261774 -03:00,10,0
1815696,26,26-CAMBIO DE HERRAMIENTAS DEBIDO A DESGASTE,474.304,siderca\17701,"CPA,CA15,CFC,CDS",2025-10-23 03:18:29.2514292 -03:00,1815649,2025-10-23 01:59:45.4383187 -03:00,11,0
1815751,26,26-CAMBIO DE HERRAMIENTAS DEBIDO A DESGASTE,170.514,siderca\17701,CA15,2025-10-23 04:46:02.9540486 -03:00,1815696,2025-10-23 03:26:23.5556846 -03:00,11,0
1815783,26,26-CAMBIO DE HERRAMIENTAS DEBIDO A DESGASTE,889.273,siderca\60062291,"CPT,CPA,GSR,GA15,GFC,GDS,CDT",2025-10-23 05:11:23.7761470 -03:00,1815751,2025-10-23 04:48:53.4687066 -03:00,3,0
1815856,26,26-CAMBIO DE HERRAMIENTAS DEBIDO A DESGASTE,124,siderca\60062291,CDT,2025-10-23 06:51:29.3585084 -03:00,1815783,2025-10-23 05:26:13.0498719 -03:00,11,0
1815900,26,26-CAMBIO DE HERRAMIENTAS DEBIDO A DESGASTE,604,siderca\60062291,"CPA,CA15,CDS,CDT",2025-10-23 07:58:04.0124181 -03:00,1815856,2025-10-23 06:53:33.3585084 -03:00,9,0
1815966,26,26-CAMBIO DE HERRAMIENTAS DEBIDO A DESGASTE,170,siderca\60062291,CDT,2025-10-23 09:37:59.9960422 -03:00,1815900,2025-10-23 08:08:08.0124181 -03:00,12,0
1816018,26,26-CAMBIO DE HERRAMIENTAS DEBIDO A DESGASTE,871.083,siderca\60062291,"CPT,CPA,CSR,GA15,GFC,GDS,CDT",2025-10-23 10:59:00.4213539 -03:00,1815966,2025-10-23 09:40:49.9960422 -03:00,10,0
1816069,26,26-CAMBIO DE HERRAMIENTAS DEBIDO A DESGASTE,374.257,siderca\60062291,"GA15,CDT",2025-10-23 12:40:11.9593999 -03:00,1816018,2025-10-23 11:13:31.5048379 -03:00,12,0
1816141,26,26-CAMBIO DE HERRAMIENTAS DEBIDO A DESGASTE,568.558,siderca\12985,"CPA,CA15,GA15,CDS,GDS,CDT",2025-10-23 13:58:41.0041574 -03:00,1816069,2025-10-23 12:46:26.2162475 -03:00,10,0
1816190,26,26-CAMBIO DE HERRAMIENTAS DEBIDO A DESGASTE,755,siderca\12985,"CPT,CPA,CSR,GSR,CA15,GA15,CFC,GFC",2025-10-23 15:24:57.9459938 -03:00,1816141,2025-10-23 14:08:09.5621663 -03:00,11,0
1816261,26,26-CAMBIO DE HERRAMIENTAS DEBIDO A DESGASTE,263.124,siderca\12985,"CA15,GA15,CDS,GDS,CDT",2025-10-23 17:06:19.0843375 -03:00,1816190,2025-10-23 15:37:32.9459938 -03:00,12,0
1816316,26,26-CAMBIO DE HERRAMIENTAS DEBIDO A DESGASTE,388.988,siderca\12985,"CPA,CA15,GA15,CDS",2025-10-23 18:32:51.1924031 -03:00,1816261,2025-10-23 17:10:42.2089023 -03:00,11,0
1816377,26,26-CAMBIO DE HERRAMIENTAS DEBIDO A DESGASTE,461.856,siderca\12985,"CPT,CPA,CSR,GSR,CA15,GA15,CDS,GDS,CDT",2025-10-23 20:02:34.1831203 -03:00,1816316,2025-10-23 18:39:20.1801758 -03:00,12,0
1816448,26,26-CAMBIO DE HERRAMIENTAS DEBIDO A DESGASTE,576,siderca\17701,"CPA,CA15,CFC,CDS",2025-10-23 21:25:16.4877458 -03:00,1816377,2025-10-23 20:10:16.0390101 -03:00,9,0
1816535,26,26-CAMBIO DE HERRAMIENTAS DEBIDO A DESGASTE,230.118,siderca\17701,CA15,2025-10-23 23:01:53.6189996 -03:00,1816448,2025-10-23 21:34:52.4877458 -03:00,11,0
1816599,26,26-CAMBIO DE HERRAMIENTAS DEBIDO A DESGASTE,738.536,siderca\17701,"CPT,CPA,CA15,CFC,CDS,CDT",2025-10-24 00:22:08.3028943 -03:00,1816535,2025-10-23 23:05:43.7365774 -03:00,11,0
1816678,26,26-CAMBIO DE HERRAMIENTAS DEBIDO A DESGASTE,384.365,siderca\17701,"CPA,CA15",2025-10-24 02:07:51.6608988 -03:00,1816599,2025-10-24 00:34:26.8383286 -03:00,11,0
1816722,26,26-CAMBIO DE HERRAMIENTAS DEBIDO A DESGASTE,555.773,siderca\17701,"CPA,CA15,CFC,CDS",2025-10-24 03:30:35.6555863 -03:00,1816678,2025-10-24 02:14:16.0250951 -03:00,10,0
1816773,26,26-CAMBIO DE HERRAMIENTAS DEBIDO A DESGASTE,419.785,siderca\17701,"CPT,CSR,CA15,CFC",2025-10-24 04:49:15.3081784 -03:00,1816722,2025-10-24 03:39:51.4287560 -03:00,9,0
1816852,26,26-CAMBIO DE HERRAMIENTAS DEBIDO A DESGASTE,386,siderca\60062291,"CPA,GA15,GDS,CDT",2025-10-24 06:22:50.7331768 -03:00,1816773,2025-10-24 04:56:15.0930582 -03:00,10,0
1816906,26,26-CAMBIO DE HERRAMIENTAS DEBIDO A DESGASTE,360.426,siderca\60062291,"CPT,CDT",2025-10-24 07:41:24.6762210 -03:00,1816852,2025-10-24 06:29:16.7331768 -03:00,9,0
1816961,26,26-CAMBIO DE HERRAMIENTAS DEBIDO A DESGASTE,867.639,siderca\60062291,"CPT,CPA,GSR,CA15,GA15,GFC,CDS,CDT",2025-10-24 09:03:45.5162124 -03:00,1816906,2025-10-24 07:47:25.1025819 -03:00,10,0
1817027,26,26-CAMBIO DE HERRAMIENTAS DEBIDO A DESGASTE,192,siderca\60062291,CDT,2025-10-24 10:52:20.8209789 -03:00,1816961,2025-10-24 09:18:13.1550513 -03:00,10,0
1817087,26,26-CAMBIO DE HERRAMIENTAS DEBIDO A DESGASTE,733.326,siderca\60062291,"CPA,CA15,GDS,CDT",2025-10-24 12:23:05.4483295 -03:00,1817027,2025-10-24 10:55:32.8209789 -03:00,11,0
1817156,26,26-CAMBIO DE HERRAMIENTAS DEBIDO A DESGASTE,746.119,siderca\12985,"CPT,CSR,GSR,CA15,GA15,CFC,GFC,CDS,GDS,CDT",2025-10-24 13:54:41.2125710 -03:00,1817087,2025-10-24 12:35:18.7741929 -03:00,11,0
1817226,26,26-CAMBIO DE HERRAMIENTAS DEBIDO A DESGASTE,534.054,siderca\12985,"CPT,CSR,GSR,CA15,GA15,CFC,GFC,CDS,GDS,CDT",2025-10-24 15:35:06.6339590 -03:00,1817156,2025-10-24 14:07:07.3312408 -03:00,10,2
1817293,26,26-CAMBIO DE HERRAMIENTAS DEBIDO A DESGASTE,320,siderca\12985,"CA15,GA15,CDS,GDS,CDT",2025-10-24 17:08:59.8876591 -03:00,1817226,2025-10-24 15:44:00.6874124 -03:00,11,0
1817367,26,26-CAMBIO DE HERRAMIENTAS DEBIDO A DESGASTE,889.835,siderca\12985,"CPT,CPA,CSR,GSR,CA15,GA15,CFC,GFC",2025-10-24 18:46:08.5594471 -03:00,1817293,2025-10-24 17:14:19.8876591 -03:00,11,0
1817483,26,26-CAMBIO DE HERRAMIENTAS DEBIDO A DESGASTE,778,siderca\17701,"CPT,CPA,CSR,CA15,CFC,CDS,CDT",2025-10-24 21:00:59.1698221 -03:00,1817367,2025-10-24 19:00:58.3947718 -03:00,14,0
1817561,26,26-CAMBIO DE HERRAMIENTAS DEBIDO A DESGASTE,162.158,siderca\17701,CA15,2025-10-24 22:46:47.9836599 -03:00,1817483,2025-10-24 21:13:57.1698221 -03:00,11,0
1817623,26,26-CAMBIO DE HERRAMIENTAS DEBIDO A DESGASTE,497,siderca\17701,"CPA,CA15,CFC,CDS",2025-10-25 00:07:21.7863295 -03:00,1817561,2025-10-24 22:49:30.1416593 -03:00,11,0
1817685,26,26-CAMBIO DE HERRAMIENTAS DEBIDO A DESGASTE,590.339,siderca\17701,"CPT,CSR,CA15,CFC",2025-10-25 01:33:48.3829579 -03:00,1817623,2025-10-25 00:15:38.7863295 -03:00,10,0
1817774,26,26-CAMBIO DE HERRAMIENTAS DEBIDO A DESGASTE,510.389,siderca\17701,"CPT,CSR,CA15,CFC,CDS",2025-10-25 03:30:56.5240227 -03:00,1817685,2025-10-25 01:43:38.7210010 -03:00,11,0
1817823,26,26-CAMBIO DE HERRAMIENTAS DEBIDO A DESGASTE,143,siderca\17701,CA15,2025-10-25 04:46:22.8065151 -03:00,1817774,2025-10-25 03:39:26.9137897 -03:00,8,0
1817864,26,26-CAMBIO DE HERRAMIENTAS DEBIDO A DESGASTE,861,siderca\60062291,"CPT,CPA,GSR,GA15,GFC,GDS,CDT",2025-10-25 05:34:16.0145905 -03:00,1817823,2025-10-25 04:48:45.8065151 -03:00,6,0
1817936,26,26-CAMBIO DE HERRAMIENTAS DEBIDO A DESGASTE,180.207,siderca\60062291,CDT,2025-10-25 07:24:13.8721698 -03:00,1817864,2025-10-25 05:48:37.0145905 -03:00,12,0
1817977,26,26-CAMBIO DE HERRAMIENTAS DEBIDO A DESGASTE,433.763,siderca\60062291,"CPA,CA15,CDS,CDT",2025-10-25 08:27:36.7468366 -03:00,1817936,2025-10-25 07:27:14.0798292 -03:00,7,0
1818016,26,26-CAMBIO DE HERRAMIENTAS DEBIDO A DESGASTE,596,siderca\60062291,"CPT,GSR,GA15,CDT",2025-10-25 09:37:20.1508215 -03:00,1817977,2025-10-25 08:34:50.5099170 -03:00,9,0
1818074,26,26-CAMBIO DE HERRAMIENTAS DEBIDO A DESGASTE,608,siderca\60062291,"CPA,GA15,GDS,CDT",2025-10-25 11:02:21.2930945 -03:00,1818016,2025-10-25 09:47:16.1508215 -03:00,10,0
1818222,26,26-CAMBIO DE HERRAMIENTAS DEBIDO A DESGASTE,890,siderca\12985,"CPT,CPA,CSR,GSR,CA15,GA15,CDS,GDS,CDT",2025-10-25 14:29:39.7438078 -03:00,1818074,2025-10-25 11:12:29.2930945 -03:00,23,0
1818310,26,26-CAMBIO DE HERRAMIENTAS DEBIDO A DESGASTE,220.635,siderca\12985,"CA15,GA15",2025-10-25 16:30:26.5941545 -03:00,1818222,2025-10-25 14:44:29.7438078 -03:00,13,0
1818363,26,26-CAMBIO DE HERRAMIENTAS DEBIDO A DESGASTE,805,siderca\12985,"CPA,CA15,GA15,CFC,GFC,CDS,GDS,CDT",2025-10-25 17:50:28.0238323 -03:00,1818310,2025-10-25 16:34:07.2293617 -03:00,11,0
1818420,26,26-CAMBIO DE HERRAMIENTAS DEBIDO A DESGASTE,531,siderca\12985,"CPT,CSR,GSR,CA15,GA15",2025-10-25 19:27:15.0240111 -03:00,1818363,2025-10-25 18:03:53.0238323 -03:00,11,0
1818502,26,26-CAMBIO DE HERRAMIENTAS DEBIDO A DESGASTE,483.347,siderca\17701,"CPA,CA15,CFC,CDS",2025-10-25 21:07:35.8903850 -03:00,1818420,2025-10-25 19:36:06.0240111 -03:00,11,0
1818569,26,26-CAMBIO DE HERRAMIENTAS DEBIDO A DESGASTE,181.963,siderca\17701,CA15,2025-10-25 22:33:18.6595402 -03:00,1818502,2025-10-25 21:15:39.2371251 -03:00,11,0
1818640,26,26-CAMBIO DE HERRAMIENTAS DEBIDO A DESGASTE,686.894,siderca\17701,"CPT,CPA,CSR,CA15,CFC,CDS,CDT",2025-10-25 23:56:15.7856227 -03:00,1818569,2025-10-25 22:36:20.6222556 -03:00,10,0
1818714,26,26-CAMBIO DE HERRAMIENTAS DEBIDO A DESGASTE,168.292,siderca\17701,CA15,2025-10-26 01:28:51.9863375 -03:00,1818640,2025-10-26 00:07:42.6790080 -03:00,10,0
1818770,26,26-CAMBIO DE HERRAMIENTAS DEBIDO A DESGASTE,429.052,siderca\17701,"CPA,CA15,CFC,CDS",2025-10-26 02:48:02.8944552 -03:00,1818714,2025-10-26 01:31:40.2784436 -03:00,10,0
1818825,26,26-CAMBIO DE HERRAMIENTAS DEBIDO A DESGASTE,359.951,siderca\17701,"CPT,CSR,CA15",2025-10-26 04:12:43.0347511 -03:00,1818770,2025-10-26 02:55:11.9469930 -03:00,11,0
1818973,26,26-CAMBIO DE HERRAMIENTAS DEBIDO A DESGASTE,643,siderca\12985,"CPA,CA15,GA15,CDS,GDS,CDT",2025-10-27 06:36:52.3319222 -03:00,1818825,2025-10-26 04:18:42.9859151 -03:00,14,0
1819079,26,26-CAMBIO DE HERRAMIENTAS DEBIDO A DESGASTE,625.858,siderca\12985,"CPT,CSR,GSR,CA15,GA15,GFC",2025-10-27 09:48:31.3342896 -03:00,1818973,2025-10-27 06:47:35.3319222 -03:00,14,0
1819213,26,26-CAMBIO DE HERRAMIENTAS DEBIDO A DESGASTE,675,siderca\17701,"CPT,CPA,CSR,CA15,CFC,CDS,CDT",2025-10-27 13:07:44.5530944 -03:00,1819079,2025-10-27 09:58:57.1923028 -03:00,17,2
1819340,26,26-CAMBIO DE HERRAMIENTAS DEBIDO A DESGASTE,240,siderca\17701,CA15,2025-10-27 14:46:29.5781165 -03:00,1819213,2025-10-27 13:18:59.5530944 -03:00,8,0
1819378,26,26-CAMBIO DE HERRAMIENTAS DEBIDO A DESGASTE,433.323,siderca\17701,"CPA,CA15,CFC,CDS",2025-10-27 17:19:31.4560281 -03:00,1819340,2025-10-27 14:50:29.5781165 -03:00,12,0
1819429,26,26-CAMBIO DE HERRAMIENTAS DEBIDO A DESGASTE,578.405,siderca\17701,"CPT,CSR,CA15,CFC",2025-10-27 18:42:45.2592473 -03:00,1819378,2025-10-27 17:26:44.7795408 -03:00,11,0
1819484,26,26-CAMBIO DE HERRAMIENTAS DEBIDO A DESGASTE,420.09,siderca\17701,"CPA,CA15,CFC,CDS",2025-10-27 20:10:03.7046439 -03:00,1819429,2025-10-27 18:52:23.6643740 -03:00,11,0
1819549,26,26-CAMBIO DE HERRAMIENTAS DEBIDO A DESGASTE,226.435,siderca\60062291,CDT,2025-10-27 21:32:10.6548216 -03:00,1819484,2025-10-27 20:17:03.7946472 -03:00,11,0
1819579,26,26-CAMBIO DE HERRAMIENTAS DEBIDO A DESGASTE,907.095,siderca\60062291,"CPT,CPA,GSR,GA15,CFC,GFC,CDS,GDS,CDT",2025-10-27 22:16:17.3329847 -03:00,1819549,2025-10-27 21:35:57.0896346 -03:00,6,0
1819666,26,26-CAMBIO DE HERRAMIENTAS DEBIDO A DESGASTE,120.394,siderca\60062291,CDT,2025-10-28 00:09:56.8960568 -03:00,1819579,2025-10-27 22:31:24.4276558 -03:00,10,1
1819744,26,26-CAMBIO DE HERRAMIENTAS DEBIDO A DESGASTE,480.567,siderca\60062291,"CPA,CA15,CDS,GDS,CDT",2025-10-28 02:21:34.4876343 -03:00,1819666,2025-10-28 00:11:57.2904166 -03:00,10,0
1819799,26,26-CAMBIO DE HERRAMIENTAS DEBIDO A DESGASTE,465,siderca\60062291,"CPT,GSR,GFC,CDT",2025-10-28 03:53:29.0349896 -03:00,1819744,2025-10-28 02:29:35.0543546 -03:00,10,0
1819876,26,26-CAMBIO DE HERRAMIENTAS DEBIDO A DESGASTE,903,siderca\12985,"CPT,CPA,CSR,GSR,CA15,GA15,CFC,GFC,CDS,GDS,CDT",2025-10-28 05:27:14.2133487 -03:00,1819799,2025-10-28 04:01:14.0349896 -03:00,11,0
1819957,26,26-CAMBIO DE HERRAMIENTAS DEBIDO A DESGASTE,136.435,siderca\12985,"CA15,GA15",2025-10-28 07:31:35.8126948 -03:00,1819876,2025-10-28 05:42:17.2133487 -03:00,13,0
1819998,26,26-CAMBIO DE HERRAMIENTAS DEBIDO A DESGASTE,545.92,siderca\12985,"CPA,CA15,GA15,CDS,GDS,CDT",2025-10-28 08:41:03.2814205 -03:00,1819957,2025-10-28 07:33:52.2470627 -03:00,9,0
1820041,26,26-CAMBIO DE HERRAMIENTAS DEBIDO A DESGASTE,602.578,siderca\12985,"CPT,CSR,GSR,CA15,GA15,CFC,GFC",2025-10-28 09:50:30.8561734 -03:00,1819998,2025-10-28 08:50:09.2013618 -03:00,8,0
1820122,26,26-CAMBIO DE HERRAMIENTAS DEBIDO A DESGASTE,615.533,siderca\12985,"CPA,CA15,GA15,CDS,GDS,CDT",2025-10-28 11:46:41.6224216 -03:00,1820041,2025-10-28 10:00:33.4347648 -03:00,11,0
1820224,26,26-CAMBIO DE HERRAMIENTAS DEBIDO A DESGASTE,270.47,siderca\17701,CA15,2025-10-28 13:35:11.1468889 -03:00,1820122,2025-10-28 11:56:57.1558669 -03:00,11,1
1820295,26,26-CAMBIO DE HERRAMIENTAS DEBIDO A DESGASTE,606.145,siderca\17701,"CPT,CPA,CSR,CA15,CFC,CDS,CDT",2025-10-28 15:07:10.7078498 -03:00,1820224,2025-10-28 13:39:41.6161571 -03:00,11,0
1820368,26,26-CAMBIO DE HERRAMIENTAS DEBIDO A DESGASTE,177.543,siderca\17701,CA15,2025-10-28 16:39:04.0869109 -03:00,1820295,2025-10-28 15:17:16.8528535 -03:00,10,0
1820428,26,26-CAMBIO DE HERRAMIENTAS DEBIDO A DESGASTE,470,siderca\17701,"CPA,CA15,CFC,CDS",2025-10-28 17:55:40.3011116 -03:00,1820368,2025-10-28 16:42:01.6299520 -03:00,11,1
1820498,26,26-CAMBIO DE HERRAMIENTAS DEBIDO A DESGASTE,586.15,siderca\17701,"CPT,CSR,CA15,CFC",2025-10-28 19:13:58.0876743 -03:00,1820428,2025-10-28 18:03:30.3011116 -03:00,10,0
1820666,26,26-CAMBIO DE HERRAMIENTAS DEBIDO A DESGASTE,360.87,siderca\60062291,"CPA,GA15,GDS,CDT",2025-10-28 21:44:03.0000000 -03:00,1820498,2025-10-28 19:23:44.2379658 -03:00,10,0
1820708,26,26-CAMBIO DE HERRAMIENTAS DEBIDO A DESGASTE,315.332,siderca\60062291,CDT,2025-10-28 22:58:02.5233640 -03:00,1820666,2025-10-28 21:50:03.8707985 -03:00,7,0
1820758,26,26-CAMBIO DE HERRAMIENTAS DEBIDO A DESGASTE,886,siderca\60062291,"CPT,CPA,CSR,GSR,CA15,GFC,GDS,CDT",2025-10-28 23:58:34.8755220 -03:00,1820708,2025-10-28 23:03:17.8552627 -03:00,8,0
1820837,26,26-CAMBIO DE HERRAMIENTAS DEBIDO A DESGASTE,226.546,siderca\60062291,CDT,2025-10-29 01:43:15.7390924 -03:00,1820758,2025-10-29 00:13:20.8755220 -03:00,10,8
1820913,26,26-CAMBIO DE HERRAMIENTAS DEBIDO A DESGASTE,540.864,siderca\60062291,"CPA,GSR,GA15,CDS,CDT",2025-10-29 02:56:07.1217934 -03:00,1820837,2025-10-29 01:47:02.2851708 -03:00,7,0
1820988,26,26-CAMBIO DE HERRAMIENTAS DEBIDO A DESGASTE,257,siderca\60062291,"GFC,CDT",2025-10-29 04:28:38.0849059 -03:00,1820913,2025-10-29 03:05:07.9856508 -03:00,9,0
1821078,26,26-CAMBIO DE HERRAMIENTAS DEBIDO A DESGASTE,687.832,siderca\12985,"CPA,CA15,GA15,CDS,GDS,CDT",2025-10-29 05:58:03.1889682 -03:00,1820988,2025-10-29 04:32:55.0849059 -03:00,10,0
1821155,26,26-CAMBIO DE HERRAMIENTAS DEBIDO A DESGASTE,164.319,siderca\12985,"CA15,GA15",2025-10-29 07:26:11.8410344 -03:00,1821078,2025-10-29 06:09:31.0205129 -03:00,11,0
1821168,26,26-CAMBIO DE HERRAMIENTAS DEBIDO A DESGASTE,279.332,siderca\12985,"CPT,CPA,CSR,GSR,CA15,GA15",2025-10-29 07:42:38.8782918 -03:00,1821155,2025-10-29 07:28:56.1605855 -03:00,2,0
1821223,26,26-CAMBIO DE HERRAMIENTAS DEBIDO A DESGASTE,638.417,siderca\12985,"CPA,CA15,GA15,CDS,GDS,CDT",2025-10-29 08:42:52.6049679 -03:00,1821168,2025-10-29 07:47:18.2106929 -03:00,8,0
1821330,26,26-CAMBIO DE HERRAMIENTAS DEBIDO A DESGASTE,193.388,siderca\12985,"CA15,GA15",2025-10-29 10:47:47.8874634 -03:00,1821223,2025-10-29 08:53:31.0211980 -03:00,13,0
1821369,26,26-CAMBIO DE HERRAMIENTAS DEBIDO A DESGASTE,419.722,siderca\12985,"CA15,GA15",2025-10-29 11:27:39.8770521 -03:00,1821330,2025-10-29 10:51:01.2754013 -03:00,3,0
1821398,26,26-CAMBIO DE HERRAMIENTAS DEBIDO A DESGASTE,959.512,siderca\12985,"CPT,CPA,CSR,GSR,CA15,GA15,CFC,GFC,CDS,GDS,CDT",2025-10-29 11:55:18.8455185 -03:00,1821369,2025-10-29 11:34:39.5993173 -03:00,3,0
1821480,26,26-CAMBIO DE HERRAMIENTAS DEBIDO A DESGASTE,654.676,siderca\17701,"CPT,CPA,GA12,CDT",2025-10-29 13:14:18.5050187 -03:00,1821398,2025-10-29 12:11:18.3577004 -03:00,8,0
1821519,26,26-CAMBIO DE HERRAMIENTAS DEBIDO A DESGASTE,415,siderca\60062524,"GA15,GA12,GDS,CDT",2025-10-29 14:01:28.0717630 -03:00,1821480,2025-10-29 13:25:13.1815681 -03:00,3,0
1821623,26,26-CAMBIO DE HERRAMIENTAS DEBIDO A DESGASTE,394,siderca\60062524,"CPA,GA15,GA12,CDT",2025-10-29 15:49:51.6492985 -03:00,1821519,2025-10-29 14:08:23.0717630 -03:00,10,0
1821741,26,26-CAMBIO DE HERRAMIENTAS DEBIDO A DESGASTE,215.009,siderca\60062524,"CSR,GSR,CDT",2025-10-29 18:07:46.6911275 -03:00,1821623,2025-10-29 15:56:25.6492985 -03:00,10,4
1821852,26,26-CAMBIO DE HERRAMIENTAS DEBIDO A DESGASTE,658,siderca\60062524,"CPT,CPA,GSR,CFC,GFC,GDS",2025-10-29 20:24:24.8341384 -03:00,1821741,2025-10-29 18:11:21.7006806 -03:00,9,1
1821951,26,26-CAMBIO DE HERRAMIENTAS DEBIDO A DESGASTE,406,siderca\60062291,"CSR,GSR,CA15,GA15,CDT",2025-10-29 22:29:51.3073999 -03:00,1821852,2025-10-29 20:35:22.8341384 -03:00,10,1
1822035,26,26-CAMBIO DE HERRAMIENTAS DEBIDO A DESGASTE,540.703,siderca\60062291,"CPA,GA15,CFC,GDS,CDT",2025-10-30 00:12:27.1501101 -03:00,1821951,2025-10-29 22:36:37.3073999 -03:00,10,0
1822085,26,26-CAMBIO DE HERRAMIENTAS DEBIDO A DESGASTE,145,siderca\60062291,CDT,2025-10-30 01:35:58.7945722 -03:00,1822035,2025-10-30 00:21:27.8537707 -03:00,10,0
1822124,26,26-CAMBIO DE HERRAMIENTAS DEBIDO A DESGASTE,876.854,siderca\60062291,"CPT,CPA,GSR,CA15,GA15,GFC,GDS,CDT",2025-10-30 02:35:38.5607980 -03:00,1822085,2025-10-30 01:38:23.7945722 -03:00,8,1
1822319,26,26-CAMBIO DE HERRAMIENTAS DEBIDO A DESGASTE,900.577,siderca\12985,"CPT,CPA,CSR,GSR,CA15,GA15,CFC,GFC,CDS,GDS,CDT",2025-10-30 06:30:35.1751125 -03:00,1822124,2025-10-30 02:50:15.4141750 -03:00,21,2
1822386,26,26-CAMBIO DE HERRAMIENTAS DEBIDO A DESGASTE,356.351,siderca\12985,"CA15,GA15",2025-10-30 08:25:54.9774281 -03:00,1822319,2025-10-30 06:45:35.7529051 -03:00,11,0
1822430,26,26-CAMBIO DE HERRAMIENTAS DEBIDO A DESGASTE,859,siderca\12985,"CPA,CA15,GA15,CFC,GFC,CDS,GDS,CDT",2025-10-30 09:41:27.5406342 -03:00,1822386,2025-10-30 08:31:51.3286550 -03:00,10,0
1822498,26,26-CAMBIO DE HERRAMIENTAS DEBIDO A DESGASTE,600.119,siderca\12985,"CPT,CPA,CA15,GA15",2025-10-30 11:15:06.3291342 -03:00,1822430,2025-10-30 09:55:46.5406342 -03:00,10,0
1822564,26,26-CAMBIO DE HERRAMIENTAS DEBIDO A DESGASTE,521,siderca\17701,"CPT,CA15,CFC,CDS",2025-10-30 13:13:01.4117824 -03:00,1822498,2025-10-30 11:25:06.4484803 -03:00,10,2
1822639,26,26-CAMBIO DE HERRAMIENTAS DEBIDO A DESGASTE,194.24,siderca\17701,CA15,2025-10-30 14:48:44.0322508 -03:00,1822564,2025-10-30 13:21:42.4117824 -03:00,9,0
1822690,26,26-CAMBIO DE HERRAMIENTAS DEBIDO A DESGASTE,774.811,siderca\17701,"CPT,CSR,CA15,CFC,CDS",2025-10-30 15:59:38.1638661 -03:00,1822639,2025-10-30 14:51:58.2721072 -03:00,10,0
1822757,26,26-CAMBIO DE HERRAMIENTAS DEBIDO A DESGASTE,164.015,siderca\17701,CA15,2025-10-30 17:23:39.8195719 -03:00,1822690,2025-10-30 16:12:32.9746871 -03:00,10,0
1822808,26,26-CAMBIO DE HERRAMIENTAS DEBIDO A DESGASTE,445.976,siderca\17701,"CPT,CA15,CFC,CDS",2025-10-30 18:30:35.8850350 -03:00,1822757,2025-10-30 17:26:23.8341735 -03:00,8,0
1822860,26,26-CAMBIO DE HERRAMIENTAS DEBIDO A DESGASTE,355.593,siderca\17701,"CPT,CSR,CA15",2025-10-30 19:45:42.6489323 -03:00,1822808,2025-10-30 18:38:01.8611151 -03:00,10,0
1822966,26,26-CAMBIO DE HERRAMIENTAS DEBIDO A DESGASTE,300.455,siderca\60062291,"CPA,GA15,GDS,CDT",2025-10-30 21:46:35.7002246 -03:00,1822860,2025-10-30 19:51:38.2418553 -03:00,10,1
1823072,26,26-CAMBIO DE HERRAMIENTAS DEBIDO A DESGASTE,403.67,siderca\60062291,CDT,2025-10-31 00:28:37.7525884 -03:00,1822966,2025-10-30 21:51:36.1557879 -03:00,10,0
1823124,26,26-CAMBIO DE HERRAMIENTAS DEBIDO A DESGASTE,827,siderca\60062291,"CPT,CPA,GSR,GA15,GFC,GDS,CDT",2025-10-31 01:44:22.6301116 -03:00,1823072,2025-10-31 00:35:21.4228353 -03:00,6,0
1823188,26,26-CAMBIO DE HERRAMIENTAS DEBIDO A DESGASTE,256.955,siderca\60062291,CDT,2025-10-31 03:16:32.3067578 -03:00,1823124,2025-10-31 01:58:09.6301116 -03:00,10,0
1823254,26,26-CAMBIO DE HERRAMIENTAS DEBIDO A DESGASTE,660.443,siderca\60062291,"CPA,GA15,GDS,CDT",2025-10-31 04:35:40.4711507 -03:00,1823188,2025-10-31 03:20:49.2615444 -03:00,8,3
1823430,26,26-CAMBIO DE HERRAMIENTAS DEBIDO A DESGASTE,334,siderca\17701,"CA15,CFC",2025-10-31 08:39:01.7147314 -03:00,1823254,2025-10-31 04:46:40.9142915 -03:00,11,3
1823510,26,26-CAMBIO DE HERRAMIENTAS DEBIDO A DESGASTE,625.482,siderca\13310,"CPA,CA15,CFC,CDS",2025-10-31 10:28:06.9177237 -03:00,1823430,2025-10-31 08:44:35.7147314 -03:00,10,1
1823583,26,26-CAMBIO DE HERRAMIENTAS DEBIDO A DESGASTE,494.072,siderca\17701,"CPT,CSR,CA15,CFC",2025-10-31 12:19:03.0168964 -03:00,1823510,2025-10-31 10:38:32.3990449 -03:00,9,0
1823722,26,26-CAMBIO DE HERRAMIENTAS DEBIDO A DESGASTE,660.583,siderca\12985,"CPA,CA15,GA15,CFC,GFC,CDS,GDS,CDT",2025-10-31 14:36:14.1495480 -03:00,1823583,2025-10-31 12:27:17.0881263 -03:00,10,0
1823772,26,26-CAMBIO DE HERRAMIENTAS DEBIDO A DESGASTE,582.948,siderca\12985,"CA15,GA15,CFC,GFC,CDT",2025-10-31 16:14:09.6696046 -03:00,1823722,2025-10-31 14:47:14.7326850 -03:00,9,0
1823824,26,26-CAMBIO DE HERRAMIENTAS DEBIDO A DESGASTE,905.715,siderca\12985,"CPT,CPA,CSR,GSR,CA15,GA15,CDS,GDS,CDT",2025-10-31 17:38:10.8569080 -03:00,1823772,2025-10-31 16:23:52.6178105 -03:00,8,0
1823922,26,26-CAMBIO DE HERRAMIENTAS DEBIDO A DESGASTE,480.481,siderca\12985,"CA15,GA15,CDT",2025-10-31 20:26:46.4489774 -03:00,1823824,2025-10-31 17:53:16.5714337 -03:00,12,0
1823970,26,26-CAMBIO DE HERRAMIENTAS DEBIDO A DESGASTE,1088.97,siderca\60062291,"CPT,CPA,GSR,GA15,GFC,CDS,CDT",2025-10-31 21:31:47.6724626 -03:00,1823922,2025-10-31 20:34:46.9294672 -03:00,6,0
1824115,26,26-CAMBIO DE HERRAMIENTAS DEBIDO A DESGASTE,600.833,siderca\60062291,"CPA,CA15,GA15,GFC,GDS,CDT",2025-11-01 01:32:25.6213432 -03:00,1823970,2025-10-31 21:49:56.6425042 -03:00,20,3
1824163,26,26-CAMBIO DE HERRAMIENTAS DEBIDO A DESGASTE,218,siderca\60062291,"GA15,CDT",2025-11-01 03:07:59.3135840 -03:00,1824115,2025-11-01 01:42:26.4549228 -03:00,9,0
1824191,26,26-CAMBIO DE HERRAMIENTAS DEBIDO A DESGASTE,997.706,siderca\60062291,"CPT,CPA,GSR,GA15,GFC,GDS,CDT",2025-11-01 04:00:09.6677860 -03:00,1824163,2025-11-01 03:11:37.3135840 -03:00,7,0
1824261,26,26-CAMBIO DE HERRAMIENTAS DEBIDO A DESGASTE,509.028,siderca\12985,"CA15,GA15,CDT",2025-11-01 05:37:09.0760007 -03:00,1824191,2025-11-01 04:16:47.3738025 -03:00,10,0
1824296,26,26-CAMBIO DE HERRAMIENTAS DEBIDO A DESGASTE,480.239,siderca\12985,"CPA,CA15,GA15,CDS,GDS,CDT",2025-11-01 06:45:21.7253624 -03:00,1824261,2025-11-01 05:45:38.1045317 -03:00,9,0
1824330,26,26-CAMBIO DE HERRAMIENTAS DEBIDO A DESGASTE,694.571,siderca\12985,"CPT,CSR,GSR,CA15,GA15,CDS,GDS,CDT",2025-11-01 07:54:25.9337915 -03:00,1824296,2025-11-01 06:53:21.9649442 -03:00,10,0
1824389,26,26-CAMBIO DE HERRAMIENTAS DEBIDO A DESGASTE,480.046,siderca\12985,"CPA,CA15,GA15,CDS,GDS,CDT",2025-11-01 09:21:55.1778713 -03:00,1824330,2025-11-01 08:06:00.5043557 -03:00,9,1
1824438,26,26-CAMBIO DE HERRAMIENTAS DEBIDO A DESGASTE,552.162,siderca\12985,"CA15,GA15,CDS,GDS,CDT",2025-11-01 10:58:18.7306023 -03:00,1824389,2025-11-01 09:29:55.2235810 -03:00,11,1
1824462,26,26-CAMBIO DE HERRAMIENTAS DEBIDO A DESGASTE,596,siderca\12985,"CPT,CPA,CSR,GSR",2025-11-01 11:32:36.9623869 -03:00,1824438,2025-11-01 11:07:30.8929526 -03:00,4,0
1824496,26,26-CAMBIO DE HERRAMIENTAS DEBIDO A DESGASTE,521.876,siderca\12985,"CA15,GA15,CFC,GFC,CDT",2025-11-01 12:39:25.9048662 -03:00,1824462,2025-11-01 11:42:32.9623869 -03:00,8,0
1824549,26,26-CAMBIO DE HERRAMIENTAS DEBIDO A DESGASTE,699.743,siderca\17701,"CPT,CPA,CSR,CA15,CFC,CDS,CDT",2025-11-01 13:54:02.2515685 -03:00,1824496,2025-11-01 12:48:07.7806556 -03:00,10,0
1824626,26,26-CAMBIO DE HERRAMIENTAS DEBIDO A DESGASTE,250.675,siderca\17701,"CA15,CFC",2025-11-01 16:04:47.7538059 -03:00,1824549,2025-11-01 14:05:41.9946480 -03:00,15,1
1824670,26,26-CAMBIO DE HERRAMIENTAS DEBIDO A DESGASTE,558.664,siderca\17701,"CPT,CPA,CSR,CA15,CFC,CDS,CDT",2025-11-01 17:17:22.5388042 -03:00,1824626,2025-11-01 16:08:58.4282440 -03:00,9,0
1824712,26,26-CAMBIO DE HERRAMIENTAS DEBIDO A DESGASTE,330,siderca\17701,"CA15,CFC",2025-11-01 18:19:22.2920924 -03:00,1824670,2025-11-01 17:26:41.2021931 -03:00,7,0
1824761,26,26-CAMBIO DE HERRAMIENTAS DEBIDO A DESGASTE,460,siderca\17701,"CPA,GA15,CFC,CDS",2025-11-01 19:44:21.0613135 -03:00,1824712,2025-11-01 18:24:52.2920924 -03:00,9,2
1824875,26,26-CAMBIO DE HERRAMIENTAS DEBIDO A DESGASTE,540.806,siderca\60062291,"CPT,GSR,GA15,CDT",2025-11-01 21:20:28.0000000 -03:00,1824761,2025-11-01 19:52:01.0613135 -03:00,7,3
1824890,26,26-CAMBIO DE HERRAMIENTAS DEBIDO A DESGASTE,803.262,siderca\60062291,"CPA,GA15,CFC,GFC,GDS,CDT",2025-11-01 23:09:57.1108570 -03:00,1824875,2025-11-01 21:29:28.8069895 -03:00,10,0
1824931,26,26-CAMBIO DE HERRAMIENTAS DEBIDO A DESGASTE,214,siderca\60062291,"GA15,CDT",2025-11-02 00:31:04.2971520 -03:00,1824890,2025-11-01 23:23:20.3729396 -03:00,9,0
1824964,26,26-CAMBIO DE HERRAMIENTAS DEBIDO A DESGASTE,871,siderca\60062291,"CPT,CPA,CSR,GSR,CA15,CFC,GFC,CDS,CDT",2025-11-02 01:41:03.9188028 -03:00,1824931,2025-11-02 00:34:38.2971520 -03:00,10,0
1825019,26,26-CAMBIO DE HERRAMIENTAS DEBIDO A DESGASTE,211,siderca\60062291,CDT,2025-11-02 03:36:05.3339565 -03:00,1824964,2025-11-02 01:55:34.9188028 -03:00,7,1
1825028,26,26-CAMBIO DE HERRAMIENTAS DEBIDO A DESGASTE,548.934,siderca\60062291,"CPA,GA15,CDT",2025-11-02 04:01:41.4314957 -03:00,1825019,2025-11-02 03:39:36.3339565 -03:00,3,0
1825143,26,26-CAMBIO DE HERRAMIENTAS DEBIDO A DESGASTE,634.219,siderca\17701,"CPA,CA15,CFC,CDS",2025-11-03 05:45:25.3271700 -03:00,1825028,2025-11-02 04:10:50.3654587 -03:00,10,0
1825178,26,26-CAMBIO DE HERRAMIENTAS DEBIDO A DESGASTE,477.708,siderca\17701,"CPT,CSR,CA15,CFC",2025-11-03 07:02:22.2730162 -03:00,1825143,2025-11-03 05:55:59.5467212 -03:00,9,0
1825205,26,26-CAMBIO DE HERRAMIENTAS DEBIDO A DESGASTE,534,siderca\17701,"CPA,CA15,CFC,CDS",2025-11-03 08:14:16.8506004 -03:00,1825178,2025-11-03 07:10:19.9811453 -03:00,10,0
1825237,26,26-CAMBIO DE HERRAMIENTAS DEBIDO A DESGASTE,541.315,siderca\17701,"CA15,CFC",2025-11-03 09:32:48.9917474 -03:00,1825205,2025-11-03 08:23:10.8506004 -03:00,9,0
1825268,26,26-CAMBIO DE HERRAMIENTAS DEBIDO A DESGASTE,567,siderca\17701,"CPT,CPA,CSR,CA15,CFC,CDS,CDT",2025-11-03 10:43:59.9753494 -03:00,1825237,2025-11-03 09:41:50.3064685 -03:00,9,0
1825315,26,26-CAMBIO DE HERRAMIENTAS DEBIDO A DESGASTE,312.61,siderca\17701,"CA15,CFC",2025-11-03 12:10:11.3649435 -03:00,1825268,2025-11-03 10:53:26.9753494 -03:00,11,0
1825396,26,26-CAMBIO DE HERRAMIENTAS DEBIDO A DESGASTE,956,siderca\60062291,"CPT,CPA,CSR,GSR,GA15,GFC,GDS,CDT",2025-11-03 14:08:14.8962258 -03:00,1825315,2025-11-03 12:15:23.9748138 -03:00,8,2
1825457,26,26-CAMBIO DE HERRAMIENTAS DEBIDO A DESGASTE,315.837,siderca\60062291,CDT,2025-11-03 15:57:13.0604509 -03:00,1825396,2025-11-03 14:24:10.8962258 -03:00,11,0
1825489,26,26-CAMBIO DE HERRAMIENTAS DEBIDO A DESGASTE,555.631,siderca\60062291,"CPA,CA15,GFC,CDS,CDT",2025-11-03 16:47:00.0552654 -03:00,1825457,2025-11-03 16:02:28.8970786 -03:00,6,0
1825493,26,26-CAMBIO DE HERRAMIENTAS DEBIDO A DESGASTE,688.67,siderca\60062291,"CPA,CA15,GFC,CDS,CDT",2025-11-03 17:03:18.6860296 -03:00,1825489,2025-11-03 16:56:15.6860296 -03:00,0,0
1825530,26,26-CAMBIO DE HERRAMIENTAS DEBIDO A DESGASTE,465.807,siderca\60062291,"CPT,GSR,GA15,CDT",2025-11-03 18:15:58.0194817 -03:00,1825493,2025-11-03 17:14:47.3562249 -03:00,10,0
1825583,26,26-CAMBIO DE HERRAMIENTAS DEBIDO A DESGASTE,600.192,siderca\60062291,"CPA,CA15,GA15,GFC,GDS,CDT",2025-11-03 19:41:00.6436215 -03:00,1825530,2025-11-03 18:23:43.8268259 -03:00,10,0
1825643,26,26-CAMBIO DE HERRAMIENTAS DEBIDO A DESGASTE,392.853,siderca\12985,"CA15,GA15,CDT",2025-11-03 21:11:34.6152014 -03:00,1825583,2025-11-03 19:51:00.8357734 -03:00,10,0
1825680,26,26-CAMBIO DE HERRAMIENTAS DEBIDO A DESGASTE,850,siderca\12985,"CPT,CPA,CSR,GSR,CA15,GA15,CFC,GFC,CDS,GDS,CDT",2025-11-03 22:46:01.7057882 -03:00,1825643,2025-11-03 21:18:07.4688037 -03:00,8,0
1825726,26,26-CAMBIO DE HERRAMIENTAS DEBIDO A DESGASTE,408.786,siderca\12985,"CA15,GA15,CDT",2025-11-04 00:16:45.1987007 -03:00,1825680,2025-11-03 23:00:11.7057882 -03:00,10,1
1825877,26,26-CAMBIO DE HERRAMIENTAS DEBIDO A DESGASTE,660.633,siderca\17701,"CPT,CSR,CA15,CFC",2025-11-04 05:32:33.5088907 -03:00,1825726,2025-11-04 00:23:33.9845477 -03:00,22,1
1825922,26,26-CAMBIO DE HERRAMIENTAS DEBIDO A DESGASTE,597.546,siderca\17701,"CPA,CA15,CFC,CDS",2025-11-04 06:50:14.8302568 -03:00,1825877,2025-11-04 05:43:34.1416747 -03:00,10,0
1825961,26,26-CAMBIO DE HERRAMIENTAS DEBIDO A DESGASTE,307.1,siderca\17701,"CA15,CFC",2025-11-04 08:11:13.5218516 -03:00,1825922,2025-11-04 07:00:12.3769288 -03:00,8,0
1825991,26,26-CAMBIO DE HERRAMIENTAS DEBIDO A DESGASTE,721,siderca\17701,"CPT,CPA,CSR,CA15,CFC,CDS,CDT",2025-11-04 09:23:20.0656392 -03:00,1825961,2025-11-04 08:16:20.6218651 -03:00,10,0
1826049,26,26-CAMBIO DE HERRAMIENTAS DEBIDO A DESGASTE,336,siderca\17701,"CA15,CFC",2025-11-04 11:19:13.0761123 -03:00,1825991,2025-11-04 09:35:21.0656392 -03:00,9,0
1826083,26,26-CAMBIO DE HERRAMIENTAS DEBIDO A DESGASTE,514.957,siderca\17701,"CPA,CA15,CFC,CDS",2025-11-04 12:31:14.7397807 -03:00,1826049,2025-11-04 11:24:49.0761123 -03:00,10,0
1826137,26,26-CAMBIO DE HERRAMIENTAS DEBIDO A DESGASTE,420.21,siderca\60062291,"CPT,GSR,GA15,CDT",2025-11-04 13:34:23.7791041 -03:00,1826083,2025-11-04 12:39:49.6964905 -03:00,6,0
1826161,26,26-CAMBIO DE HERRAMIENTAS DEBIDO A DESGASTE,618.859,siderca\60062291,"CPA,CA15,GFC,GDS,CDT",2025-11-04 14:45:52.4204779 -03:00,1826137,2025-11-04 13:41:23.9890038 -03:00,10,0
1826204,26,26-CAMBIO DE HERRAMIENTAS DEBIDO A DESGASTE,322.272,siderca\60062291,CDT,2025-11-04 16:09:06.6029320 -03:00,1826161,2025-11-04 14:56:11.2794773 -03:00,10,0
1826239,26,26-CAMBIO DE HERRAMIENTAS DEBIDO A DESGASTE,789.121,siderca\60062291,"CPT,CPA,CSR,GSR,CA15,GA15,GFC,CDS,CDT",2025-11-04 17:15:26.4481420 -03:00,1826204,2025-11-04 16:14:28.8746154 -03:00,9,0
1826278,26,26-CAMBIO DE HERRAMIENTAS DEBIDO A DESGASTE,177,siderca\60062291,CDT,2025-11-04 18:38:23.1886540 -03:00,1826239,2025-11-04 17:28:35.5693937 -03:00,11,0
1826307,26,26-CAMBIO DE HERRAMIENTAS DEBIDO A DESGASTE,703.123,siderca\60062291,"CPA,GA15,GFC,GDS,CDT",2025-11-04 19:29:07.3510300 -03:00,1826278,2025-11-04 18:41:20.1886540 -03:00,7,0
1826366,26,26-CAMBIO DE HERRAMIENTAS DEBIDO A DESGASTE,734,siderca\12985,"CPT,CSR,GSR,CA15,GA15,CFC,GFC",2025-11-04 21:00:15.0316993 -03:00,1826307,2025-11-04 19:40:50.4743267 -03:00,11,0
1826421,26,26-CAMBIO DE HERRAMIENTAS DEBIDO A DESGASTE,747.991,siderca\12985,"CPA,CA15,GA15,CDS,GDS,CDT",2025-11-04 22:27:10.6980397 -03:00,1826366,2025-11-04 21:12:29.0316993 -03:00,11,0
1826453,26,26-CAMBIO DE HERRAMIENTAS DEBIDO A DESGASTE,169.255,siderca\12985,"CA15,GA15",2025-11-04 23:40:18.7061225 -03:00,1826421,2025-11-04 22:39:38.6892188 -03:00,9,0
1826492,26,26-CAMBIO DE HERRAMIENTAS DEBIDO A DESGASTE,920.247,siderca\12985,"CPT,CPA,CSR,GSR,CA15,GA15,CFC,GFC,CDS,GDS,CDT",2025-11-05 00:43:48.2189402 -03:00,1826453,2025-11-04 23:43:07.9617412 -03:00,10,0
1826551,26,26-CAMBIO DE HERRAMIENTAS DEBIDO A DESGASTE,360.819,siderca\12985,"CPA,CA15,GA15",2025-11-05 02:18:13.7087150 -03:00,1826492,2025-11-05 00:59:08.4659677 -03:00,11,1
1826580,26,26-CAMBIO DE HERRAMIENTAS DEBIDO A DESGASTE,476.95,siderca\12985,"CA15,GA15,CFC,GFC,CDS,GDS,CDT",2025-11-05 03:24:54.4854279 -03:00,1826551,2025-11-05 02:24:14.5270399 -03:00,9,0
1826634,26,26-CAMBIO DE HERRAMIENTAS DEBIDO A DESGASTE,936.913,siderca\17701,"CPT,CPA,CSR,CA15,CFC,CDS,CDT",2025-11-05 05:00:00.0000000 -03:00,1826580,2025-11-05 03:32:51.4357900 -03:00,10,2
1826686,26,26-CAMBIO DE HERRAMIENTAS DEBIDO A DESGASTE,350.767,siderca\17701,CA15,2025-11-05 06:18:33.8240441 -03:00,1826634,2025-11-05 05:15:36.9130352 -03:00,10,0
1826713,26,26-CAMBIO DE HERRAMIENTAS DEBIDO A DESGASTE,481.44,siderca\17701,"CPA,CA15,CFC,CDS",2025-11-05 07:26:05.0888091 -03:00,1826686,2025-11-05 06:24:24.5910093 -03:00,10,0
1826748,26,26-CAMBIO DE HERRAMIENTAS DEBIDO A DESGASTE,380.901,siderca\17701,"CPT,CSR,CA15",2025-11-05 08:25:10.8868564 -03:00,1826713,2025-11-05 07:34:06.5281620 -03:00,8,0
1826821,26,26-CAMBIO DE HERRAMIENTAS DEBIDO A DESGASTE,426.571,siderca\17701,"CPA,CA15,CFC,CDS",2025-11-05 10:38:03.7165590 -03:00,1826748,2025-11-05 08:31:31.7870719 -03:00,6,0
1826879,26,26-CAMBIO DE HERRAMIENTAS DEBIDO A DESGASTE,173.448,siderca\17701,CA15,2025-11-05 12:28:26.0178112 -03:00,1826821,2025-11-05 10:45:10.2872444 -03:00,8,6
1826928,26,26-CAMBIO DE HERRAMIENTAS DEBIDO A DESGASTE,900.901,siderca\60062291,"CPT,CPA,CSR,GSR,GA15,GFC,GDS,CDT",2025-11-05 13:10:19.6755610 -03:00,1826879,2025-11-05 12:31:19.4654211 -03:00,5,0
1826965,26,26-CAMBIO DE HERRAMIENTAS DEBIDO A DESGASTE,332.993,siderca\60062291,CDT,2025-11-05 14:34:47.1962485 -03:00,1826928,2025-11-05 13:25:20.5768977 -03:00,11,0
1827002,26,26-CAMBIO DE HERRAMIENTAS DEBIDO A DESGASTE,617,siderca\60062291,"CPA,CA15,GA15,GFC,CDS,CDT",2025-11-05 15:37:34.0033584 -03:00,1826965,2025-11-05 14:40:20.1896341 -03:00,8,1
1827059,26,26-CAMBIO DE HERRAMIENTAS DEBIDO A DESGASTE,499,siderca\60062291,"CPT,GSR,GA15,CDT",2025-11-05 16:59:18.6095505 -03:00,1827002,2025-11-05 15:47:51.0033584 -03:00,8,0
1827132,26,26-CAMBIO DE HERRAMIENTAS DEBIDO A DESGASTE,720.571,siderca\60062291,"CPA,GA15,GFC,GDS,CDT",2025-11-05 18:38:22.3631208 -03:00,1827059,2025-11-05 17:07:37.6095505 -03:00,11,1
1827178,26,26-CAMBIO DE HERRAMIENTAS DEBIDO A DESGASTE,240,siderca\60062291,CDT,2025-11-05 20:14:39.1206478 -03:00,1827132,2025-11-05 18:50:22.9348792 -03:00,10,0
1827244,26,26-CAMBIO DE HERRAMIENTAS DEBIDO A DESGASTE,806.334,siderca\12985,"CPT,CPA,CSR,GSR,CA15,GA15,CDS,GDS,CDT",2025-11-05 21:35:50.8976279 -03:00,1827178,2025-11-05 20:18:39.1206478 -03:00,10,0
1827310,26,26-CAMBIO DE HERRAMIENTAS DEBIDO A DESGASTE,207.537,siderca\12985,"CA15,GA15",2025-11-05 23:22:42.4164052 -03:00,1827244,2025-11-05 21:49:17.2312152 -03:00,11,0
1827358,26,26-CAMBIO DE HERRAMIENTAS DEBIDO A DESGASTE,591.694,siderca\12985,"CPA,CA15,GA15,CFC,GFC,CDS,GDS,CDT",2025-11-06 00:29:01.3898010 -03:00,1827310,2025-11-05 23:26:09.9534708 -03:00,9,1
1827431,26,26-CAMBIO DE HERRAMIENTAS DEBIDO A DESGASTE,720.863,siderca\12985,"CPT,CPA,CA15,GA15",2025-11-06 01:56:39.5597076 -03:00,1827358,2025-11-06 00:38:53.0835477 -03:00,9,0
1827473,26,26-CAMBIO DE HERRAMIENTAS DEBIDO A DESGASTE,597.791,siderca\12985,"CPA,CA15,GA15,CFC,GFC,CDS,GDS,CDT",2025-11-06 03:23:09.9595263 -03:00,1827431,2025-11-06 02:08:40.4228068 -03:00,9,0
1827503,26,26-CAMBIO DE HERRAMIENTAS DEBIDO A DESGASTE,713.744,siderca\12985,"CSR,GSR,CA15,GA15",2025-11-06 04:33:48.9853247 -03:00,1827473,2025-11-06 03:33:07.7509046 -03:00,9,0
1827607,26,26-CAMBIO DE HERRAMIENTAS DEBIDO A DESGASTE,672.558,siderca\17701,"CPT,CPA,CSR,CA15,CFC,CDS,CDT",2025-11-06 07:05:37.3912904 -03:00,1827503,2025-11-06 04:45:42.7299637 -03:00,9,4
1827656,26,26-CAMBIO DE HERRAMIENTAS DEBIDO A DESGASTE,226.9,siderca\17701,CA15,2025-11-06 08:33:41.6345893 -03:00,1827607,2025-11-06 07:16:49.9492180 -03:00,9,0
1827703,26,26-CAMBIO DE HERRAMIENTAS DEBIDO A DESGASTE,420.157,siderca\17701,"CPA,CA15,CFC,CDS",2025-11-06 09:49:25.8429029 -03:00,1827656,2025-11-06 08:37:28.5343245 -03:00,10,0
1827740,26,26-CAMBIO DE HERRAMIENTAS DEBIDO A DESGASTE,438.332,siderca\17701,"CPT,CSR,CA15",2025-11-06 11:03:18.0960897 -03:00,1827703,2025-11-06 09:56:25.9990404 -03:00,9,0
1827813,26,26-CAMBIO DE HERRAMIENTAS DEBIDO A DESGASTE,771.379,siderca\60062291,"CPA,GA15,GFC,GDS,CDT",2025-11-06 13:00:00.0000000 -03:00,1827740,2025-11-06 11:10:36.4286734 -03:00,12,0
1827865,26,26-CAMBIO DE HERRAMIENTAS DEBIDO A DESGASTE,146,siderca\60062291,CDT,2025-11-06 14:17:07.8891679 -03:00,1827813,2025-11-06 13:12:51.3792312 -03:00,10,0
1827929,26,26-CAMBIO DE HERRAMIENTAS DEBIDO A DESGASTE,946.75,siderca\60062291,"CPT,CPA,CSR,GA15,GFC,CDS,CDT",2025-11-06 15:50:32.2523653 -03:00,1827865,2025-11-06 14:19:33.8891679 -03:00,10,0
1828027,26,26-CAMBIO DE HERRAMIENTAS DEBIDO A DESGASTE,204.757,siderca\60062291,CDT,2025-11-06 18:13:59.9291195 -03:00,1827929,2025-11-06 16:06:19.0028653 -03:00,9,0
1828064,26,26-CAMBIO DE HERRAMIENTAS DEBIDO A DESGASTE,749.729,siderca\60062291,"CPA,CA15,CFC,GFC,GDS,CDT",2025-11-06 19:19:38.2869513 -03:00,1828027,2025-11-06 18:17:24.6861766 -03:00,9,0
1828106,26,26-CAMBIO DE HERRAMIENTAS DEBIDO A DESGASTE,511.527,siderca\60062291,"CPT,GSR,GA15,CDT",2025-11-06 20:26:05.1934100 -03:00,1828064,2025-11-06 19:32:08.0150942 -03:00,7,0
1828180,26,26-CAMBIO DE HERRAMIENTAS DEBIDO A DESGASTE,637.854,siderca\12985,"CPA,CA15,GA15,CFC,GFC,CDS,GDS,CDT",2025-11-06 22:12:07.0544977 -03:00,1828106,2025-11-06 20:34:36.7204988 -03:00,12,0
1828214,26,26-CAMBIO DE HERRAMIENTAS DEBIDO A DESGASTE,131.913,siderca\12985,"CA15,GA15",2025-11-06 23:24:48.7536902 -03:00,1828180,2025-11-06 22:22:44.9084398 -03:00,10,0
1828274,26,26-CAMBIO DE HERRAMIENTAS DEBIDO A DESGASTE,730.659,siderca\12985,"CPA,CSR,GSR,CA15,GA15,CDS,GDS,CDT",2025-11-07 00:47:10.6578445 -03:00,1828214,2025-11-06 23:27:00.6667392 -03:00,9,0
1828385,26,26-CAMBIO DE HERRAMIENTAS DEBIDO A DESGASTE,846.481,siderca\12985,"CPT,CPA,CSR,GSR,CA15,GA15,CFC,GFC,CDS,GDS,CDT",2025-11-07 03:23:03.2352443 -03:00,1828274,2025-11-07 00:59:21.3168987 -03:00,21,0
1828494,26,26-CAMBIO DE HERRAMIENTAS DEBIDO A DESGASTE,232,siderca\17701,CA15,2025-11-07 05:28:00.7427034 -03:00,1828385,2025-11-07 03:37:09.7162428 -03:00,10,0
1828538,26,26-CAMBIO DE HERRAMIENTAS DEBIDO A DESGASTE,540.053,siderca\17701,"CPA,CA15,CFC,CDS",2025-11-07 06:38:58.6360702 -03:00,1828494,2025-11-07 05:31:52.7427034 -03:00,10,0
1828592,26,26-CAMBIO DE HERRAMIENTAS DEBIDO A DESGASTE,550.555,siderca\17701,"CPT,CSR,CA15,CFC",2025-11-07 07:51:18.6509868 -03:00,1828538,2025-11-07 06:47:58.6891286 -03:00,9,0
1828650,26,26-CAMBIO DE HERRAMIENTAS DEBIDO A DESGASTE,446,siderca\17701,"CPA,CA15,CFC,CDS",2025-11-07 09:16:44.4775603 -03:00,1828592,2025-11-07 08:00:29.2051424 -03:00,10,0
1828724,26,26-CAMBIO DE HERRAMIENTAS DEBIDO A DESGASTE,180.688,siderca\17701,CA15,2025-11-07 10:55:59.0216880 -03:00,1828650,2025-11-07 09:24:10.4775603 -03:00,12,0
1828769,26,26-CAMBIO DE HERRAMIENTAS DEBIDO A DESGASTE,642.673,siderca\17701,"CPT,CPA,CSR,CA15,CFC,CDS",2025-11-07 12:01:31.6702835 -03:00,1828724,2025-11-07 10:58:59.7094521 -03:00,9,0
1828832,26,26-CAMBIO DE HERRAMIENTAS DEBIDO A DESGASTE,326.881,siderca\60062291,CDT,2025-11-07 13:17:54.3272473 -03:00,1828769,2025-11-07 12:12:14.3437255 -03:00,10,0
1828894,26,26-CAMBIO DE HERRAMIENTAS DEBIDO A DESGASTE,690.764,siderca\60062291,"CPA,GA15,GFC,CDS,CDT",2025-11-07 14:30:18.7257463 -03:00,1828832,2025-11-07 13:23:21.2083509 -03:00,10,0
1828961,26,26-CAMBIO DE HERRAMIENTAS DEBIDO A DESGASTE,120.923,siderca\60062291,CDT,2025-11-07 15:55:33.8215451 -03:00,1828894,2025-11-07 14:41:49.4893512 -03:00,9,0
1829007,26,26-CAMBIO DE HERRAMIENTAS DEBIDO A DESGASTE,1010.197,siderca\60062291,"CPT,CPA,CSR,GSR,CA15,GFC,GDS,CDT",2025-11-07 17:14:15.6436490 -03:00,1828961,2025-11-07 15:57:34.7446532 -03:00,11,0
1829071,26,26-CAMBIO DE HERRAMIENTAS DEBIDO A DESGASTE,216.734,siderca\60062291,CDT,2025-11-07 18:45:29.7134046 -03:00,1829007,2025-11-07 17:31:05.8402696 -03:00,11,0
1829107,26,26-CAMBIO DE HERRAMIENTAS DEBIDO A DESGASTE,992.374,siderca\60062291,"CPT,CPA,GSR,GA15,GFC,GDS,CDT",2025-11-07 19:45:04.5552656 -03:00,1829071,2025-11-07 18:49:06.4479250 -03:00,9,0
1829192,26,26-CAMBIO DE HERRAMIENTAS DEBIDO A DESGASTE,428,siderca\12985,"CA15,GA15,CFC,GFC",2025-11-07 21:20:10.3870483 -03:00,1829107,2025-11-07 20:01:36.9292910 -03:00,10,0
1829239,26,26-CAMBIO DE HERRAMIENTAS DEBIDO A DESGASTE,516.476,siderca\12985,"CPA,CA15,GA15,CDS,GDS,CDT",2025-11-07 22:31:22.7508911 -03:00,1829192,2025-11-07 21:27:18.3870483 -03:00,10,0
1829301,26,26-CAMBIO DE HERRAMIENTAS DEBIDO A DESGASTE,821,siderca\12985,"CPT,CSR,GSR,CA15,GA15,CFC,GFC",2025-11-07 23:56:25.6390895 -03:00,1829239,2025-11-07 22:39:59.2267701 -03:00,10,0
1829356,26,26-CAMBIO DE HERRAMIENTAS DEBIDO A DESGASTE,717.351,siderca\12985,"CPA,CA15,GA15,CFC,GFC,CDS,GDS,CDT",2025-11-08 01:20:25.5708333 -03:00,1829301,2025-11-08 00:10:06.6390895 -03:00,10,0
1829404,26,26-CAMBIO DE HERRAMIENTAS DEBIDO A DESGASTE,214.655,siderca\12985,"CA15,GA15",2025-11-08 02:36:09.5456670 -03:00,1829356,2025-11-08 01:32:22.9217396 -03:00,10,0
1829446,26,26-CAMBIO DE HERRAMIENTAS DEBIDO A DESGASTE,842.865,siderca\12985,"CPT,CPA,CSR,GSR,CA15,GA15,CFC,GFC,CDS,GDS,CDT",2025-11-08 03:41:49.0519721 -03:00,1829404,2025-11-08 02:39:44.2005995 -03:00,9,0
1830516,26,26-CAMBIO DE HERRAMIENTAS DEBIDO A DESGASTE,387.373,siderca\17701,"CPA,CA15,CFC,CDS",2025-11-08 05:09:57.2847736 -03:00,1829446,2025-11-08 03:55:51.9164878 -03:00,10,0
1830569,26,26-CAMBIO DE HERRAMIENTAS DEBIDO A DESGASTE,527.246,siderca\17701,"CPA,CA15,CFC,GDS",2025-11-08 06:18:30.6017087 -03:00,1830516,2025-11-08 05:16:24.6576125 -03:00,10,0
1830619,26,26-CAMBIO DE HERRAMIENTAS DEBIDO A DESGASTE,349.377,siderca\17701,"CPT,CSR,CA15",2025-11-08 07:31:51.7297687 -03:00,1830569,2025-11-08 06:27:17.8470661 -03:00,10,0
1830668,26,26-CAMBIO DE HERRAMIENTAS DEBIDO A DESGASTE,467.273,siderca\17701,"CPA,CA15,CFC,CDS",2025-11-08 08:42:37.5692905 -03:00,1830619,2025-11-08 07:37:41.1068192 -03:00,10,0
1830729,26,26-CAMBIO DE HERRAMIENTAS DEBIDO A DESGASTE,191.761,siderca\17701,CA15,2025-11-08 10:04:02.9207340 -03:00,1830668,2025-11-08 08:50:24.8426623 -03:00,11,0
1830776,26,26-CAMBIO DE HERRAMIENTAS DEBIDO A DESGASTE,651.137,siderca\17701,"CPT,CPA,CSR,CA15,CFC,CDS",2025-11-08 11:09:27.3779547 -03:00,1830729,2025-11-08 10:07:14.6815587 -03:00,10,0
1830832,26,26-CAMBIO DE HERRAMIENTAS DEBIDO A DESGASTE,270.696,siderca\17701,CA15,2025-11-08 12:24:40.1521064 -03:00,1830776,2025-11-08 11:20:18.5141862 -03:00,10,0
1830882,26,26-CAMBIO DE HERRAMIENTAS DEBIDO A DESGASTE,982.035,siderca\60062291,"CPT,CPA,GSR,GA15,GFC,GDS,CDT",2025-11-08 13:19:06.4906812 -03:00,1830832,2025-11-08 12:29:10.8488168 -03:00,8,0
1830947,26,26-CAMBIO DE HERRAMIENTAS DEBIDO A DESGASTE,126,siderca\60062291,CDT,2025-11-08 14:46:16.6847938 -03:00,1830882,2025-11-08 13:35:28.5253904 -03:00,11,0
1830995,26,26-CAMBIO DE HERRAMIENTAS DEBIDO A DESGASTE,558.472,siderca\60062291,"CPA,CA15,CFC,GFC,GDS,CDT",2025-11-08 15:49:20.8102772 -03:00,1830947,2025-11-08 14:48:22.6847938 -03:00,9,0
1831038,26,26-CAMBIO DE HERRAMIENTAS DEBIDO A DESGASTE,387.134,siderca\60062291,"CPT,CSR,GSR,CDT",2025-11-08 16:49:33.6887927 -03:00,1830995,2025-11-08 15:58:39.2820473 -03:00,8,0
1831114,26,26-CAMBIO DE HERRAMIENTAS DEBIDO A DESGASTE,600.935,siderca\60062291,"CPA,GA15,CFC,GFC,GDS,CDT",2025-11-08 18:10:34.2321407 -03:00,1831038,2025-11-08 16:56:00.8226840 -03:00,10,0
1831159,26,26-CAMBIO DE HERRAMIENTAS DEBIDO A DESGASTE,227.432,siderca\60062291,CDT,2025-11-08 19:23:42.2039837 -03:00,1831114,2025-11-08 18:20:35.1678332 -03:00,10,0
1831226,26,26-CAMBIO DE HERRAMIENTAS DEBIDO A DESGASTE,900.888,siderca\60062291,"CPT,CPA,GSR,GA15,CFC,GFC,CDS,CDT",2025-11-08 20:11:15.4241995 -03:00,1831159,2025-11-08 19:27:29.6358536 -03:00,6,0
1831297,26,26-CAMBIO DE HERRAMIENTAS DEBIDO A DESGASTE,199.232,siderca\12985,"CA15,GA15",2025-11-08 21:40:29.3181360 -03:00,1831226,2025-11-08 20:26:16.3122574 -03:00,11,0
1831350,26,26-CAMBIO DE HERRAMIENTAS DEBIDO A DESGASTE,607.419,siderca\12985,"CPA,CA15,GA15,CDS,GDS,CDT",2025-11-08 22:45:49.7099505 -03:00,1831297,2025-11-08 21:43:48.5503115 -03:00,10,0
1831409,26,26-CAMBIO DE HERRAMIENTAS DEBIDO A DESGASTE,476.126,siderca\12985,"CPT,CSR,GSR,CA15,GA15",2025-11-08 23:58:11.3700650 -03:00,1831350,2025-11-08 22:55:57.1285782 -03:00,9,0
1831470,26,26-CAMBIO DE HERRAMIENTAS DEBIDO A DESGASTE,549.032,siderca\12985,"CPA,CA15,GA15,CDS,GDS,CDT",2025-11-09 01:19:38.8349538 -03:00,1831409,2025-11-09 00:06:07.4963065 -03:00,10,0
1831529,26,26-CAMBIO DE HERRAMIENTAS DEBIDO A DESGASTE,479.495,siderca\12985,"CPT,CPA,CA15,GA15",2025-11-09 02:41:48.4629749 -03:00,1831470,2025-11-09 01:28:47.8660216 -03:00,10,0
1831588,26,26-CAMBIO DE HERRAMIENTAS DEBIDO A DESGASTE,424.591,siderca\12985,"CSR,GSR,CA15,GA15,CDS,GDS,CDT",2025-11-09 03:53:02.5939502 -03:00,1831529,2025-11-09 02:49:47.9571856 -03:00,9,0
1832711,26,26-CAMBIO DE HERRAMIENTAS DEBIDO A DESGASTE,1090.212,siderca\60062291,"CPT,CPA,CSR,GSR,GA15,GFC,CDS,CDT",2025-11-10 05:23:06.1140768 -03:00,1831588,2025-11-09 04:00:07.1849378 -03:00,10,0
1832782,26,26-CAMBIO DE HERRAMIENTAS DEBIDO A DESGASTE,201.646,siderca\60062291,CDT,2025-11-10 06:55:25.1196253 -03:00,1832711,2025-11-10 05:41:16.3260539 -03:00,10,0
1832830,26,26-CAMBIO DE HERRAMIENTAS DEBIDO A DESGASTE,821,siderca\60062291,"CPA,GA15,GFC,GDS,CDT",2025-11-10 08:01:50.0057950 -03:00,1832782,2025-11-10 06:58:46.7659341 -03:00,10,1
1832897,26,26-CAMBIO DE HERRAMIENTAS DEBIDO A DESGASTE,462.533,siderca\60062291,"CPT,CDT",2025-11-10 09:31:21.5937902 -03:00,1832830,2025-11-10 08:15:31.0057950 -03:00,10,0
1832950,26,26-CAMBIO DE HERRAMIENTAS DEBIDO A DESGASTE,772.344,siderca\60062291,"CPA,GA15,GFC,GDS,CDT",2025-11-10 10:42:55.7486397 -03:00,1832897,2025-11-10 09:39:04.1263224 -03:00,9,0
1833018,26,26-CAMBIO DE HERRAMIENTAS DEBIDO A DESGASTE,360.766,siderca\60062291,"CPT,GSR,CDT",2025-11-10 11:48:34.0940386 -03:00,1832950,2025-11-10 10:55:48.0920774 -03:00,6,0
1833073,26,26-CAMBIO DE HERRAMIENTAS DEBIDO A DESGASTE,487.748,siderca\12985,"CPA,CA15,GA15,CDS,GDS,CDT",2025-11-10 13:10:13.1096049 -03:00,1833018,2025-11-10 11:54:34.8607573 -03:00,10,0
1833128,26,26-CAMBIO DE HERRAMIENTAS DEBIDO A DESGASTE,128.671,siderca\12985,"CA15,GA15",2025-11-10 14:20:31.5538550 -03:00,1833073,2025-11-10 13:18:20.8573022 -03:00,10,0
1833187,26,26-CAMBIO DE HERRAMIENTAS DEBIDO A DESGASTE,901,siderca\12985,"CPT,CPA,CSR,GSR,CA15,GA15,CFC,GFC,CDS,GDS,CDT",2025-11-10 15:30:52.0088970 -03:00,1833128,2025-11-10 14:22:40.2248411 -03:00,10,0
1833325,26,26-CAMBIO DE HERRAMIENTAS DEBIDO A DESGASTE,513.855,siderca\12985,"CA15,GA15,CFC,GFC,CDS,GDS",2025-11-10 18:23:08.6740796 -03:00,1833187,2025-11-10 15:45:53.0088970 -03:00,14,3
1833409,26,26-CAMBIO DE HERRAMIENTAS DEBIDO A DESGASTE,657.22,siderca\12985,"CPA,CA15,GA15,CFC,GFC,CDS,GDS,CDT",2025-11-10 20:18:03.3246723 -03:00,1833325,2025-11-10 18:31:42.5292285 -03:00,11,0
1833489,26,26-CAMBIO DE HERRAMIENTAS DEBIDO A DESGASTE,423,siderca\17701,"CPT,CSR,CA15",2025-11-10 21:43:18.2753246 -03:00,1833409,2025-11-10 20:29:00.5449058 -03:00,9,0
1833557,26,26-CAMBIO DE HERRAMIENTAS DEBIDO A DESGASTE,479,siderca\17701,"CPA,CA15,CFC,CDS",2025-11-10 23:04:09.4629729 -03:00,1833489,2025-11-10 21:50:21.2753246 -03:00,10,0
1833617,26,26-CAMBIO DE HERRAMIENTAS DEBIDO A DESGASTE,179.546,siderca\17701,CA15,2025-11-11 00:19:55.1649863 -03:00,1833557,2025-11-10 23:12:08.4629729 -03:00,10,0
1833660,26,26-CAMBIO DE HERRAMIENTAS DEBIDO A DESGASTE,690,siderca\17701,"CPT,CPA,CSR,CA15,CFC,CDS",2025-11-11 01:23:03.3199236 -03:00,1833617,2025-11-11 00:22:54.7106028 -03:00,9,0
1833719,26,26-CAMBIO DE HERRAMIENTAS DEBIDO A DESGASTE,216.751,siderca\17701,CA15,2025-11-11 02:40:06.1943701 -03:00,1833660,2025-11-11 01:34:33.3199236 -03:00,10,0
1833769,26,26-CAMBIO DE HERRAMIENTAS DEBIDO A DESGASTE,518.78,siderca\17701,"CPA,CA15,CFC,CDS",2025-11-11 03:46:28.1716044 -03:00,1833719,2025-11-11 02:43:42.9456697 -03:00,10,0
1833843,26,26-CAMBIO DE HERRAMIENTAS DEBIDO A DESGASTE,404,siderca\60062291,"CPT,GSR,CDT",2025-11-11 05:10:36.8787927 -03:00,1833769,2025-11-11 03:55:06.9511119 -03:00,11,0
1833916,26,26-CAMBIO DE HERRAMIENTAS DEBIDO A DESGASTE,480.125,siderca\60062291,"CPA,GA15,GFC,GDS,CDT",2025-11-11 06:27:24.1139639 -03:00,1833843,2025-11-11 05:17:20.8787927 -03:00,10,0
1833962,26,26-CAMBIO DE HERRAMIENTAS DEBIDO A DESGASTE,156.441,siderca\60062291,CDT,2025-11-11 07:38:29.2832561 -03:00,1833916,2025-11-11 06:35:24.2382124 -03:00,9,0
1833998,26,26-CAMBIO DE HERRAMIENTAS DEBIDO A DESGASTE,826.963,siderca\60062291,"CPT,CPA,CSR,CA15,CFC,GFC,CDS,CDT",2025-11-11 08:37:47.7752174 -03:00,1833962,2025-11-11 07:41:05.7241670 -03:00,7,1
1834043,26,26-CAMBIO DE HERRAMIENTAS DEBIDO A DESGASTE,231.545,siderca\60062291,CDT,2025-11-11 10:01:35.2620756 -03:00,1833998,2025-11-11 08:51:34.7380708 -03:00,11,0
1834084,26,26-CAMBIO DE HERRAMIENTAS DEBIDO A DESGASTE,805.846,siderca\60062291,"CPA,GA15,GFC,GDS,CDT",2025-11-11 11:06:20.4761180 -03:00,1834043,2025-11-11 10:05:26.8073332 -03:00,8,1
1834227,26,26-CAMBIO DE HERRAMIENTAS DEBIDO A DESGASTE,810,siderca\12985,"CPA,CA15,GA15,CFC,GFC,CDS,GDS,CDT",2025-11-11 14:23:48.0749355 -03:00,1834084,2025-11-11 11:19:46.3224241 -03:00,19,0
1834347,26,26-CAMBIO DE HERRAMIENTAS DEBIDO A DESGASTE,866.503,siderca\12985,"CPT,CPA,CSR,GSR,CA15,GA15,CFC,GFC,CDS,GDS,CDT",2025-11-11 17:20:35.0004545 -03:00,1834227,2025-11-11 14:37:18.0749355 -03:00,20,1
1834407,26,26-CAMBIO DE HERRAMIENTAS DEBIDO A DESGASTE,321.029,siderca\12985,"CA15,GA15",2025-11-11 18:46:46.2741603 -03:00,1834347,2025-11-11 17:35:01.5033586 -03:00,10,0
1834438,26,26-CAMBIO DE HERRAMIENTAS DEBIDO A DESGASTE,702.852,siderca\12985,"CPA,CA15,GA15,CFC,GFC,CDS,GDS,CDT",2025-11-11 19:38:50.6407780 -03:00,1834407,2025-11-11 18:52:07.3031838 -03:00,7,0
1834529,26,26-CAMBIO DE HERRAMIENTAS DEBIDO A DESGASTE,360.704,siderca\17701,"CSR,CA15",2025-11-11 21:06:18.0000000 -03:00,1834438,2025-11-11 19:50:33.4923675 -03:00,9,0
1834568,26,26-CAMBIO DE HERRAMIENTAS DEBIDO A DESGASTE,592.881,siderca\17701,"CPT,CPA,CSR,CA15,CFC,CDS",2025-11-11 23:06:15.3803102 -03:00,1834529,2025-11-11 21:12:18.7040356 -03:00,11,0
1834623,26,26-CAMBIO DE HERRAMIENTAS DEBIDO A DESGASTE,197.093,siderca\17701,CA15,2025-11-12 00:34:25.9941627 -03:00,1834568,2025-11-11 23:16:08.2610759 -03:00,9,0
1834663,26,26-CAMBIO DE HERRAMIENTAS DEBIDO A DESGASTE,816.534,siderca\17701,"CPA,CA15,CFC,CDS",2025-11-12 01:48:33.3267812 -03:00,1834623,2025-11-12 00:37:43.0870625 -03:00,8,0
1834756,26,26-CAMBIO DE HERRAMIENTAS DEBIDO A DESGASTE,448.544,siderca\17701,"CPA,CSR,CA15",2025-11-12 04:01:05.1616974 -03:00,1834663,2025-11-12 02:02:09.8601990 -03:00,9,0
1834856,26,26-CAMBIO DE HERRAMIENTAS DEBIDO A DESGASTE,480.314,siderca\60062291,"CPA,GA15,GFC,GDS,CDT",2025-11-12 05:50:04.8405706 -03:00,1834756,2025-11-12 04:08:33.7050590 -03:00,8,0
1834910,26,26-CAMBIO DE HERRAMIENTAS DEBIDO A DESGASTE,420,siderca\60062291,"GA15,CDT",2025-11-12 07:42:02.8735725 -03:00,1834856,2025-11-12 05:58:05.1542449 -03:00,9,0
1834969,26,26-CAMBIO DE HERRAMIENTAS DEBIDO A DESGASTE,847,siderca\60062291,"CPT,CPA,CSR,GSR,GA15,CFC,GFC,CDS,CDT",2025-11-12 09:07:40.4106800 -03:00,1834910,2025-11-12 07:49:02.8735725 -03:00,9,0
1835064,26,26-CAMBIO DE HERRAMIENTAS DEBIDO A DESGASTE,401.014,siderca\60062291,"GA15,CDT",2025-11-12 11:17:32.4361378 -03:00,1834969,2025-11-12 09:21:47.4106800 -03:00,12,0
1835138,26,26-CAMBIO DE HERRAMIENTAS DEBIDO A DESGASTE,938.495,siderca\12985,"CPT,CPA,CSR,GSR,CA15,GA15,CFC,GFC,CDS,GDS,CDT",2025-11-12 12:43:17.3077773 -03:00,1835064,2025-11-12 11:24:13.4501873 -03:00,9,0
1835231,26,26-CAMBIO DE HERRAMIENTAS DEBIDO A DESGASTE,572.072,siderca\12985,"CA15,GA15,CDT",2025-11-12 14:54:36.6329822 -03:00,1835138,2025-11-12 12:58:55.8029294 -03:00,11,0
1835295,26,26-CAMBIO DE HERRAMIENTAS DEBIDO A DESGASTE,675,siderca\12985,"CPA,CA15,GA15,CFC,GFC,CDS,GDS,CDT",2025-11-12 16:22:49.5185424 -03:00,1835231,2025-11-12 15:04:08.7046939 -03:00,9,0
1835377,26,26-CAMBIO DE HERRAMIENTAS DEBIDO A DESGASTE,865,siderca\12985,"CPT,CPA,CSR,GSR,CA15,GA15,CFC,GFC,CDS,GDS,CDT",2025-11-12 18:19:26.4376509 -03:00,1835295,2025-11-12 16:34:04.5185424 -03:00,10,0
1835468,26,26-CAMBIO DE HERRAMIENTAS DEBIDO A DESGASTE,581.723,siderca\12985,"CA15,GA15,CDT",2025-11-12 20:18:35.1683318 -03:00,1835377,2025-11-12 18:33:51.4376509 -03:00,11,0
1835535,26,26-CAMBIO DE HERRAMIENTAS DEBIDO A DESGASTE,668.687,siderca\17701,"CPA,CA15,CFC,CDS,CDT",2025-11-12 21:27:07.2880012 -03:00,1835468,2025-11-12 20:28:16.8910585 -03:00,7,0
1835587,26,26-CAMBIO DE HERRAMIENTAS DEBIDO A DESGASTE,589.879,siderca\17701,"CPT,CSR,CA15,CFC",2025-11-12 22:57:05.6325123 -03:00,1835535,2025-11-12 21:38:15.9759815 -03:00,10,0
1835638,26,26-CAMBIO DE HERRAMIENTAS DEBIDO A DESGASTE,606.245,siderca\17701,"CPT,CSR,CA15,CFC",2025-11-13 00:23:06.5046595 -03:00,1835587,2025-11-12 23:06:55.5116465 -03:00,10,0
1835692,26,26-CAMBIO DE HERRAMIENTAS DEBIDO A DESGASTE,342,siderca\17701,"CA15,CFC",2025-11-13 01:47:29.0158312 -03:00,1835638,2025-11-13 00:33:12.7491774 -03:00,9,0
1835760,26,26-CAMBIO DE HERRAMIENTAS DEBIDO A DESGASTE,766,siderca\17701,"CPT,CPA,CSR,CA15,CFC,CDS,CDT",2025-11-13 03:14:19.7437656 -03:00,1835692,2025-11-13 01:53:11.0158312 -03:00,10,0
1835834,26,26-CAMBIO DE HERRAMIENTAS DEBIDO A DESGASTE,323.276,siderca\17701,"CA15,CFC",2025-11-13 04:51:47.3411320 -03:00,1835760,2025-11-13 03:27:05.7437656 -03:00,10,0
1835904,26,26-CAMBIO DE HERRAMIENTAS DEBIDO A DESGASTE,672.096,siderca\60062291,"CPA,CA15,GFC,GDS,CDT",2025-11-13 06:11:28.3295318 -03:00,1835834,2025-11-13 04:57:10.6177984 -03:00,10,0
1835970,26,26-CAMBIO DE HERRAMIENTAS DEBIDO A DESGASTE,589.989,siderca\60062291,"CPT,CSR,GSR,CA15,CDT",2025-11-13 07:37:54.2475109 -03:00,1835904,2025-11-13 06:22:40.4258220 -03:00,10,0
1836032,26,26-CAMBIO DE HERRAMIENTAS DEBIDO A DESGASTE,617,siderca\60062291,"CPA,GA15,GFC,GDS,CDT",2025-11-13 09:07:16.7837224 -03:00,1835970,2025-11-13 07:47:44.2368692 -03:00,9,1
1836110,26,26-CAMBIO DE HERRAMIENTAS DEBIDO A DESGASTE,272,siderca\60062291,"GA15,CDT",2025-11-13 10:40:54.8225767 -03:00,1836032,2025-11-13 09:17:33.7837224 -03:00,10,0
1836198,26,26-CAMBIO DE HERRAMIENTAS DEBIDO A DESGASTE,900,siderca\60062291,"CPT,CPA,CSR,GSR,CA15,GA15,GFC,GDS,CDT",2025-11-13 12:19:58.8173366 -03:00,1836110,2025-11-13 10:45:26.8225767 -03:00,10,0
1836271,26,26-CAMBIO DE HERRAMIENTAS DEBIDO A DESGASTE,710.475,siderca\12985,"CA15,GA15,CFC,GFC,CDT",2025-11-13 14:10:39.3685583 -03:00,1836198,2025-11-13 12:34:58.8173366 -03:00,11,0
1836302,26,26-CAMBIO DE HERRAMIENTAS DEBIDO A DESGASTE,638.218,siderca\12985,"CA15,GA15,CFC,GFC,CDT",2025-11-13 15:04:56.4915999 -03:00,1836271,2025-11-13 14:22:29.8438254 -03:00,4,0
1836389,26,26-CAMBIO DE HERRAMIENTAS DEBIDO A DESGASTE,900,siderca\12985,"CPT,CPA,CSR,GSR,CA15,GA15,CFC,GFC,CDS,GDS,CDT",2025-11-13 16:09:28.1579395 -03:00,1836302,2025-11-13 15:15:34.7092722 -03:00,5,0
1836425,26,26-CAMBIO DE HERRAMIENTAS DEBIDO A DESGASTE,654,siderca\12985,"CA15,GA15,CFC,GFC,CDT",2025-11-13 18:52:56.4378535 -03:00,1836389,2025-11-13 16:24:28.1579395 -03:00,11,0
1836469,26,26-CAMBIO DE HERRAMIENTAS DEBIDO A DESGASTE,572.815,siderca\12985,"CPA,CA15,GA15,CDS,GDS,CDT",2025-11-13 20:11:34.8060236 -03:00,1836425,2025-11-13 19:03:50.4378535 -03:00,10,0
1836531,26,26-CAMBIO DE HERRAMIENTAS DEBIDO A DESGASTE,491,siderca\17701,"CPT,CSR,CA15,CFC",2025-11-13 21:27:16.6164186 -03:00,1836469,2025-11-13 20:21:07.6215707 -03:00,10,0
1836582,26,26-CAMBIO DE HERRAMIENTAS DEBIDO A DESGASTE,627.248,siderca\17701,"CPA,CA15,GFC,CDS",2025-11-13 22:50:40.3171360 -03:00,1836531,2025-11-13 21:35:27.6164186 -03:00,10,0
1836624,26,26-CAMBIO DE HERRAMIENTAS DEBIDO A DESGASTE,376.04,siderca\17701,GA15,2025-11-14 00:10:28.0864962 -03:00,1836582,2025-11-13 23:01:07.5654653 -03:00,10,0
1836662,26,26-CAMBIO DE HERRAMIENTAS DEBIDO A DESGASTE,642,siderca\17701,"CPT,CPA,CSR,CA15,CFC,CDS",2025-11-14 01:17:36.7648865 -03:00,1836624,2025-11-14 00:16:44.1266218 -03:00,10,0
1836703,26,26-CAMBIO DE HERRAMIENTAS DEBIDO A DESGASTE,295.842,siderca\17701,CA15,2025-11-14 02:46:15.6843896 -03:00,1836662,2025-11-14 01:28:18.7648865 -03:00,10,0
1836740,26,26-CAMBIO DE HERRAMIENTAS DEBIDO A DESGASTE,652.796,siderca\17701,"CPA,CA15,CFC,CDS",2025-11-14 03:58:39.7567573 -03:00,1836703,2025-11-14 02:51:11.5263730 -03:00,9,0
1836771,26,26-CAMBIO DE HERRAMIENTAS DEBIDO A DESGASTE,816,siderca\60062291,"CPT,CSR,CA15,GA15,CDT",2025-11-14 05:00:32.9408740 -03:00,1836740,2025-11-14 04:09:32.5528898 -03:00,8,0
1836838,26,26-CAMBIO DE HERRAMIENTAS DEBIDO A DESGASTE,568,siderca\60062291,"CPA,GA15,GFC,GDS,CDT",2025-11-14 06:33:35.0390768 -03:00,1836771,2025-11-14 05:14:08.9408740 -03:00,11,0
1836887,26,26-CAMBIO DE HERRAMIENTAS DEBIDO A DESGASTE,484.348,siderca\60062291,"GSR,CDT",2025-11-14 08:08:46.5403208 -03:00,1836838,2025-11-14 06:43:03.0390768 -03:00,11,0
1836912,26,26-CAMBIO DE HERRAMIENTAS DEBIDO A DESGASTE,952.407,siderca\60062291,"CPT,CPA,CSR,GSR,CA15,GA15,CFC,GFC,CDS,CDT",2025-11-14 09:12:59.0235326 -03:00,1836887,2025-11-14 08:16:50.8885303 -03:00,8,0
1836999,26,26-CAMBIO DE HERRAMIENTAS DEBIDO A DESGASTE,258,siderca\60062291,CDT,2025-11-14 12:28:19.1252993 -03:00,1836912,2025-11-14 09:28:51.4309558 -03:00,10,0
1837046,26,26-CAMBIO DE HERRAMIENTAS DEBIDO A DESGASTE,839.688,siderca\12985,"CPT,CPA,CSR,GSR,CA15,GA15,CFC,CDS,GDS,CDT",2025-11-14 13:39:12.3653228 -03:00,1836999,2025-11-14 12:32:37.1252993 -03:00,10,0
1837095,26,26-CAMBIO DE HERRAMIENTAS DEBIDO A DESGASTE,185,siderca\12985,"CA15,GA15",2025-11-14 15:20:37.2389853 -03:00,1837046,2025-11-14 13:53:12.0539596 -03:00,10,0
1837143,26,26-CAMBIO DE HERRAMIENTAS DEBIDO A DESGASTE,836,siderca\12985,"CPT,CPA,CA15,GA15,CDS,GDS,CDT",2025-11-14 16:45:30.1180725 -03:00,1837095,2025-11-14 15:23:42.2389853 -03:00,11,0
1837182,26,26-CAMBIO DE HERRAMIENTAS DEBIDO A DESGASTE,409.787,siderca\12985,"CA15,GA15,CDT",2025-11-14 18:03:31.0349494 -03:00,1837143,2025-11-14 16:59:26.1180725 -03:00,10,0
1837227,26,26-CAMBIO DE HERRAMIENTAS DEBIDO A DESGASTE,608.33,siderca\12985,"CPA,CA15,GA15,CDS,GDS,CDT",2025-11-14 19:19:32.1589693 -03:00,1837182,2025-11-14 18:10:20.8212233 -03:00,11,0
1837275,26,26-CAMBIO DE HERRAMIENTAS DEBIDO A DESGASTE,282.888,siderca\12985,"CPT,CA15,GA15",2025-11-14 20:46:37.4426233 -03:00,1837227,2025-11-14 19:29:40.4883943 -03:00,10,0
1837335,26,26-CAMBIO DE HERRAMIENTAS DEBIDO A DESGASTE,714.464,siderca\17701,"CPT,CPA,CSR,CA15,CFC,CDS",2025-11-14 22:00:51.4621075 -03:00,1837275,2025-11-14 20:51:20.3302756 -03:00,10,0
1837371,26,26-CAMBIO DE HERRAMIENTAS DEBIDO A DESGASTE,230.902,siderca\17701,CA15,2025-11-14 23:18:52.8760794 -03:00,1837335,2025-11-14 22:12:45.9261115 -03:00,9,0
1837406,26,26-CAMBIO DE HERRAMIENTAS DEBIDO A DESGASTE,455.952,siderca\17701,"CPA,CA15,CFC,CDS",2025-11-15 00:24:05.9520737 -03:00,1837371,2025-11-14 23:22:43.7788657 -03:00,9,0
1837446,26,26-CAMBIO DE HERRAMIENTAS DEBIDO A DESGASTE,454.131,siderca\17701,"CPT,CSR,CA15",2025-11-15 01:36:09.5778399 -03:00,1837406,2025-11-15 00:31:41.9049977 -03:00,9,0
1837483,26,26-CAMBIO DE HERRAMIENTAS DEBIDO A DESGASTE,555.724,siderca\17701,"CPA,CA15,CFC,CDS",2025-11-15 02:48:54.0139466 -03:00,1837446,2025-11-15 01:43:43.7085598 -03:00,10,0
1837531,26,26-CAMBIO DE HERRAMIENTAS DEBIDO A DESGASTE,333.292,siderca\17701,CA15,2025-11-15 04:02:32.9199092 -03:00,1837483,2025-11-15 02:58:09.7378787 -03:00,9,0
1837577,26,26-CAMBIO DE HERRAMIENTAS DEBIDO A DESGASTE,958.862,siderca\60062291,"CPT,CPA,CSR,GSR,GA15,GFC,GDS,CDT",2025-11-15 05:10:49.2357954 -03:00,1837531,2025-11-15 04:08:06.2115294 -03:00,9,0
1837647,26,26-CAMBIO DE HERRAMIENTAS DEBIDO A DESGASTE,221.121,siderca\60062291,CDT,2025-11-15 07:12:55.1352064 -03:00,1837577,2025-11-15 05:26:48.0976400 -03:00,10,0
1837686,26,26-CAMBIO DE HERRAMIENTAS DEBIDO A DESGASTE,739.337,siderca\60062291,"CPA,CA15,GFC,CDS,CDT",2025-11-15 08:12:05.1964761 -03:00,1837647,2025-11-15 07:16:36.2560910 -03:00,8,0
1837733,26,26-CAMBIO DE HERRAMIENTAS DEBIDO A DESGASTE,413.485,siderca\60062291,"CPT,GSR,CDT",2025-11-15 09:38:04.0228902 -03:00,1837686,2025-11-15 08:24:24.5337523 -03:00,10,0
1837777,26,26-CAMBIO DE HERRAMIENTAS DEBIDO A DESGASTE,716.769,siderca\60062291,"CPA,GA15,GFC,GDS,CDT",2025-11-15 10:51:20.6478127 -03:00,1837733,2025-11-15 09:44:57.5078197 -03:00,9,0
1837828,26,26-CAMBIO DE HERRAMIENTAS DEBIDO A DESGASTE,267.302,siderca\60062291,CDT,2025-11-15 12:13:11.8309499 -03:00,1837777,2025-11-15 11:03:17.4163970 -03:00,10,0
1837833,26,26-CAMBIO DE HERRAMIENTAS DEBIDO A DESGASTE,609.859,siderca\12985,"CSR,CA15,GA15",2025-11-15 12:24:42.1322463 -03:00,1837828,2025-11-15 12:17:39.1322463 -03:00,1,0
1837889,26,26-CAMBIO DE HERRAMIENTAS DEBIDO A DESGASTE,928,siderca\12985,"CPT,CPA,CSR,GSR,CA15,GA15,CFC,GFC,CDS,GDS,CDT",2025-11-15 13:31:55.0927389 -03:00,1837833,2025-11-15 12:34:51.9916335 -03:00,8,0
1837943,26,26-CAMBIO DE HERRAMIENTAS DEBIDO A DESGASTE,80.484,siderca\12985,"CA15,GA15",2025-11-15 15:07:08.0095827 -03:00,1837889,2025-11-15 13:47:23.0927389 -03:00,11,0
1837987,26,26-CAMBIO DE HERRAMIENTAS DEBIDO A DESGASTE,737.328,siderca\12985,"CPA,GFC,GDS,CDT",2025-11-15 16:15:04.2977973 -03:00,1837943,2025-11-15 15:08:28.4938303 -03:00,10,0
1838108,26,26-CAMBIO DE HERRAMIENTAS DEBIDO A DESGASTE,826.553,siderca\12985,"CPT,CSR,GSR,CA15,GA15,CFC,GFC,CDS,GDS,CDT",2025-11-15 19:20:55.2244670 -03:00,1837987,2025-11-15 16:27:21.6255151 -03:00,8,0
1838212,26,26-CAMBIO DE HERRAMIENTAS DEBIDO A DESGASTE,839,siderca\17701,"CPA,CA15,CFC,CDS",2025-11-15 21:35:40.4032121 -03:00,1838108,2025-11-15 19:34:41.7772421 -03:00,10,0
1838270,26,26-CAMBIO DE HERRAMIENTAS DEBIDO A DESGASTE,435.908,siderca\17701,"CPA,CA15,CFC,CDS",2025-11-15 22:57:24.3142469 -03:00,1838212,2025-11-15 21:49:39.4032121 -03:00,9,0
1838329,26,26-CAMBIO DE HERRAMIENTAS DEBIDO A DESGASTE,385.031,siderca\17701,"CPT,CSR,CA15",2025-11-16 00:25:47.3251598 -03:00,1838270,2025-11-15 23:04:40.2220877 -03:00,10,3
1838385,26,26-CAMBIO DE HERRAMIENTAS DEBIDO A DESGASTE,521.778,siderca\17701,"CPA,CA15,CFC,CDS",2025-11-16 02:04:22.7428015 -03:00,1838329,2025-11-16 00:32:12.3564583 -03:00,11,0
1838427,26,26-CAMBIO DE HERRAMIENTAS DEBIDO A DESGASTE,271,siderca\17701,CA15,2025-11-16 03:09:41.4447144 -03:00,1838385,2025-11-16 02:13:04.5209159 -03:00,9,0
1838465,26,26-CAMBIO DE HERRAMIENTAS DEBIDO A DESGASTE,654.504,siderca\17701,"CPT,CPA,CSR,CA15,CFC,CDS",2025-11-16 04:09:50.4855782 -03:00,1838427,2025-11-16 03:14:12.4447144 -03:00,8,0
1838581,26,26-CAMBIO DE HERRAMIENTAS DEBIDO A DESGASTE,945,siderca\12985,"CPT,CPA,CSR,GSR,CA15,GA15,CFC,GFC,CDS,GDS,CDT",2025-11-17 05:43:21.9685215 -03:00,1838465,2025-11-16 04:20:44.9894500 -03:00,7,0
1838651,26,26-CAMBIO DE HERRAMIENTAS DEBIDO A DESGASTE,343,siderca\12985,"CA15,GA15",2025-11-17 07:45:46.6197994 -03:00,1838581,2025-11-17 05:59:06.9685215 -03:00,11,0
1838678,26,26-CAMBIO DE HERRAMIENTAS DEBIDO A DESGASTE,662.555,siderca\12985,"CPA,CA15,GA15,CFC,GFC,CDS,GDS,CDT",2025-11-17 08:55:48.8796892 -03:00,1838651,2025-11-17 07:51:29.6197994 -03:00,10,0
1838690,26,26-CAMBIO DE HERRAMIENTAS DEBIDO A DESGASTE,201.226,siderca\12985,CPT,2025-11-17 09:31:30.9994658 -03:00,1838678,2025-11-17 09:06:51.4345926 -03:00,4,0
1838713,26,26-CAMBIO DE HERRAMIENTAS DEBIDO A DESGASTE,541.676,siderca\12985,"CPT,CSR,GSR,CA15,GA15",2025-11-17 10:11:44.1391236 -03:00,1838690,2025-11-17 09:34:52.2256989 -03:00,6,1
1838773,26,26-CAMBIO DE HERRAMIENTAS DEBIDO A DESGASTE,650.172,siderca\12985,"CPA,CA15,GA15,CFC,CDS,GDS,CDT",2025-11-17 11:47:26.5338377 -03:00,1838713,2025-11-17 10:20:45.8156170 -03:00,10,0
1838842,26,26-CAMBIO DE HERRAMIENTAS DEBIDO A DESGASTE,240.98,siderca\17701,CA15,2025-11-17 13:11:01.0000000 -03:00,1838773,2025-11-17 11:58:16.7056094 -03:00,8,0
1838866,26,26-CAMBIO DE HERRAMIENTAS DEBIDO A DESGASTE,803.928,siderca\17701,"CPT,CPA,CSR,CA15,CFC,CDS",2025-11-17 14:18:38.4891464 -03:00,1838842,2025-11-17 13:15:01.9809899 -03:00,10,0
1838902,26,26-CAMBIO DE HERRAMIENTAS DEBIDO A DESGASTE,275.56,siderca\17701,CA15,2025-11-17 15:35:27.1030191 -03:00,1838866,2025-11-17 14:32:02.4178485 -03:00,11,0
1838940,26,26-CAMBIO DE HERRAMIENTAS DEBIDO A DESGASTE,576,siderca\17701,"CPA,CA15,CFC,CDS",2025-11-17 16:42:23.5417841 -03:00,1838902,2025-11-17 15:40:02.6635561 -03:00,9,0
1838980,26,26-CAMBIO DE HERRAMIENTAS DEBIDO A DESGASTE,496,siderca\17701,"CPT,CSR,CA15",2025-11-17 17:56:29.8638939 -03:00,1838940,2025-11-17 16:51:59.5417841 -03:00,10,0
1839065,26,26-CAMBIO DE HERRAMIENTAS DEBIDO A DESGASTE,480.254,siderca\17701,"CPA,CA15,CFC,CDS",2025-11-17 19:03:41.0237892 -03:00,1838980,2025-11-17 18:04:45.8638939 -03:00,7,0
1839136,26,26-CAMBIO DE HERRAMIENTAS DEBIDO A DESGASTE,1016.888,siderca\60062291,"CPT,CPA,CSR,GA15,GFC,GDS,CDT",2025-11-17 21:28:20.8584523 -03:00,1839065,2025-11-17 19:11:41.2772522 -03:00,10,0
1839187,26,26-CAMBIO DE HERRAMIENTAS DEBIDO A DESGASTE,185.934,siderca\60062291,CDT,2025-11-17 22:55:47.8475142 -03:00,1839136,2025-11-17 21:45:17.7464012 -03:00,10,0
1839223,26,26-CAMBIO DE HERRAMIENTAS DEBIDO A DESGASTE,726.541,siderca\60062291,"CPA,CA15,GFC,GDS,CDT",2025-11-17 23:47:31.9273837 -03:00,1839187,2025-11-17 22:58:53.7813119 -03:00,6,0
1839267,26,26-CAMBIO DE HERRAMIENTAS DEBIDO A DESGASTE,466.413,siderca\60062291,"CPT,CPA,CSR,GA15,GFC,GDS,CDT",2025-11-18 01:02:09.0824077 -03:00,1839223,2025-11-17 23:59:38.4689836 -03:00,10,0
1839308,26,26-CAMBIO DE HERRAMIENTAS DEBIDO A DESGASTE,639,siderca\60062291,"CPA,GA15,GFC,CDS,CDT",2025-11-18 02:13:56.3190624 -03:00,1839267,2025-11-18 01:09:55.4951558 -03:00,10,0
1839362,26,26-CAMBIO DE HERRAMIENTAS DEBIDO A DESGASTE,604.893,siderca\60062291,"GSR,CFC,GFC,CDT",2025-11-18 03:38:09.1501905 -03:00,1839308,2025-11-18 02:24:35.3190624 -03:00,10,0
1839414,26,26-CAMBIO DE HERRAMIENTAS DEBIDO A DESGASTE,637.628,siderca\13310,"CPT,CPA,CSR,GFC,GDS,CDT",2025-11-18 05:00:00.0000000 -03:00,1839362,2025-11-18 03:48:14.0432041 -03:00,10,1
1839468,26,26-CAMBIO DE HERRAMIENTAS DEBIDO A DESGASTE,329,siderca\13310,CDT,2025-11-18 06:28:09.6085335 -03:00,1839414,2025-11-18 05:10:37.6289392 -03:00,11,0
1839512,26,26-CAMBIO DE HERRAMIENTAS DEBIDO A DESGASTE,771,siderca\12985,"CPA,CA15,GA15,CFC,GFC,CDS,GDS,CDT",2025-11-18 07:44:50.0547169 -03:00,1839468,2025-11-18 06:33:38.6085335 -03:00,11,0
1839555,26,26-CAMBIO DE HERRAMIENTAS DEBIDO A DESGASTE,464.205,siderca\12985,"CPT,GSR,CDT",2025-11-18 09:07:43.4844218 -03:00,1839512,2025-11-18 07:57:41.0547169 -03:00,9,0
1839602,26,26-CAMBIO DE HERRAMIENTAS DEBIDO A DESGASTE,758,siderca\12985,"CPA,CA15,GA15,CFC,GFC,CDS,GDS,CDT",2025-11-18 10:26:23.1811917 -03:00,1839555,2025-11-18 09:15:27.6892844 -03:00,10,0
1839642,26,26-CAMBIO DE HERRAMIENTAS DEBIDO A DESGASTE,273.918,siderca\12985,"CA15,GA15",2025-11-18 11:45:11.5323605 -03:00,1839602,2025-11-18 10:39:01.1811917 -03:00,10,0
1839691,26,26-CAMBIO DE HERRAMIENTAS DEBIDO A DESGASTE,810.919,siderca\17701,"CPT,CPA,CSR,CA15,CFC,CDS",2025-11-18 13:00:00.0000000 -03:00,1839642,2025-11-18 11:49:45.4506495 -03:00,10,0
1839756,26,26-CAMBIO DE HERRAMIENTAS DEBIDO A DESGASTE,201.378,siderca\17701,CA15,2025-11-18 14:26:58.8911958 -03:00,1839691,2025-11-18 13:13:30.9196263 -03:00,9,0
1839790,26,26-CAMBIO DE HERRAMIENTAS DEBIDO A DESGASTE,463.914,siderca\17701,"CPA,CA15,CFC,CDS",2025-11-18 15:32:00.1341147 -03:00,1839756,2025-11-18 14:30:20.2698521 -03:00,9,0
1839851,26,26-CAMBIO DE HERRAMIENTAS DEBIDO A DESGASTE,718.555,siderca\17701,"CPT,CSR,CA15,CFC",2025-11-18 17:09:01.9589798 -03:00,1839790,2025-11-18 15:39:44.0488590 -03:00,9,0
1839891,26,26-CAMBIO DE HERRAMIENTAS DEBIDO A DESGASTE,570.125,siderca\17701,"CPA,CA15,CFC,CDS",2025-11-18 18:26:37.4859721 -03:00,1839851,2025-11-18 17:21:00.5134974 -03:00,9,0
1839950,26,26-CAMBIO DE HERRAMIENTAS DEBIDO A DESGASTE,234.935,siderca\17701,CA15,2025-11-18 20:02:23.1149655 -03:00,1839891,2025-11-18 18:36:07.6104636 -03:00,9,0
1840010,26,26-CAMBIO DE HERRAMIENTAS DEBIDO A DESGASTE,907.342,siderca\60062291,"CPT,CPA,CSR,GSR,GA15,CFC,GFC,GDS,CDT",2025-11-18 21:30:47.5924239 -03:00,1839950,2025-11-18 20:06:18.0494669 -03:00,11,1
1840054,26,26-CAMBIO DE HERRAMIENTAS DEBIDO A DESGASTE,167.585,siderca\60062291,CDT,2025-11-18 22:56:01.9183147 -03:00,1840010,2025-11-18 21:45:54.9343715 -03:00,10,0
1840087,26,26-CAMBIO DE HERRAMIENTAS DEBIDO A DESGASTE,599.636,siderca\60062291,"CPA,CA15,GFC,CDS,CDT",2025-11-18 23:55:24.4741679 -03:00,1840054,2025-11-18 22:58:49.5038632 -03:00,8,0
1840119,26,26-CAMBIO DE HERRAMIENTAS DEBIDO A DESGASTE,448.877,siderca\60062291,"CPT,GSR,CDT",2025-11-19 01:03:49.8473690 -03:00,1840087,2025-11-19 00:05:24.1104621 -03:00,9,0
1840191,26,26-CAMBIO DE HERRAMIENTAS DEBIDO A DESGASTE,600.185,siderca\60062291,"CPA,GA15,GFC,GDS,CDT",2025-11-19 02:33:42.7259708 -03:00,1840119,2025-11-19 01:11:18.7241358 -03:00,10,0
1840215,26,26-CAMBIO DE HERRAMIENTAS DEBIDO A DESGASTE,177,siderca\60062291,CDT,2025-11-19 03:48:01.8178083 -03:00,1840191,2025-11-19 02:43:42.9108257 -03:00,9,0
1840269,26,26-CAMBIO DE HERRAMIENTAS DEBIDO A DESGASTE,935,siderca\12985,"CPT,CPA,CSR,GSR,CA15,GA15,CFC,GFC,CDS,GDS,CDT",2025-11-19 05:17:12.4079811 -03:00,1840215,2025-11-19 03:50:58.8178083 -03:00,11,0
1840320,26,26-CAMBIO DE HERRAMIENTAS DEBIDO A DESGASTE,189.483,siderca\12985,"CA15,GA15",2025-11-19 06:51:44.1453812 -03:00,1840269,2025-11-19 05:32:47.4079811 -03:00,11,0
1840343,26,26-CAMBIO DE HERRAMIENTAS DEBIDO A DESGASTE,721,siderca\12985,"CPA,CSR,CA15,GA15,CFC,GFC,CDS,GDS,CDT",2025-11-19 07:56:06.5290767 -03:00,1840320,2025-11-19 06:54:53.6285912 -03:00,10,0
1840366,26,26-CAMBIO DE HERRAMIENTAS DEBIDO A DESGASTE,245.969,siderca\12985,"CPA,CA15,GA15",2025-11-19 08:42:47.6337892 -03:00,1840343,2025-11-19 08:08:07.5290767 -03:00,3,0
1840375,26,26-CAMBIO DE HERRAMIENTAS DEBIDO A DESGASTE,201.252,siderca\12985,CSR,2025-11-19 08:59:21.3930595 -03:00,1840366,2025-11-19 08:46:53.6023205 -03:00,2,0
1840397,26,26-CAMBIO DE HERRAMIENTAS DEBIDO A DESGASTE,625.524,siderca\12985,"CPT,CSR,CA15,GA15",2025-11-19 09:39:33.2216878 -03:00,1840375,2025-11-19 09:02:42.6451775 -03:00,5,0
1840436,26,26-CAMBIO DE HERRAMIENTAS DEBIDO A DESGASTE,679.883,siderca\12985,"CPA,CA15,GA15,CFC,CDS,GDS,CDT",2025-11-19 10:51:56.2985262 -03:00,1840397,2025-11-19 09:49:58.7455141 -03:00,8,0
1840471,26,26-CAMBIO DE HERRAMIENTAS DEBIDO A DESGASTE,745.011,siderca\12985,"CPT,CSR,GSR,CA15,GA15,CDS,GDS,CDT",2025-11-19 12:05:12.8058873 -03:00,1840436,2025-11-19 11:03:16.1815258 -03:00,10,0
1840567,26,26-CAMBIO DE HERRAMIENTAS DEBIDO A DESGASTE,562.448,siderca\17701,"CPA,CA15,CFC,CDS",2025-11-19 14:19:54.6337762 -03:00,1840471,2025-11-19 12:17:37.8168537 -03:00,10,0
1840608,26,26-CAMBIO DE HERRAMIENTAS DEBIDO A DESGASTE,225.222,siderca\17701,CA15,2025-11-19 15:54:58.6965867 -03:00,1840567,2025-11-19 14:29:17.0811070 -03:00,10,0
1840649,26,26-CAMBIO DE HERRAMIENTAS DEBIDO A DESGASTE,682,siderca\17701,"CPT,CPA,CSR,CA15,CFC,CDS",2025-11-19 17:01:21.8596345 -03:00,1840608,2025-11-19 15:58:43.9183471 -03:00,8,0
1840703,26,26-CAMBIO DE HERRAMIENTAS DEBIDO A DESGASTE,205,siderca\17701,CA15,2025-11-19 18:28:06.8214363 -03:00,1840649,2025-11-19 17:12:43.8596345 -03:00,10,0
1840741,26,26-CAMBIO DE HERRAMIENTAS DEBIDO A DESGASTE,453.778,siderca\17701,"CPA,CA15,CFC,CDS",2025-11-19 19:37:26.8999888 -03:00,1840703,2025-11-19 18:31:31.8214363 -03:00,10,0
1840790,26,26-CAMBIO DE HERRAMIENTAS DEBIDO A DESGASTE,330.504,siderca\17701,"CPT,CSR,CA15",2025-11-19 20:49:31.8103797 -03:00,1840741,2025-11-19 19:45:00.6778993 -03:00,9,0
1840843,26,26-CAMBIO DE HERRAMIENTAS DEBIDO A DESGASTE,660.626,siderca\60062291,"CPA,GA15,GFC,GDS,CDT",2025-11-19 21:57:32.5910643 -03:00,1840790,2025-11-19 20:55:02.3146310 -03:00,8,0
1840884,26,26-CAMBIO DE HERRAMIENTAS DEBIDO A DESGASTE,184.56,siderca\60062291,CDT,2025-11-19 23:21:21.3918818 -03:00,1840843,2025-11-19 22:08:33.2171790 -03:00,10,0
1840921,26,26-CAMBIO DE HERRAMIENTAS DEBIDO A DESGASTE,923.221,siderca\60062291,"CPT,CPA,GSR,CA15,CFC,GFC,CDS,CDT",2025-11-20 00:35:52.3262147 -03:00,1840884,2025-11-19 23:24:25.9513595 -03:00,8,0
1840985,26,26-CAMBIO DE HERRAMIENTAS DEBIDO A DESGASTE,180,siderca\60062291,CDT,2025-11-20 02:30:01.1979309 -03:00,1840921,2025-11-20 00:51:15.5472971 -03:00,8,0
1841013,26,26-CAMBIO DE HERRAMIENTAS DEBIDO A DESGASTE,914,siderca\60062291,"CPT,CPA,GSR,GA15,GFC,GDS,CDT",2025-11-20 03:44:59.2244239 -03:00,1840985,2025-11-20 02:33:01.1979309 -03:00,11,0
1841082,26,26-CAMBIO DE HERRAMIENTAS DEBIDO A DESGASTE,287,siderca\12985,"CA15,GA15",2025-11-20 05:18:56.3874134 -03:00,1841013,2025-11-20 04:00:13.2244239 -03:00,10,0
1841139,26,26-CAMBIO DE HERRAMIENTAS DEBIDO A DESGASTE,720.706,siderca\12985,"CPA,CA15,GA15,CDS,GDS,CDT",2025-11-20 06:46:42.8197537 -03:00,1841082,2025-11-20 05:23:43.3874134 -03:00,10,1
1841190,26,26-CAMBIO DE HERRAMIENTAS DEBIDO A DESGASTE,660.912,siderca\12985,"CPT,CSR,GSR,CA15,GA15",2025-11-20 08:05:01.8012890 -03:00,1841139,2025-11-20 06:58:43.5255071 -03:00,9,0
1841236,26,26-CAMBIO DE HERRAMIENTAS DEBIDO A DESGASTE,600.122,siderca\12985,"CPA,CA15,GA15,CFC,GFC,CDS,GDS,CDT",2025-11-20 09:31:01.4066389 -03:00,1841190,2025-11-20 08:16:02.7136427 -03:00,9,0
1841267,26,26-CAMBIO DE HERRAMIENTAS DEBIDO A DESGASTE,364.983,siderca\12985,"CA15,GA15",2025-11-20 10:44:16.1332742 -03:00,1841236,2025-11-20 09:41:01.5285262 -03:00,9,0
1841312,26,26-CAMBIO DE HERRAMIENTAS DEBIDO A DESGASTE,889.094,siderca\12985,"CPT,CPA,CSR,GSR,CA15,GA15,CFC,GFC,CDS,GDS,CDT",2025-11-20 11:58:12.3522077 -03:00,1841267,2025-11-20 10:50:21.1165791 -03:00,10,1
1841380,26,26-CAMBIO DE HERRAMIENTAS DEBIDO A DESGASTE,251.635,siderca\17701,CA15,2025-11-20 13:26:44.5031550 -03:00,1841312,2025-11-20 12:13:01.4465471 -03:00,9,0
1841420,26,26-CAMBIO DE HERRAMIENTAS DEBIDO A DESGASTE,508.801,siderca\17701,"CPA,CA15,CFC,CDS",2025-11-20 14:37:00.4907485 -03:00,1841380,2025-11-20 13:30:56.1383185 -03:00,10,0
1841457,26,26-CAMBIO DE HERRAMIENTAS DEBIDO A DESGASTE,370.765,siderca\17701,"CPT,CSR,CA15",2025-11-20 15:52:09.5980984 -03:00,1841420,2025-11-20 14:45:29.2916511 -03:00,9,0
1841488,26,26-CAMBIO DE HERRAMIENTAS DEBIDO A DESGASTE,626.021,siderca\17701,"CPA,CA15,CFC,CDS",2025-11-20 17:03:21.0280837 -03:00,1841457,2025-11-20 15:58:20.3632608 -03:00,9,0
1841532,26,26-CAMBIO DE HERRAMIENTAS DEBIDO A DESGASTE,330.312,siderca\17701,CA15,2025-11-20 18:19:31.7832394 -03:00,1841488,2025-11-20 17:13:47.0494565 -03:00,10,0
1841573,26,26-CAMBIO DE HERRAMIENTAS DEBIDO A DESGASTE,649.56,siderca\17701,"CPT,CPA,CSR,CA15,CFC,CDS",2025-11-20 19:27:31.6621708 -03:00,1841532,2025-11-20 18:25:02.0957990 -03:00,10,0
1841632,26,26-CAMBIO DE HERRAMIENTAS DEBIDO A DESGASTE,220.661,siderca\17701,CA15,2025-11-20 20:45:28.3836375 -03:00,1841573,2025-11-20 19:38:21.2225246 -03:00,9,0
1841676,26,26-CAMBIO DE HERRAMIENTAS DEBIDO A DESGASTE,735.079,siderca\60062291,"CPT,CPA,GSR,GA15,GFC,GDS,CDT",2025-11-20 21:35:10.5558782 -03:00,1841632,2025-11-20 20:49:09.0441429 -03:00,6,0
1841733,26,26-CAMBIO DE HERRAMIENTAS DEBIDO A DESGASTE,262.332,siderca\60062291,CDT,2025-11-20 22:56:32.2990115 -03:00,1841676,2025-11-20 21:47:25.6348442 -03:00,10,0
1841780,26,26-CAMBIO DE HERRAMIENTAS DEBIDO A DESGASTE,677.653,siderca\60062291,"CPA,CA15,GA15,GFC,CDS,CDT",2025-11-21 00:10:53.4705013 -03:00,1841733,2025-11-20 23:00:54.6311484 -03:00,9,0
1841829,26,26-CAMBIO DE HERRAMIENTAS DEBIDO A DESGASTE,358.308,siderca\60062291,"CPT,CSR,CDT",2025-11-21 01:33:42.5385564 -03:00,1841780,2025-11-21 00:22:11.1235477 -03:00,10,0
1841873,26,26-CAMBIO DE HERRAMIENTAS DEBIDO A DESGASTE,795.087,siderca\60062291,"CPA,GA15,GFC,GDS,CDT",2025-11-21 02:47:39.7767599 -03:00,1841829,2025-11-21 01:39:40.8461336 -03:00,10,0
1841922,26,26-CAMBIO DE HERRAMIENTAS DEBIDO A DESGASTE,237.485,siderca\60062291,CDT,2025-11-21 04:05:32.5122609 -03:00,1841873,2025-11-21 03:00:54.8636711 -03:00,9,0
1841986,26,26-CAMBIO DE HERRAMIENTAS DEBIDO A DESGASTE,869,siderca\12985,"CPT,CPA,CSR,GSR,CA15,GA15,CFC,GFC,CDS,GDS,CDT",2025-11-21 05:16:05.4293774 -03:00,1841922,2025-11-21 04:09:29.9970657 -03:00,10,0
1842040,26,26-CAMBIO DE HERRAMIENTAS DEBIDO A DESGASTE,149.882,siderca\12985,"CA15,GA15",2025-11-21 06:47:36.1657741 -03:00,1841986,2025-11-21 05:30:34.4293774 -03:00,11,0
1842076,26,26-CAMBIO DE HERRAMIENTAS DEBIDO A DESGASTE,487.038,siderca\12985,"CPA,GFC,GDS,CDT",2025-11-21 07:52:37.8504300 -03:00,1842040,2025-11-21 06:50:06.0472203 -03:00,9,0
1842131,26,26-CAMBIO DE HERRAMIENTAS DEBIDO A DESGASTE,520.985,siderca\12985,"CPT,CSR,GSR,CA15,GA15",2025-11-21 09:36:28.5617596 -03:00,1842076,2025-11-21 08:00:44.8881499 -03:00,10,0
1842141,26,26-CAMBIO DE HERRAMIENTAS DEBIDO A DESGASTE,231.972,siderca\12985,"CA15,GA15",2025-11-21 09:57:45.6914732 -03:00,1842131,2025-11-21 09:45:09.5462519 -03:00,2,0
1842188,26,26-CAMBIO DE HERRAMIENTAS DEBIDO A DESGASTE,768,siderca\12985,"CPA,CA15,GA15,CFC,GFC,CDS,GDS,CDT",2025-11-21 11:21:35.1448021 -03:00,1842141,2025-11-21 10:01:37.6633925 -03:00,7,0
1842228,26,26-CAMBIO DE HERRAMIENTAS DEBIDO A DESGASTE,169.55,siderca\12985,"CA15,GA15",2025-11-21 12:37:52.9133606 -03:00,1842188,2025-11-21 11:34:23.1448021 -03:00,10,0
1842286,26,26-CAMBIO DE HERRAMIENTAS DEBIDO A DESGASTE,652.857,siderca\17701,"CPT,CPA,CSR,CA15,CFC,CDS",2025-11-21 13:46:45.3421755 -03:00,1842228,2025-11-21 12:40:42.4630864 -03:00,9,0
1842333,26,26-CAMBIO DE HERRAMIENTAS DEBIDO A DESGASTE,239.697,siderca\17701,CA15,2025-11-21 15:05:04.9417593 -03:00,1842286,2025-11-21 13:57:38.1990525 -03:00,9,0
1842383,26,26-CAMBIO DE HERRAMIENTAS DEBIDO A DESGASTE,560.298,siderca\17701,"CPA,CA15,CFC,CDS",2025-11-21 16:11:35.8620409 -03:00,1842333,2025-11-21 15:09:04.6380826 -03:00,10,0
1842444,26,26-CAMBIO DE HERRAMIENTAS DEBIDO A DESGASTE,558.689,siderca\17701,"CPT,CSR,CA15,CFC",2025-11-21 17:25:27.9138251 -03:00,1842383,2025-11-21 16:20:56.1609306 -03:00,10,0
1842497,26,26-CAMBIO DE HERRAMIENTAS DEBIDO A DESGASTE,482.936,siderca\17701,"CPA,CA15,CFC,CDS",2025-11-21 18:33:57.1999598 -03:00,1842444,2025-11-21 17:34:46.6024887 -03:00,8,0
1842559,26,26-CAMBIO DE HERRAMIENTAS DEBIDO A DESGASTE,276.414,siderca\17701,CA15,2025-11-21 19:49:31.4623120 -03:00,1842497,2025-11-21 18:42:00.1358129 -03:00,9,0
1842601,26,26-CAMBIO DE HERRAMIENTAS DEBIDO A DESGASTE,591.742,siderca\17701,"CPT,CPA,CSR,CA15,CFC,CDS",2025-11-21 20:44:09.6334177 -03:00,1842559,2025-11-21 19:54:07.8760640 -03:00,8,0
1842678,26,26-CAMBIO DE HERRAMIENTAS DEBIDO A DESGASTE,278.011,siderca\60062291,CDT,2025-11-21 22:01:02.3293661 -03:00,1842601,2025-11-21 20:54:01.3755251 -03:00,9,0
1842725,26,26-CAMBIO DE HERRAMIENTAS DEBIDO A DESGASTE,896.713,siderca\60062291,"CPT,CPA,GSR,CA15,GFC,CDS,CDT",2025-11-21 23:03:33.6074319 -03:00,1842678,2025-11-21 22:05:40.3406249 -03:00,8,0
1842778,26,26-CAMBIO DE HERRAMIENTAS DEBIDO A DESGASTE,180.535,siderca\60062291,CDT,2025-11-22 00:23:41.5200389 -03:00,1842725,2025-11-21 23:18:30.3204379 -03:00,10,0
1842837,26,26-CAMBIO DE HERRAMIENTAS DEBIDO A DESGASTE,595.217,siderca\60062291,"CPA,GA15,GFC,GDS,CDT",2025-11-22 01:29:15.0891475 -03:00,1842778,2025-11-22 00:26:42.0552368 -03:00,10,0
1842886,26,26-CAMBIO DE HERRAMIENTAS DEBIDO A DESGASTE,668.504,siderca\60062291,"CPT,CSR,GFC,CDT",2025-11-22 02:43:53.9611392 -03:00,1842837,2025-11-22 01:39:10.3060215 -03:00,7,0
1842935,26,26-CAMBIO DE HERRAMIENTAS DEBIDO A DESGASTE,836.053,siderca\60062291,"CPA,GA15,GFC,GDS,CDT",2025-11-22 04:05:45.7518785 -03:00,1842886,2025-11-22 02:55:02.4655693 -03:00,10,0
1843020,26,26-CAMBIO DE HERRAMIENTAS DEBIDO A DESGASTE,258,siderca\12985,"CA15,GA15",2025-11-22 05:58:53.2962026 -03:00,1842935,2025-11-22 04:19:41.8043401 -03:00,11,0
1843088,26,26-CAMBIO DE HERRAMIENTAS DEBIDO A DESGASTE,894,siderca\12985,"CPT,CPA,CSR,GSR,CA15,GA15,CFC,GFC,CDS,GDS,CDT",2025-11-22 07:13:39.7929528 -03:00,1843020,2025-11-22 06:03:11.2962026 -03:00,9,0
1843320,26,26-CAMBIO DE HERRAMIENTAS DEBIDO A DESGASTE,541,siderca\12985,"CPA,CA15,GA15,CFC,GFC,CDS,GDS,CDT",2025-11-22 11:55:48.6001955 -03:00,1843088,2025-11-22 07:28:33.7929528 -03:00,23,2
1843423,26,26-CAMBIO DE HERRAMIENTAS DEBIDO A DESGASTE,610.202,siderca\17701,"CPT,CSR,CA15",2025-11-22 13:29:15.4610054 -03:00,1843320,2025-11-22 12:04:49.6001955 -03:00,10,0
1843485,26,26-CAMBIO DE HERRAMIENTAS DEBIDO A DESGASTE,585,siderca\17701,"CPA,CA15,CFC,CDS",2025-11-22 14:46:18.3239844 -03:00,1843423,2025-11-22 13:39:25.6636991 -03:00,10,0
1843546,26,26-CAMBIO DE HERRAMIENTAS DEBIDO A DESGASTE,285.176,siderca\17701,CA15,2025-11-22 15:59:19.0013973 -03:00,1843485,2025-11-22 14:56:03.3239844 -03:00,9,0
1843625,26,26-CAMBIO DE HERRAMIENTAS DEBIDO A DESGASTE,732.652,siderca\17701,"CPT,CPA,CSR,CA15,CFC,CDS",2025-11-22 17:31:00.3429014 -03:00,1843546,2025-11-22 16:04:04.1777658 -03:00,12,0
1843697,26,26-CAMBIO DE HERRAMIENTAS DEBIDO A DESGASTE,296.199,siderca\17701,CA15,2025-11-22 18:54:53.4141067 -03:00,1843625,2025-11-22 17:43:12.9944931 -03:00,9,0
1843766,26,26-CAMBIO DE HERRAMIENTAS DEBIDO A DESGASTE,330.646,siderca\17701,"CPT,CPA",2025-11-22 20:03:24.1552566 -03:00,1843697,2025-11-22 18:59:49.6135368 -03:00,5,0
1843795,26,26-CAMBIO DE HERRAMIENTAS DEBIDO A DESGASTE,513.539,siderca\17701,"CPA,CA15,CFC,CDS",2025-11-22 20:35:55.1161798 -03:00,1843766,2025-11-22 20:08:54.8010778 -03:00,4,0
1843872,26,26-CAMBIO DE HERRAMIENTAS DEBIDO A DESGASTE,409,siderca\60062291,"CPT,CSR,GSR,CDT",2025-11-22 21:51:26.3552295 -03:00,1843795,2025-11-22 20:44:28.6550810 -03:00,9,0
1843941,26,26-CAMBIO DE HERRAMIENTAS DEBIDO A DESGASTE,663.423,siderca\60062291,"CPA,CA15,CFC,GFC,CDS,GDS,CDT",2025-11-22 23:06:46.7227951 -03:00,1843872,2025-11-22 21:58:15.3552295 -03:00,10,0
1844018,26,26-CAMBIO DE HERRAMIENTAS DEBIDO A DESGASTE,258.787,siderca\60062291,CDT,2025-11-23 00:35:49.9898062 -03:00,1843941,2025-11-22 23:17:50.1453771 -03:00,9,0
1844052,26,26-CAMBIO DE HERRAMIENTAS DEBIDO A DESGASTE,732.129,siderca\60062291,"CPT,CPA,GSR,GA15,GFC,GDS,CDT",2025-11-23 01:17:42.6413665 -03:00,1844018,2025-11-23 00:40:08.7769783 -03:00,5,0
1844110,26,26-CAMBIO DE HERRAMIENTAS DEBIDO A DESGASTE,198.659,siderca\60062291,CDT,2025-11-23 02:32:27.0864133 -03:00,1844052,2025-11-23 01:29:54.7702607 -03:00,10,0
1844183,26,26-CAMBIO DE HERRAMIENTAS DEBIDO A DESGASTE,900.957,siderca\60062291,"CPT,CPA,GSR,GA15,GFC,GDS,CDT",2025-11-23 03:42:41.2751035 -03:00,1844110,2025-11-23 02:35:45.7452319 -03:00,9,0
1844374,26,26-CAMBIO DE HERRAMIENTAS DEBIDO A DESGASTE,180.23,siderca\17701,CA15,2025-11-25 05:20:47.0000000 -03:00,1844183,2025-11-23 03:57:42.2327583 -03:00,8,0
1844404,26,26-CAMBIO DE HERRAMIENTAS DEBIDO A DESGASTE,571.922,siderca\17701,"CPA,CA15,CFC,CDS",2025-11-25 06:38:55.8214657 -03:00,1844374,2025-11-25 05:23:47.2307057 -03:00,11,0
1844464,26,26-CAMBIO DE HERRAMIENTAS DEBIDO A DESGASTE,551.253,siderca\17701,"CPT,CSR,CA15",2025-11-25 07:52:55.5870392 -03:00,1844404,2025-11-25 06:48:27.7434022 -03:00,9,0
1844602,26,26-CAMBIO DE HERRAMIENTAS DEBIDO A DESGASTE,516.061,siderca\17701,"CPA,CA15,CFC,CDS",2025-11-25 10:38:35.7097497 -03:00,1844464,2025-11-25 08:02:06.8409745 -03:00,9,0
1844668,26,26-CAMBIO DE HERRAMIENTAS DEBIDO A DESGASTE,214,siderca\17701,CA15,2025-11-25 11:53:37.4307560 -03:00,1844602,2025-11-25 10:47:11.7705674 -03:00,9,0
1844763,26,26-CAMBIO DE HERRAMIENTAS DEBIDO A DESGASTE,830,siderca\60062291,"CPT,CPA,CSR,GA15,CFC,GFC,GDS,CDT",2025-11-25 13:15:47.1060743 -03:00,1844668,2025-11-25 11:57:11.4307560 -03:00,10,0
1844844,26,26-CAMBIO DE HERRAMIENTAS DEBIDO A DESGASTE,143,siderca\60062291,CDT,2025-11-25 14:46:38.6108025 -03:00,1844763,2025-11-25 13:29:37.1060743 -03:00,10,0
1844905,26,26-CAMBIO DE HERRAMIENTAS DEBIDO A DESGASTE,710,siderca\60062291,"CPA,CA15,GFC,GDS,CDT",2025-11-25 15:56:29.2553679 -03:00,1844844,2025-11-25 14:49:01.6108025 -03:00,10,0
1844982,26,26-CAMBIO DE HERRAMIENTAS DEBIDO A DESGASTE,447.823,siderca\60062291,"CPT,GSR,CDT",2025-11-25 17:24:27.4345573 -03:00,1844905,2025-11-25 16:08:19.2553679 -03:00,10,0
1845042,26,26-CAMBIO DE HERRAMIENTAS DEBIDO A DESGASTE,671.569,siderca\60062291,"CPA,GA15,GFC,CDS,CDT",2025-11-25 18:36:44.5604600 -03:00,1844982,2025-11-25 17:31:55.2572391 -03:00,10,0
1846140,26,26-CAMBIO DE HERRAMIENTAS DEBIDO A DESGASTE,840.131,siderca\60062291,"CPT,CPA,GSR,GA15,GFC,GDS,CDT",2025-11-26 16:02:28.8975206 -03:00,1845042,2025-11-25 18:47:56.1299827 -03:00,20,1
1846182,26,26-CAMBIO DE HERRAMIENTAS DEBIDO A DESGASTE,224,siderca\60062291,CDT,2025-11-26 17:23:57.3310327 -03:00,1846140,2025-11-26 16:16:29.0282690 -03:00,10,0
1846264,26,26-CAMBIO DE HERRAMIENTAS DEBIDO A DESGASTE,560,siderca\60062291,"CPA,GA15,GFC,GDS,CDT",2025-11-26 18:59:51.6395694 -03:00,1846182,2025-11-26 17:27:41.3310327 -03:00,10,0
1846319,26,26-CAMBIO DE HERRAMIENTAS DEBIDO A DESGASTE,401,siderca\60062291,"CPT,GSR,CDT",2025-11-26 20:01:09.9437245 -03:00,1846264,2025-11-26 19:09:11.6395694 -03:00,6,0
1846402,26,26-CAMBIO DE HERRAMIENTAS DEBIDO A DESGASTE,793,siderca\12985,"CPT,CPA,CA15,GA15,CFC,GFC,CDS,GDS,CDT",2025-11-26 21:21:53.7056329 -03:00,1846319,2025-11-26 20:07:50.9437245 -03:00,10,0
1846476,26,26-CAMBIO DE HERRAMIENTAS DEBIDO A DESGASTE,265,siderca\12985,"CA15,GA15",2025-11-26 22:41:28.3368876 -03:00,1846402,2025-11-26 21:35:06.7056329 -03:00,10,1
1846538,26,26-CAMBIO DE HERRAMIENTAS DEBIDO A DESGASTE,802.924,siderca\12985,"CPA,CSR,GSR,CA15,GA15,CDS,GDS,CDT",2025-11-26 23:53:53.2259151 -03:00,1846476,2025-11-26 22:45:53.3368876 -03:00,10,0
1846596,26,26-CAMBIO DE HERRAMIENTAS DEBIDO A DESGASTE,460.957,siderca\12985,"CPT,CA15,GA15",2025-11-27 01:12:42.5245054 -03:00,1846538,2025-11-27 00:07:16.1498932 -03:00,10,0
1846648,26,26-CAMBIO DE HERRAMIENTAS DEBIDO A DESGASTE,648.519,siderca\12985,"CPA,CA15,GA15,CDS,GDS,CDT",2025-11-27 02:22:52.2548618 -03:00,1846596,2025-11-27 01:20:23.4818302 -03:00,9,0
1846681,26,26-CAMBIO DE HERRAMIENTAS DEBIDO A DESGASTE,558.632,siderca\12985,"CSR,GSR,CA15,GA15",2025-11-27 03:36:09.1731794 -03:00,1846648,2025-11-27 02:33:40.7731481 -03:00,10,0
1846776,26,26-CAMBIO DE HERRAMIENTAS DEBIDO A DESGASTE,720.36,siderca\17701,"CPT,CPA,CSR,CA15,CFC,CDS",2025-11-27 05:06:20.0000000 -03:00,1846681,2025-11-27 03:45:27.8057208 -03:00,11,0
1846833,26,26-CAMBIO DE HERRAMIENTAS DEBIDO A DESGASTE,211,siderca\17701,CA15,2025-11-27 07:23:47.4974754 -03:00,1846776,2025-11-27 05:18:20.3605009 -03:00,10,0
1846870,26,26-CAMBIO DE HERRAMIENTAS DEBIDO A DESGASTE,642.155,siderca\17701,"CPA,CA15,CFC,CDS",2025-11-27 08:38:28.7705258 -03:00,1846833,2025-11-27 07:27:18.4974754 -03:00,10,0
1846915,26,26-CAMBIO DE HERRAMIENTAS DEBIDO A DESGASTE,309.814,siderca\17701,"CPT,CSR,CA15",2025-11-27 10:11:00.3314982 -03:00,1846870,2025-11-27 08:49:10.9254399 -03:00,10,0
1846959,26,26-CAMBIO DE HERRAMIENTAS DEBIDO A DESGASTE,399.26,siderca\17701,"CPA,CA15,CFC,CDS",2025-11-27 11:40:18.9241015 -03:00,1846915,2025-11-27 10:16:10.1455011 -03:00,9,0
1846993,26,26-CAMBIO DE HERRAMIENTAS DEBIDO A DESGASTE,244.186,siderca\17701,CA15,2025-11-27 12:46:22.7704404 -03:00,1846959,2025-11-27 11:46:58.1843464 -03:00,8,0
1847035,26,26-CAMBIO DE HERRAMIENTAS DEBIDO A DESGASTE,797,siderca\60062291,"CPT,CPA,GSR,GA15,GFC,GDS,CDT",2025-11-27 13:30:27.9434231 -03:00,1846993,2025-11-27 12:50:26.9568410 -03:00,5,0
1847083,26,26-CAMBIO DE HERRAMIENTAS DEBIDO A DESGASTE,120.339,siderca\60062291,CDT,2025-11-27 14:57:12.1263235 -03:00,1847035,2025-11-27 13:43:44.9434231 -03:00,10,0
1847112,26,26-CAMBIO DE HERRAMIENTAS DEBIDO A DESGASTE,651.051,siderca\60062291,"CPA,CA15,CFC,GFC,CDS,CDT",2025-11-27 16:02:43.1196008 -03:00,1847083,2025-11-27 14:59:12.4654289 -03:00,10,0
1847155,26,26-CAMBIO DE HERRAMIENTAS DEBIDO A DESGASTE,413,siderca\60062291,"CPT,CSR,GSR,CDT",2025-11-27 17:17:40.6603467 -03:00,1847112,2025-11-27 16:13:34.1703109 -03:00,9,0
1847209,26,26-CAMBIO DE HERRAMIENTAS DEBIDO A DESGASTE,585.877,siderca\60062291,"CPA,GA15,GFC,GDS,CDT",2025-11-27 18:30:55.6305851 -03:00,1847155,2025-11-27 17:24:33.6603467 -03:00,10,0
1847252,26,26-CAMBIO DE HERRAMIENTAS DEBIDO A DESGASTE,445.835,siderca\60062291,"CPT,CSR,GSR,CDT",2025-11-27 19:44:03.0135772 -03:00,1847209,2025-11-27 18:40:41.5079728 -03:00,10,0
1847313,26,26-CAMBIO DE HERRAMIENTAS DEBIDO A DESGASTE,904.032,siderca\12985,"CPT,CPA,CA15,GA15,CFC,GFC,CDS,GDS,CDT",2025-11-27 21:09:26.9272747 -03:00,1847252,2025-11-27 19:51:28.8487760 -03:00,11,0
1847355,26,26-CAMBIO DE HERRAMIENTAS DEBIDO A DESGASTE,257.814,siderca\12985,"CA15,GA15",2025-11-27 22:27:52.1768933 -03:00,1847313,2025-11-27 21:24:30.9591199 -03:00,9,0
1847404,26,26-CAMBIO DE HERRAMIENTAS DEBIDO A DESGASTE,729.443,siderca\12985,"CPA,CSR,GSR,CA15,GA15,CDS,GDS,CDT",2025-11-28 00:00:38.3574600 -03:00,1847355,2025-11-27 22:32:09.9908346 -03:00,10,0
1847452,26,26-CAMBIO DE HERRAMIENTAS DEBIDO A DESGASTE,468.949,siderca\12985,"CPT,CA15,GA15",2025-11-28 01:18:07.6121878 -03:00,1847404,2025-11-28 00:12:47.8009188 -03:00,9,0
1847502,26,26-CAMBIO DE HERRAMIENTAS DEBIDO A DESGASTE,601.449,siderca\12985,"CPA,CA15,GA15,CFC,CDS,GDS,CDT",2025-11-28 02:29:15.8867132 -03:00,1847452,2025-11-28 01:25:56.5615858 -03:00,10,0
1847554,26,26-CAMBIO DE HERRAMIENTAS DEBIDO A DESGASTE,516.621,siderca\12985,"CSR,GSR,CA15,GA15,CFC,GFC",2025-11-28 03:42:37.8267761 -03:00,1847502,2025-11-28 02:39:17.3358084 -03:00,10,0
1847612,26,26-CAMBIO DE HERRAMIENTAS DEBIDO A DESGASTE,863.63,siderca\17701,"CPT,CPA,CSR,CA15,CFC,CDS,CDT",2025-11-28 05:00:00.0000000 -03:00,1847554,2025-11-28 03:51:14.4477048 -03:00,9,0
1847687,26,26-CAMBIO DE HERRAMIENTAS DEBIDO A DESGASTE,137.475,siderca\17701,CA15,2025-11-28 06:29:37.3522686 -03:00,1847612,2025-11-28 05:14:23.6301001 -03:00,11,0
1847736,26,26-CAMBIO DE HERRAMIENTAS DEBIDO A DESGASTE,381.829,siderca\17701,"CPA,CA15,CFC,CDS",2025-11-28 07:41:38.3098560 -03:00,1847687,2025-11-28 06:31:54.8278296 -03:00,10,0
1847786,26,26-CAMBIO DE HERRAMIENTAS DEBIDO A DESGASTE,447.857,siderca\17701,"CPT,CSR,CA15",2025-11-28 08:58:43.3116782 -03:00,1847736,2025-11-28 07:48:00.1385539 -03:00,10,0
1847823,26,26-CAMBIO DE HERRAMIENTAS DEBIDO A DESGASTE,443.366,siderca\17701,"CPA,CA15,CFC,CDS",2025-11-28 10:18:02.5531442 -03:00,1847786,2025-11-28 09:06:11.1680271 -03:00,10,0
1847898,26,26-CAMBIO DE HERRAMIENTAS DEBIDO A DESGASTE,249.989,siderca\17701,CA15,2025-11-28 12:11:46.4320682 -03:00,1847823,2025-11-28 10:25:25.9192470 -03:00,10,0
1847987,26,26-CAMBIO DE HERRAMIENTAS DEBIDO A DESGASTE,840.185,siderca\60062291,"CPT,CPA,GSR,GA15,GFC,GDS,CDT",2025-11-28 13:18:52.1811845 -03:00,1847898,2025-11-28 12:15:56.4211762 -03:00,8,1
1848009,26,26-CAMBIO DE HERRAMIENTAS DEBIDO A DESGASTE,197.482,siderca\60062291,CDT,2025-11-28 14:51:31.7479754 -03:00,1847987,2025-11-28 13:32:52.3662671 -03:00,10,0
1848049,26,26-CAMBIO DE HERRAMIENTAS DEBIDO A DESGASTE,677,siderca\60062291,"CPA,CA15,GFC,CDS,CDT",2025-11-28 15:58:43.0777992 -03:00,1848009,2025-11-28 14:54:49.2295249 -03:00,10,0
1848099,26,26-CAMBIO DE HERRAMIENTAS DEBIDO A DESGASTE,377.751,siderca\60062291,"CSR,CDT",2025-11-28 17:18:05.7145912 -03:00,1848049,2025-11-28 16:10:00.0777992 -03:00,10,0
1848160,26,26-CAMBIO DE HERRAMIENTAS DEBIDO A DESGASTE,600.76,siderca\60062291,"CPA,GA15,GFC,GDS,CDT",2025-11-28 18:31:26.6282818 -03:00,1848099,2025-11-28 17:24:23.4654720 -03:00,8,0
1848194,26,26-CAMBIO DE HERRAMIENTAS DEBIDO A DESGASTE,324.47,siderca\60062291,"GSR,CDT",2025-11-28 19:48:16.6286580 -03:00,1848160,2025-11-28 18:41:27.3885647 -03:00,9,0
1848208,26,26-CAMBIO DE HERRAMIENTAS DEBIDO A DESGASTE,76.373,siderca\60062291,CDT,2025-11-28 20:06:59.3921658 -03:00,1848194,2025-11-28 19:53:41.0983862 -03:00,1,0
1848267,26,26-CAMBIO DE HERRAMIENTAS DEBIDO A DESGASTE,691.459,siderca\12985,"CPT,CPA,CSR,GSR,CA15,GA15,CDS,GDS,CDT",2025-11-28 21:08:56.2690523 -03:00,1848208,2025-11-28 20:08:15.7653028 -03:00,7,0
1848313,26,26-CAMBIO DE HERRAMIENTAS DEBIDO A DESGASTE,147.713,siderca\12985,"CA15,GA15",2025-11-28 22:32:18.3610685 -03:00,1848267,2025-11-28 21:20:27.7281524 -03:00,10,0
1848382,26,26-CAMBIO DE HERRAMIENTAS DEBIDO A DESGASTE,600.619,siderca\12985,"CPT,CPA,CA15,GA15,CDS,GDS,CDT",2025-11-28 23:42:56.3139058 -03:00,1848313,2025-11-28 22:34:46.0740005 -03:00,9,0
1848392,26,26-CAMBIO DE HERRAMIENTAS DEBIDO A DESGASTE,432,siderca\12985,"CSR,GSR,CA15,GA15",2025-11-29 00:58:02.2834184 -03:00,1848382,2025-11-28 23:52:56.9327786 -03:00,9,0
1848431,26,26-CAMBIO DE HERRAMIENTAS DEBIDO A DESGASTE,701.38,siderca\12985,"CPA,CA15,GA15,CFC,GFC,CDS,GDS,CDT",2025-11-29 02:14:55.0271100 -03:00,1848392,2025-11-29 01:05:14.2834184 -03:00,10,0
1848461,26,26-CAMBIO DE HERRAMIENTAS DEBIDO A DESGASTE,325.394,siderca\12985,"CPT,CA15,GA15",2025-11-29 03:29:57.7361631 -03:00,1848431,2025-11-29 02:26:36.4072807 -03:00,9,0
1848503,26,26-CAMBIO DE HERRAMIENTAS DEBIDO A DESGASTE,669.688,siderca\12985,"CPA,CSR,GSR,CA15,GA15,CDS,GDS,CDT",2025-11-29 04:38:44.9314290 -03:00,1848461,2025-11-29 03:35:23.1306802 -03:00,9,0
1849580,26,26-CAMBIO DE HERRAMIENTAS DEBIDO A DESGASTE,323.893,siderca\17701,CA15,2025-11-29 06:09:41.2171295 -03:00,1848503,2025-11-29 04:49:54.6199348 -03:00,10,0
1849622,26,26-CAMBIO DE HERRAMIENTAS DEBIDO A DESGASTE,513.411,siderca\17701,"CPA,CA15,CFC,CDS",2025-11-29 07:18:26.9419968 -03:00,1849580,2025-11-29 06:15:05.1108772 -03:00,9,0
1849675,26,26-CAMBIO DE HERRAMIENTAS DEBIDO A DESGASTE,377.184,siderca\17701,"CPT,CSR,CA15",2025-11-29 08:52:16.1791328 -03:00,1849622,2025-11-29 07:27:00.3527071 -03:00,10,0
1849732,26,26-CAMBIO DE HERRAMIENTAS DEBIDO A DESGASTE,370.426,siderca\17701,"CPA,CA15,CFC,CDS",2025-11-29 10:27:11.0860441 -03:00,1849675,2025-11-29 08:58:33.3635949 -03:00,13,0
1849771,26,26-CAMBIO DE HERRAMIENTAS DEBIDO A DESGASTE,157.683,siderca\17701,CA15,2025-11-29 11:36:43.2936016 -03:00,1849732,2025-11-29 10:33:21.5129846 -03:00,9,0
1849810,26,26-CAMBIO DE HERRAMIENTAS DEBIDO A DESGASTE,492.089,siderca\17701,"CPT,CPA,CSR,CA15,CFC,CDS",2025-11-29 12:44:50.4083146 -03:00,1849771,2025-11-29 11:39:20.9768269 -03:00,10,0
1849865,26,26-CAMBIO DE HERRAMIENTAS DEBIDO A DESGASTE,223.663,siderca\60062291,CDT,2025-11-29 14:11:32.1216797 -03:00,1849810,2025-11-29 12:53:02.4975499 -03:00,11,0
1849901,26,26-CAMBIO DE HERRAMIENTAS DEBIDO A DESGASTE,668.352,siderca\60062291,"CPA,GA15,CFC,GFC,GDS,CDT",2025-11-29 15:12:22.7287588 -03:00,1849865,2025-11-29 14:15:15.7848414 -03:00,8,0
1849942,26,26-CAMBIO DE HERRAMIENTAS DEBIDO A DESGASTE,372,siderca\60062291,"CPT,CSR,GSR,CDT",2025-11-29 16:26:54.1023186 -03:00,1849901,2025-11-29 15:23:31.0805493 -03:00,9,0
1849980,26,26-CAMBIO DE HERRAMIENTAS DEBIDO A DESGASTE,775.323,siderca\60062291,"CPA,CA15,GFC,CDS,CDT",2025-11-29 17:42:32.7268957 -03:00,1849942,2025-11-29 16:33:06.1023186 -03:00,10,0
1850032,26,26-CAMBIO DE HERRAMIENTAS DEBIDO A DESGASTE,192.085,siderca\60062291,CDT,2025-11-29 18:58:50.9970784 -03:00,1849980,2025-11-29 17:55:28.0492155 -03:00,9,0
1850069,26,26-CAMBIO DE HERRAMIENTAS DEBIDO A DESGASTE,727.591,siderca\60062291,"CPT,CPA,GSR,GA15,GFC,GDS,CDT",2025-11-29 19:55:04.9247880 -03:00,1850032,2025-11-29 19:02:03.0828245 -03:00,7,0
1850135,26,26-CAMBIO DE HERRAMIENTAS DEBIDO A DESGASTE,133.632,siderca\12985,"CA15,GA15",2025-11-29 21:20:20.0206927 -03:00,1850069,2025-11-29 20:07:12.5150826 -03:00,9,0
1850198,26,26-CAMBIO DE HERRAMIENTAS DEBIDO A DESGASTE,697.152,siderca\12985,"CPA,CA15,GA15,CFC,GFC,CDS,GDS,CDT",2025-11-29 23:01:54.2045678 -03:00,1850135,2025-11-29 21:22:33.6524490 -03:00,10,0
1850243,26,26-CAMBIO DE HERRAMIENTAS DEBIDO A DESGASTE,489.883,siderca\12985,"CPT,CSR,GSR,CA15,GA15",2025-11-30 00:19:43.9603926 -03:00,1850198,2025-11-29 23:13:31.3561964 -03:00,9,1
1850293,26,26-CAMBIO DE HERRAMIENTAS DEBIDO A DESGASTE,550.154,siderca\12985,"CPA,CA15,GA15,CFC,GFC,CDS,GDS,CDT",2025-11-30 01:50:32.4177099 -03:00,1850243,2025-11-30 00:27:53.8435683 -03:00,10,0
1850349,26,26-CAMBIO DE HERRAMIENTAS DEBIDO A DESGASTE,471.045,siderca\12985,"CPT,CA15,GA15",2025-11-30 03:22:01.0902418 -03:00,1850293,2025-11-30 01:59:42.5714033 -03:00,10,0
1851493,26,26-CAMBIO DE HERRAMIENTAS DEBIDO A DESGASTE,900.171,siderca\60062291,"CPT,CPA,GSR,GA15,CFC,GFC,CDS,CDT",2025-12-01 05:06:04.0000000 -03:00,1850349,2025-11-30 03:29:52.1352242 -03:00,9,0
1851529,26,26-CAMBIO DE HERRAMIENTAS DEBIDO A DESGASTE,247.396,siderca\60062291,CDT,2025-12-01 06:37:30.3857281 -03:00,1851493,2025-12-01 05:21:04.1710950 -03:00,10,0
1851561,26,26-CAMBIO DE HERRAMIENTAS DEBIDO A DESGASTE,700.776,siderca\60062291,"CPA,GA15,GFC,GDS,CDT",2025-12-01 07:45:05.3895151 -03:00,1851529,2025-12-01 06:41:37.7810541 -03:00,9,0
1851602,26,26-CAMBIO DE HERRAMIENTAS DEBIDO A DESGASTE,418.977,siderca\60062291,"CPT,CSR,GSR,CDT",2025-12-01 09:00:17.9088859 -03:00,1851561,2025-12-01 07:56:46.1656625 -03:00,10,0
1851640,26,26-CAMBIO DE HERRAMIENTAS DEBIDO A DESGASTE,866.737,siderca\60062291,"CPA,GA15,GFC,GDS,CDT",2025-12-01 10:21:25.1229493 -03:00,1851602,2025-12-01 09:07:16.8859519 -03:00,11,0
1851685,26,26-CAMBIO DE HERRAMIENTAS DEBIDO A DESGASTE,226.433,siderca\60062291,CDT,2025-12-01 11:51:28.6562530 -03:00,1851640,2025-12-01 10:35:51.8591486 -03:00,10,0
1851730,26,26-CAMBIO DE HERRAMIENTAS DEBIDO A DESGASTE,848,siderca\12985,"CPT,CPA,CSR,GSR,CA15,GA15,CFC,GFC,CDS,GDS,CDT",2025-12-01 13:01:14.5749655 -03:00,1851685,2025-12-01 11:55:15.0895013 -03:00,9,0
1851774,26,26-CAMBIO DE HERRAMIENTAS DEBIDO A DESGASTE,241,siderca\12985,"CA15,GA15",2025-12-01 14:20:55.4883048 -03:00,1851730,2025-12-01 13:15:22.5749655 -03:00,10,0
1851820,26,26-CAMBIO DE HERRAMIENTAS DEBIDO A DESGASTE,865,siderca\12985,"CPA,CA15,GA15,CFC,GFC,CDS,GDS,CDT",2025-12-01 15:35:44.7896151 -03:00,1851774,2025-12-01 14:24:56.4883048 -03:00,10,0
1851865,26,26-CAMBIO DE HERRAMIENTAS DEBIDO A DESGASTE,453.486,siderca\12985,"CPT,CSR,GSR,CA15,GA15",2025-12-01 16:54:33.8462099 -03:00,1851820,2025-12-01 15:50:09.7896151 -03:00,10,0
1851906,26,26-CAMBIO DE HERRAMIENTAS DEBIDO A DESGASTE,701.275,siderca\12985,"CPA,CA15,GA15,CFC,GFC,CDS,GDS,CDT",2025-12-01 18:09:25.7822272 -03:00,1851865,2025-12-01 17:02:07.3321116 -03:00,10,0
1851951,26,26-CAMBIO DE HERRAMIENTAS DEBIDO A DESGASTE,469.012,siderca\12985,"CPT,CSR,GSR,CA15,GA15",2025-12-01 19:29:08.7439668 -03:00,1851906,2025-12-01 18:21:07.0572458 -03:00,9,0
1852015,26,26-CAMBIO DE HERRAMIENTAS DEBIDO A DESGASTE,625.123,siderca\17701,"CPA,CA15,CFC,CDS",2025-12-01 21:00:00.0000000 -03:00,1851951,2025-12-01 19:36:57.7558233 -03:00,11,0
1852072,26,26-CAMBIO DE HERRAMIENTAS DEBIDO A DESGASTE,249.678,siderca\17701,CA15,2025-12-01 22:23:13.7422681 -03:00,1852015,2025-12-01 21:10:25.1238460 -03:00,11,0
1852111,26,26-CAMBIO DE HERRAMIENTAS DEBIDO A DESGASTE,610.049,siderca\17701,"CPT,CPA,CSR,CA15,CFC,CDS",2025-12-01 23:30:47.9323359 -03:00,1852072,2025-12-01 22:27:23.4201808 -03:00,9,0
1852152,26,26-CAMBIO DE HERRAMIENTAS DEBIDO A DESGASTE,238.211,siderca\17701,CA15,2025-12-02 00:53:33.1289706 -03:00,1852111,2025-12-01 23:40:57.9817548 -03:00,11,0
1852198,26,26-CAMBIO DE HERRAMIENTAS DEBIDO A DESGASTE,501.042,siderca\17701,"CPA,CA15,CFC,CDS",2025-12-02 02:15:00.8639462 -03:00,1852152,2025-12-02 00:57:31.3398393 -03:00,10,0
1852238,26,26-CAMBIO DE HERRAMIENTAS DEBIDO A DESGASTE,349.731,siderca\17701,"CPT,CSR,CA15",2025-12-02 03:33:33.4701351 -03:00,1852198,2025-12-02 02:23:21.9059273 -03:00,10,0
1852279,26,26-CAMBIO DE HERRAMIENTAS DEBIDO A DESGASTE,405.723,siderca\17701,"CPA,CA15,CFC,CDS",2025-12-02 04:47:48.2312585 -03:00,1852238,2025-12-02 03:39:23.2016903 -03:00,10,0
1852337,26,26-CAMBIO DE HERRAMIENTAS DEBIDO A DESGASTE,264.231,siderca\60062291,CDT,2025-12-02 06:00:56.5407536 -03:00,1852279,2025-12-02 04:54:33.9542881 -03:00,9,0
1852368,26,26-CAMBIO DE HERRAMIENTAS DEBIDO A DESGASTE,916.173,siderca\60062291,"CPT,CPA,GSR,CA15,GFC,CDS,CDT",2025-12-02 06:56:15.6973923 -03:00,1852337,2025-12-02 06:05:20.7716109 -03:00,8,0
1852405,26,26-CAMBIO DE HERRAMIENTAS DEBIDO A DESGASTE,221.24,siderca\60062291,GA15,2025-12-02 08:18:47.3931273 -03:00,1852368,2025-12-02 07:11:31.8701797 -03:00,10,0
1852442,26,26-CAMBIO DE HERRAMIENTAS DEBIDO A DESGASTE,675.134,siderca\60062291,"CPA,GA15,CFC,GFC,GDS,CDT",2025-12-02 09:25:54.5483918 -03:00,1852405,2025-12-02 08:22:28.6331834 -03:00,9,0
1852470,26,26-CAMBIO DE HERRAMIENTAS DEBIDO A DESGASTE,372,siderca\60062291,"CPT,GSR,CDT",2025-12-02 10:46:46.6894390 -03:00,1852442,2025-12-02 09:37:09.6828971 -03:00,10,0
1852505,26,26-CAMBIO DE HERRAMIENTAS DEBIDO A DESGASTE,725,siderca\60062291,"CPA,GA15,CFC,GFC,GDS,CDT",2025-12-02 12:02:19.8463455 -03:00,1852470,2025-12-02 10:52:58.6894390 -03:00,10,0
1852555,26,26-CAMBIO DE HERRAMIENTAS DEBIDO A DESGASTE,184,siderca\12985,"CA15,GA15",2025-12-02 13:21:28.7174630 -03:00,1852505,2025-12-02 12:14:24.8463455 -03:00,10,0
1852583,26,26-CAMBIO DE HERRAMIENTAS DEBIDO A DESGASTE,854,siderca\12985,"CPT,CPA,CSR,GSR,CA15,GA15,CFC,GFC,CDS,GDS,CDT",2025-12-02 14:30:05.7573678 -03:00,1852555,2025-12-02 13:24:32.7174630 -03:00,10,0
1852618,26,26-CAMBIO DE HERRAMIENTAS DEBIDO A DESGASTE,145.891,siderca\12985,"CA15,GA15",2025-12-02 15:57:59.7841053 -03:00,1852583,2025-12-02 14:44:19.7573678 -03:00,11,0
1852644,26,26-CAMBIO DE HERRAMIENTAS DEBIDO A DESGASTE,596.382,siderca\12985,"CPA,CA15,GA15,CDS,GDS,CDT",2025-12-02 17:03:49.0518300 -03:00,1852618,2025-12-02 16:00:25.6757414 -03:00,10,0
1852656,26,26-CAMBIO DE HERRAMIENTAS DEBIDO A DESGASTE,142.175,siderca\12985,CPT,2025-12-02 17:34:06.6059775 -03:00,1852644,2025-12-02 17:13:45.4333029 -03:00,2,0
1852675,26,26-CAMBIO DE HERRAMIENTAS DEBIDO A DESGASTE,385.166,siderca\12985,"CPT,CSR,GSR,CA15,GA15",2025-12-02 18:27:20.9859870 -03:00,1852656,2025-12-02 17:36:28.7808841 -03:00,8,0
1852709,26,26-CAMBIO DE HERRAMIENTAS DEBIDO A DESGASTE,546.311,siderca\12985,"CPA,CA15,GA15,CDS,GDS,CDT",2025-12-02 19:45:57.8999729 -03:00,1852675,2025-12-02 18:33:46.1512210 -03:00,11,1
1852749,26,26-CAMBIO DE HERRAMIENTAS DEBIDO A DESGASTE,180.542,siderca\17701,CA15,2025-12-02 21:09:14.5935107 -03:00,1852709,2025-12-02 19:55:04.2107364 -03:00,10,0
1852784,26,26-CAMBIO DE HERRAMIENTAS DEBIDO A DESGASTE,581.649,siderca\17701,"CPT,CPA,CSR,CA15,CFC,CDS",2025-12-02 22:23:45.1444481 -03:00,1852749,2025-12-02 21:12:15.1350340 -03:00,10,0
1852815,26,26-CAMBIO DE HERRAMIENTAS DEBIDO A DESGASTE,170.789,siderca\17701,CA15,2025-12-02 23:45:12.3509605 -03:00,1852784,2025-12-02 22:33:26.7936564 -03:00,10,0
1852840,26,26-CAMBIO DE HERRAMIENTAS DEBIDO A DESGASTE,409.44,siderca\17701,"CPA,CA15,CFC,CDS",2025-12-03 00:51:26.5700955 -03:00,1852815,2025-12-02 23:48:03.1393460 -03:00,10,0
1852867,26,26-CAMBIO DE HERRAMIENTAS DEBIDO A DESGASTE,331.699,siderca\17701,"CPT,CSR,CA15",2025-12-03 02:07:56.5372424 -03:00,1852840,2025-12-03 00:58:16.0104774 -03:00,10,0
1852895,26,26-CAMBIO DE HERRAMIENTAS DEBIDO A DESGASTE,491.335,siderca\17701,"CPA,CA15,CFC,CDS",2025-12-03 03:25:35.9758798 -03:00,1852867,2025-12-03 02:13:28.2362804 -03:00,12,0
1852925,26,26-CAMBIO DE HERRAMIENTAS DEBIDO A DESGASTE,169.239,siderca\17701,CA15,2025-12-03 04:37:11.6109725 -03:00,1852895,2025-12-03 03:33:47.3107246 -03:00,9,0
1852995,26,26-CAMBIO DE HERRAMIENTAS DEBIDO A DESGASTE,840.573,siderca\60062291,"CPT,CPA,CSR,GA15,CFC,GFC,GDS,CDT",2025-12-03 06:16:56.9569420 -03:00,1852925,2025-12-03 04:40:00.8496204 -03:00,7,0
1853024,26,26-CAMBIO DE HERRAMIENTAS DEBIDO A DESGASTE,218,siderca\60062291,CDT,2025-12-03 07:39:05.4967445 -03:00,1852995,2025-12-03 06:30:57.5299220 -03:00,9,0
1853057,26,26-CAMBIO DE HERRAMIENTAS DEBIDO A DESGASTE,719.718,siderca\60062291,"CPA,CA15,GFC,CDS,CDT",2025-12-03 09:00:17.2722897 -03:00,1853024,2025-12-03 07:42:43.4967445 -03:00,11,1
1853082,26,26-CAMBIO DE HERRAMIENTAS DEBIDO A DESGASTE,443.166,siderca\60062291,"CPT,GSR,CDT",2025-12-03 10:18:10.2167470 -03:00,1853057,2025-12-03 09:12:16.9908280 -03:00,10,0
1853119,26,26-CAMBIO DE HERRAMIENTAS DEBIDO A DESGASTE,668.788,siderca\60062291,"CPT,CPA,GA15,GFC,GDS,CDT",2025-12-03 11:54:12.0410141 -03:00,1853082,2025-12-03 10:25:33.3827830 -03:00,10,0
1853171,26,26-CAMBIO DE HERRAMIENTAS DEBIDO A DESGASTE,461.939,siderca\12985,"CPT,CSR,GSR,CA15,GA15",2025-12-03 13:14:02.1059144 -03:00,1853119,2025-12-03 12:05:20.8299242 -03:00,10,0
1853207,26,26-CAMBIO DE HERRAMIENTAS DEBIDO A DESGASTE,526.112,siderca\12985,"CPA,CA15,GA15,CDS,GDS,CDT",2025-12-03 14:25:05.8931746 -03:00,1853171,2025-12-03 13:21:44.0445712 -03:00,10,0
1853247,26,26-CAMBIO DE HERRAMIENTAS DEBIDO A DESGASTE,113.744,siderca\12985,"CA15,GA15",2025-12-03 15:37:23.1515357 -03:00,1853207,2025-12-03 14:33:52.0055918 -03:00,10,0
1853279,26,26-CAMBIO DE HERRAMIENTAS DEBIDO A DESGASTE,639.451,siderca\12985,"CPT,CPA,CSR,GSR,CA15,GA15,CDS,GDS,CDT",2025-12-03 16:42:39.0737790 -03:00,1853247,2025-12-03 15:39:16.8956157 -03:00,9,0
1853310,26,26-CAMBIO DE HERRAMIENTAS DEBIDO A DESGASTE,96.094,siderca\12985,"CA15,GA15",2025-12-03 17:56:41.1912074 -03:00,1853279,2025-12-03 16:53:18.5245597 -03:00,10,0
1853342,26,26-CAMBIO DE HERRAMIENTAS DEBIDO A DESGASTE,434.299,siderca\12985,"CPA,CA15,GA15,CDS,GDS,CDT",2025-12-03 19:01:39.0296739 -03:00,1853310,2025-12-03 17:58:17.2852061 -03:00,9,0
1853371,26,26-CAMBIO DE HERRAMIENTAS DEBIDO A DESGASTE,421.538,siderca\12985,"CPT,CSR,GSR,CA15,GA15",2025-12-03 20:12:15.9490549 -03:00,1853342,2025-12-03 19:08:53.3281701 -03:00,10,0
1853418,26,26-CAMBIO DE HERRAMIENTAS DEBIDO A DESGASTE,575.388,siderca\17701,"CPA,CA15,CFC,CDS",2025-12-03 21:22:46.6473928 -03:00,1853371,2025-12-03 20:19:17.4879687 -03:00,10,0
1853450,26,26-CAMBIO DE HERRAMIENTAS DEBIDO A DESGASTE,143.901,siderca\17701,CA15,2025-12-03 22:36:13.8845673 -03:00,1853418,2025-12-03 21:32:22.0356223 -03:00,9,0
1853475,26,26-CAMBIO DE HERRAMIENTAS DEBIDO A DESGASTE,554.006,siderca\17701,"CPT,CPA,CSR,CA15,CFC,CDS",2025-12-03 23:42:09.0847739 -03:00,1853450,2025-12-03 22:38:37.7859914 -03:00,10,0
1853513,26,26-CAMBIO DE HERRAMIENTAS DEBIDO A DESGASTE,205.614,siderca\17701,CA15,2025-12-04 01:04:11.1575003 -03:00,1853475,2025-12-03 23:51:23.0900896 -03:00,11,0
1853537,26,26-CAMBIO DE HERRAMIENTAS DEBIDO A DESGASTE,488.418,siderca\17701,"CPA,CA15,CFC,CDS",2025-12-04 02:11:37.3138453 -03:00,1853513,2025-12-04 01:07:36.7710987 -03:00,9,1
1853568,26,26-CAMBIO DE HERRAMIENTAS DEBIDO A DESGASTE,322.173,siderca\17701,"CPT,CSR,CA15",2025-12-04 03:23:08.9678816 -03:00,1853537,2025-12-04 02:19:45.7319277 -03:00,9,0
1853607,26,26-CAMBIO DE HERRAMIENTAS DEBIDO A DESGASTE,682.762,siderca\17701,"CPA,CA15,CFC,CDS",2025-12-04 04:41:14.5907390 -03:00,1853568,2025-12-04 03:28:31.1407762 -03:00,11,0
1853699,26,26-CAMBIO DE HERRAMIENTAS DEBIDO A DESGASTE,882,siderca\60062291,"CPT,CPA,CSR,CA15,CFC,GFC,CDS,CDT",2025-12-04 07:28:41.1353010 -03:00,1853607,2025-12-04 04:52:37.3523889 -03:00,17,4
1853731,26,26-CAMBIO DE HERRAMIENTAS DEBIDO A DESGASTE,214.083,siderca\60062291,CDT,2025-12-04 08:55:45.4203810 -03:00,1853699,2025-12-04 07:43:23.1353010 -03:00,10,0
1853752,26,26-CAMBIO DE HERRAMIENTAS DEBIDO A DESGASTE,765.334,siderca\60062291,"CPT,CPA,CSR,CA15,CFC,GFC,CDS,CDT",2025-12-04 09:50:11.6848693 -03:00,1853731,2025-12-04 08:59:19.5036021 -03:00,8,0
1853798,26,26-CAMBIO DE HERRAMIENTAS DEBIDO A DESGASTE,166.962,siderca\60062291,CDT,2025-12-04 11:23:14.9135403 -03:00,1853752,2025-12-04 10:02:57.0186448 -03:00,10,0
1853821,26,26-CAMBIO DE HERRAMIENTAS DEBIDO A DESGASTE,553.858,siderca\60062291,"CPA,GA15,GFC,GDS,CDT",2025-12-04 12:10:37.9473434 -03:00,1853798,2025-12-04 11:26:01.8758487 -03:00,7,0
1853880,26,26-CAMBIO DE HERRAMIENTAS DEBIDO A DESGASTE,500.375,siderca\12985,"CPT,CSR,CA15,CFC,CDT",2025-12-04 13:47:07.5471495 -03:00,1853821,2025-12-04 12:19:51.8050277 -03:00,10,0
1853922,26,26-CAMBIO DE HERRAMIENTAS DEBIDO A DESGASTE,420.488,siderca\12985,"CPA,GA15,CDS,CDT",2025-12-04 15:16:30.2124910 -03:00,1853880,2025-12-04 13:55:27.9225407 -03:00,10,0
1853955,26,26-CAMBIO DE HERRAMIENTAS DEBIDO A DESGASTE,259.921,siderca\12985,CA15,2025-12-04 16:31:28.7521289 -03:00,1853922,2025-12-04 15:23:30.7001960 -03:00,9,0
1853988,26,26-CAMBIO DE HERRAMIENTAS DEBIDO A DESGASTE,588,siderca\12985,"CPT,CPA,CSR,CA15,GA15,CDS,GDS",2025-12-04 17:41:06.4433641 -03:00,1853955,2025-12-04 16:35:48.6738581 -03:00,9,0
1854007,26,26-CAMBIO DE HERRAMIENTAS DEBIDO A DESGASTE,180.473,siderca\12985,CDT,2025-12-04 18:01:54.4433641 -03:00,1853988,2025-12-04 17:50:54.4433641 -03:00,0,0
1854039,26,26-CAMBIO DE HERRAMIENTAS DEBIDO A DESGASTE,295.376,siderca\12985,CA15,2025-12-04 19:02:01.4723023 -03:00,1854007,2025-12-04 18:04:54.9164082 -03:00,9,0
1854099,26,26-CAMBIO DE HERRAMIENTAS DEBIDO A DESGASTE,360.861,siderca\12985,"CPA,CA15,CDS,CDT",2025-12-04 20:29:19.6833540 -03:00,1854039,2025-12-04 19:06:56.8488163 -03:00,10,0
1854150,26,26-CAMBIO DE HERRAMIENTAS DEBIDO A DESGASTE,405.25,siderca\17701,"CPT,CSR,CA15",2025-12-04 21:40:28.3543371 -03:00,1854099,2025-12-04 20:35:20.5443256 -03:00,9,0
1854190,26,26-CAMBIO DE HERRAMIENTAS DEBIDO A DESGASTE,428.489,siderca\17701,"CPA,CA15,CFC,CDS",2025-12-04 23:01:15.4150276 -03:00,1854150,2025-12-04 21:47:13.6049061 -03:00,11,0
1854231,26,26-CAMBIO DE HERRAMIENTAS DEBIDO A DESGASTE,157.415,siderca\17701,CA15,2025-12-05 00:11:47.0570924 -03:00,1854190,2025-12-04 23:08:23.9046577 -03:00,9,0
1854252,26,26-CAMBIO DE HERRAMIENTAS DEBIDO A DESGASTE,661.562,siderca\17701,"CPT,CPA,CSR,CA15,CFC,CDS",2025-12-05 01:17:47.9966847 -03:00,1854231,2025-12-05 00:14:24.4725769 -03:00,10,1
1854292,26,26-CAMBIO DE HERRAMIENTAS DEBIDO A DESGASTE,293.669,siderca\17701,CA15,2025-12-05 02:45:21.9771747 -03:00,1854252,2025-12-05 01:28:49.5588367 -03:00,9,0
1854319,26,26-CAMBIO DE HERRAMIENTAS DEBIDO A DESGASTE,303.261,siderca\17701,"CPA,CA15,CFC,CDS",2025-12-05 03:53:38.9059607 -03:00,1854292,2025-12-05 02:50:15.6461183 -03:00,9,1
1854381,26,26-CAMBIO DE HERRAMIENTAS DEBIDO A DESGASTE,420.834,siderca\60062291,"CPT,GSR,CDT",2025-12-05 05:25:00.2673429 -03:00,1854319,2025-12-05 03:58:42.1668234 -03:00,11,0
1854418,26,26-CAMBIO DE HERRAMIENTAS DEBIDO A DESGASTE,557,siderca\60062291,"CPA,GA15,GFC,GDS,CDT",2025-12-05 06:38:41.4522034 -03:00,1854381,2025-12-05 05:32:01.1010549 -03:00,10,0
1854463,26,26-CAMBIO DE HERRAMIENTAS DEBIDO A DESGASTE,187.315,siderca\60062291,CDT,2025-12-05 08:07:12.8731523 -03:00,1854418,2025-12-05 06:47:58.4522034 -03:00,11,1
1854494,26,26-CAMBIO DE HERRAMIENTAS DEBIDO A DESGASTE,674.066,siderca\60062291,"CPT,CPA,GSR,CA15,GFC,CDS,CDT",2025-12-05 09:10:46.4388447 -03:00,1854463,2025-12-05 08:10:20.1888615 -03:00,7,0
1854539,26,26-CAMBIO DE HERRAMIENTAS DEBIDO A DESGASTE,131.09,siderca\60062291,CDT,2025-12-05 10:30:19.0027019 -03:00,1854494,2025-12-05 09:22:00.5041460 -03:00,10,0
1854571,26,26-CAMBIO DE HERRAMIENTAS DEBIDO A DESGASTE,759.471,siderca\60062291,"CPT,CPA,CSR,GA15,GFC,GDS,CDT",2025-12-05 11:39:09.7283189 -03:00,1854539,2025-12-05 10:32:30.0920237 -03:00,10,0
1854625,26,26-CAMBIO DE HERRAMIENTAS DEBIDO A DESGASTE,222.048,siderca\12985,CA15,2025-12-05 13:10:11.2975406 -03:00,1854571,2025-12-05 11:51:49.1994357 -03:00,10,0
1854662,26,26-CAMBIO DE HERRAMIENTAS DEBIDO A DESGASTE,536,siderca\12985,"CPA,CA15,CFC,CDS,CDT",2025-12-05 14:17:15.1880544 -03:00,1854625,2025-12-05 13:13:53.3459512 -03:00,10,0
1854708,26,26-CAMBIO DE HERRAMIENTAS DEBIDO A DESGASTE,503.997,siderca\12985,"CPT,CSR,CA15",2025-12-05 15:30:42.9002318 -03:00,1854662,2025-12-05 14:26:11.1880544 -03:00,10,0
1854745,26,26-CAMBIO DE HERRAMIENTAS DEBIDO A DESGASTE,580,siderca\12985,"CA15,CFC,CDS,CDT",2025-12-05 16:44:37.3711415 -03:00,1854708,2025-12-05 15:39:06.8970601 -03:00,10,0
1854858,26,26-CAMBIO DE HERRAMIENTAS DEBIDO A DESGASTE,540.111,siderca\12985,"CPT,CPA,CSR,CA15,GA15",2025-12-05 19:36:32.7967130 -03:00,1854745,2025-12-05 16:54:17.3711415 -03:00,11,1
1854918,26,26-CAMBIO DE HERRAMIENTAS DEBIDO A DESGASTE,600.81,siderca\17701,"CPA,CA15,CFC,CDS",2025-12-05 21:05:17.0000000 -03:00,1854858,2025-12-05 19:45:32.9071539 -03:00,10,0
1854954,26,26-CAMBIO DE HERRAMIENTAS DEBIDO A DESGASTE,178.166,siderca\17701,CA15,2025-12-05 22:27:21.3852068 -03:00,1854918,2025-12-05 21:15:17.8102156 -03:00,11,0
1854989,26,26-CAMBIO DE HERRAMIENTAS DEBIDO A DESGASTE,538.274,siderca\17701,"CPT,CPA,CA15,CFC,CDS",2025-12-05 23:33:51.0625833 -03:00,1854954,2025-12-05 22:30:19.5510016 -03:00,9,0
1855029,26,26-CAMBIO DE HERRAMIENTAS DEBIDO A DESGASTE,163,siderca\17701,CA15,2025-12-06 00:56:17.1031089 -03:00,1854989,2025-12-05 23:42:49.3360414 -03:00,11,0
1855061,26,26-CAMBIO DE HERRAMIENTAS DEBIDO A DESGASTE,382.543,siderca\17701,"CPA,CA15,CFC,CDS",2025-12-06 01:58:38.8259620 -03:00,1855029,2025-12-06 00:59:00.1031089 -03:00,9,0
1855101,26,26-CAMBIO DE HERRAMIENTAS DEBIDO A DESGASTE,393.767,siderca\17701,"CPT,CSR,CA15",2025-12-06 03:08:25.0144464 -03:00,1855061,2025-12-06 02:05:01.3684712 -03:00,11,0
1855152,26,26-CAMBIO DE HERRAMIENTAS DEBIDO A DESGASTE,456.091,siderca\17701,"CPA,CA15,CFC,CDS",2025-12-06 04:30:21.3797372 -03:00,1855101,2025-12-06 03:14:58.7818249 -03:00,11,0
1855218,26,26-CAMBIO DE HERRAMIENTAS DEBIDO A DESGASTE,150.523,siderca\60062291,CDT,2025-12-06 05:59:36.6745715 -03:00,1855152,2025-12-06 04:37:57.4701340 -03:00,11,0
1855241,26,26-CAMBIO DE HERRAMIENTAS DEBIDO A DESGASTE,834.065,siderca\60062291,"CPT,CPA,GSR,CA15,GA15,GFC,CDS,CDT",2025-12-06 06:40:28.3569652 -03:00,1855218,2025-12-06 06:02:07.1974726 -03:00,5,0
1855290,26,26-CAMBIO DE HERRAMIENTAS DEBIDO A DESGASTE,194.288,siderca\60062291,CDT,2025-12-06 08:12:45.1585995 -03:00,1855241,2025-12-06 06:54:22.4213072 -03:00,11,0
1855320,26,26-CAMBIO DE HERRAMIENTAS DEBIDO A DESGASTE,650.393,siderca\60062291,"CPA,CA15,GA15,CFC,GFC,GDS,CDT",2025-12-06 09:13:07.2127986 -03:00,1855290,2025-12-06 08:15:59.4462621 -03:00,8,0
1855380,26,26-CAMBIO DE HERRAMIENTAS DEBIDO A DESGASTE,551.672,siderca\60062291,"CPT,GSR,CDT",2025-12-06 10:39:45.4597958 -03:00,1855320,2025-12-06 09:23:57.6052739 -03:00,11,1
1855427,26,26-CAMBIO DE HERRAMIENTAS DEBIDO A DESGASTE,770.774,siderca\60062291,"CPA,CA15,GA15,GFC,GDS,CDT",2025-12-06 12:02:00.0293652 -03:00,1855380,2025-12-06 10:48:57.1313738 -03:00,10,0
1855554,26,26-CAMBIO DE HERRAMIENTAS DEBIDO A DESGASTE,823,siderca\12985,"CPT,CPA,CSR,CA15,CFC,CDS,CDT",2025-12-06 15:42:27.3127185 -03:00,1855427,2025-12-06 12:14:50.8037629 -03:00,20,0
1855614,26,26-CAMBIO DE HERRAMIENTAS DEBIDO A DESGASTE,183.272,siderca\12985,CDT,2025-12-06 17:11:51.9830966 -03:00,1855554,2025-12-06 15:56:10.3127185 -03:00,11,0
1855653,26,26-CAMBIO DE HERRAMIENTAS DEBIDO A DESGASTE,632,siderca\12985,"CPA,CA15,CFC,CDS,CDT",2025-12-06 18:21:57.1228057 -03:00,1855614,2025-12-06 17:14:55.2553566 -03:00,10,0
1855698,26,26-CAMBIO DE HERRAMIENTAS DEBIDO A DESGASTE,547.56,siderca\12985,"CPT,CSR,CA15",2025-12-06 19:42:53.4961387 -03:00,1855653,2025-12-06 18:32:29.1228057 -03:00,9,0
1855766,26,26-CAMBIO DE HERRAMIENTAS DEBIDO A DESGASTE,424.429,siderca\17701,"CPA,CA15,CFC,CDS",2025-12-06 21:16:16.1906363 -03:00,1855698,2025-12-06 19:52:01.0564129 -03:00,12,0
1855818,26,26-CAMBIO DE HERRAMIENTAS DEBIDO A DESGASTE,202.011,siderca\17701,CA15,2025-12-06 22:36:02.7228077 -03:00,1855766,2025-12-06 21:23:20.6194344 -03:00,9,0
1855854,26,26-CAMBIO DE HERRAMIENTAS DEBIDO A DESGASTE,562.422,siderca\17701,"CPT,CPA,CSR,CA15,CFC,CDS",2025-12-06 23:44:20.7763279 -03:00,1855818,2025-12-06 22:39:24.7332058 -03:00,9,0
1855896,26,26-CAMBIO DE HERRAMIENTAS DEBIDO A DESGASTE,164.685,siderca\17701,CA15,2025-12-07 01:06:57.4522183 -03:00,1855854,2025-12-06 23:53:43.1986421 -03:00,10,0
1855932,26,26-CAMBIO DE HERRAMIENTAS DEBIDO A DESGASTE,434.422,siderca\17701,"CPA,CA15,CFC,CDS",2025-12-07 02:13:06.8218569 -03:00,1855896,2025-12-07 01:09:42.1371983 -03:00,9,0
1855972,26,26-CAMBIO DE HERRAMIENTAS DEBIDO A DESGASTE,374.995,siderca\17701,"CPT,CSR,CA15",2025-12-07 03:25:49.8398286 -03:00,1855932,2025-12-07 02:20:21.2431056 -03:00,10,0
1856010,26,26-CAMBIO DE HERRAMIENTAS DEBIDO A DESGASTE,366.777,siderca\17701,"CPA,CA15,CFC,CDS",2025-12-07 04:25:45.5979095 -03:00,1855972,2025-12-07 03:32:04.8345391 -03:00,8,0
1856211,26,26-CAMBIO DE HERRAMIENTAS DEBIDO A DESGASTE,780.601,siderca\12985,"CPT,CPA,CSR,CA15,GA15,CDS,CDT",2025-12-09 07:11:15.4118809 -03:00,1856010,2025-12-07 04:31:52.3749856 -03:00,11,0
1856248,26,26-CAMBIO DE HERRAMIENTAS DEBIDO A DESGASTE,165.18,siderca\12985,CA15,2025-12-09 08:45:28.5475926 -03:00,1856211,2025-12-09 07:24:16.0129555 -03:00,11,0
1856284,26,26-CAMBIO DE HERRAMIENTAS DEBIDO A DESGASTE,676,siderca\12985,"CPA,CA15,CFC,CDT",2025-12-09 09:51:39.5127877 -03:00,1856248,2025-12-09 08:48:13.7275364 -03:00,9,0
1856315,26,26-CAMBIO DE HERRAMIENTAS DEBIDO A DESGASTE,768.627,siderca\12985,"CPT,CPA,CSR,CA15,GA15",2025-12-09 11:16:20.9032838 -03:00,1856284,2025-12-09 10:02:55.5127877 -03:00,10,0
1856412,26,26-CAMBIO DE HERRAMIENTAS DEBIDO A DESGASTE,420.571,siderca\17701,"CPA,CA15,CFC,CDS",2025-12-09 13:07:16.0000000 -03:00,1856315,2025-12-09 11:29:09.5300754 -03:00,11,0
1856468,26,26-CAMBIO DE HERRAMIENTAS DEBIDO A DESGASTE,203,siderca\17701,CA15,2025-12-09 15:19:18.2459036 -03:00,1856412,2025-12-09 13:14:16.5711135 -03:00,9,0
1856508,26,26-CAMBIO DE HERRAMIENTAS DEBIDO A DESGASTE,659.186,siderca\17701,"CPT,CPA,CSR,CA15,CFC,CDS",2025-12-09 16:26:14.0457831 -03:00,1856468,2025-12-09 15:22:41.2459036 -03:00,8,0
1856549,26,26-CAMBIO DE HERRAMIENTAS DEBIDO A DESGASTE,241.492,siderca\17701,GA15,2025-12-09 17:46:24.8839540 -03:00,1856508,2025-12-09 16:37:13.2317927 -03:00,9,0
1856581,26,26-CAMBIO DE HERRAMIENTAS DEBIDO A DESGASTE,599.238,siderca\17701,"CPA,CA15,CFC,CDS",2025-12-09 18:53:48.7855229 -03:00,1856549,2025-12-09 17:50:26.3751595 -03:00,10,0
1856620,26,26-CAMBIO DE HERRAMIENTAS DEBIDO A DESGASTE,647.301,siderca\17701,"CPT,CSR,CA15",2025-12-09 20:07:19.9612304 -03:00,1856581,2025-12-09 19:03:48.0230888 -03:00,9,0
1856678,26,26-CAMBIO DE HERRAMIENTAS DEBIDO A DESGASTE,771.904,siderca\60062291,"CPT,CPA,GA15,GFC,GDS,CDT",2025-12-09 21:27:27.8056116 -03:00,1856620,2025-12-09 20:18:07.2621716 -03:00,10,1
1856787,26,26-CAMBIO DE HERRAMIENTAS DEBIDO A DESGASTE,177,siderca\60062291,CDT,2025-12-10 00:49:42.2391078 -03:00,1856678,2025-12-09 21:40:19.7094455 -03:00,12,1
1856839,26,26-CAMBIO DE HERRAMIENTAS DEBIDO A DESGASTE,840.571,siderca\60062291,"CPT,CPA,GSR,CA15,GFC,CDS,CDT",2025-12-10 01:50:11.5301202 -03:00,1856787,2025-12-10 00:52:39.2391078 -03:00,8,0
1856872,26,26-CAMBIO DE HERRAMIENTAS DEBIDO A DESGASTE,112.602,siderca\60062291,CDT,2025-12-10 03:34:33.1413633 -03:00,1856839,2025-12-10 02:04:12.1011307 -03:00,11,1
1856901,26,26-CAMBIO DE HERRAMIENTAS DEBIDO A DESGASTE,993.268,siderca\60062291,"CPT,CPA,CSR,GA15,CFC,GFC,GDS,CDT",2025-12-10 04:33:43.9037674 -03:00,1856872,2025-12-10 03:36:25.7437077 -03:00,8,0
1856967,26,26-CAMBIO DE HERRAMIENTAS DEBIDO A DESGASTE,242,siderca\12985,CA15,2025-12-10 06:15:01.4772991 -03:00,1856901,2025-12-10 04:50:17.1713463 -03:00,10,0
1857012,26,26-CAMBIO DE HERRAMIENTAS DEBIDO A DESGASTE,682.903,siderca\12985,"CPA,CA15,CFC,CDS,CDT",2025-12-10 07:37:00.7401484 -03:00,1856967,2025-12-10 06:19:03.4772991 -03:00,10,0
1857048,26,26-CAMBIO DE HERRAMIENTAS DEBIDO A DESGASTE,589,siderca\12985,"CPT,CSR,CA15",2025-12-10 08:51:48.2164919 -03:00,1857012,2025-12-10 07:48:23.6430457 -03:00,9,0
1857089,26,26-CAMBIO DE HERRAMIENTAS DEBIDO A DESGASTE,877.396,siderca\12985,"CPA,CA15,CFC,CDS,CDT",2025-12-10 10:19:59.3611062 -03:00,1857048,2025-12-10 09:01:37.2164919 -03:00,10,1
1857137,26,26-CAMBIO DE HERRAMIENTAS DEBIDO A DESGASTE,720.387,siderca\12985,"CPA,CA15,CFC,CDS,CDT",2025-12-10 11:54:00.8596690 -03:00,1857089,2025-12-10 10:34:36.7570092 -03:00,10,0
1857182,26,26-CAMBIO DE HERRAMIENTAS DEBIDO A DESGASTE,416.523,siderca\17701,"CPT,CSR,CA15",2025-12-10 13:22:16.8837108 -03:00,1857137,2025-12-10 12:06:01.2461633 -03:00,9,1
1857221,26,26-CAMBIO DE HERRAMIENTAS DEBIDO A DESGASTE,511.613,siderca\17701,"CPA,CA15,CFC,CDS",2025-12-10 14:34:53.9621507 -03:00,1857182,2025-12-10 13:29:13.4061166 -03:00,10,0
1857258,26,26-CAMBIO DE HERRAMIENTAS DEBIDO A DESGASTE,163.691,siderca\17701,CA15,2025-12-10 15:48:31.4113390 -03:00,1857221,2025-12-10 14:43:25.5757738 -03:00,9,0
1857294,26,26-CAMBIO DE HERRAMIENTAS DEBIDO A DESGASTE,465.677,siderca\17701,"CPT,CPA,CSR,CA15,CFC,CDS",2025-12-10 16:58:23.6218220 -03:00,1857258,2025-12-10 15:51:15.1024415 -03:00,10,1
1857320,26,26-CAMBIO DE HERRAMIENTAS DEBIDO A DESGASTE,202,siderca\17701,CA15,2025-12-10 18:09:49.7652979 -03:00,1857294,2025-12-10 17:06:09.2986886 -03:00,9,0
1857360,26,26-CAMBIO DE HERRAMIENTAS DEBIDO A DESGASTE,428.02,siderca\17701,"CPA,CA15,CFC,CDS",2025-12-10 19:24:49.3300564 -03:00,1857320,2025-12-10 18:13:11.7652979 -03:00,10,1
1857459,26,26-CAMBIO DE HERRAMIENTAS DEBIDO A DESGASTE,640,siderca\60062291,"CPA,GA15,CFC,GFC,GDS,CDT",2025-12-10 22:14:35.0523075 -03:00,1857360,2025-12-10 19:31:57.3504214 -03:00,17,4
1857522,26,26-CAMBIO DE HERRAMIENTAS DEBIDO A DESGASTE,297.243,siderca\60062291,CDT,2025-12-11 00:40:25.0361644 -03:00,1857459,2025-12-10 22:25:15.0523075 -03:00,10,0
1857550,26,26-CAMBIO DE HERRAMIENTAS DEBIDO A DESGASTE,654,siderca\60062291,"CPT,CPA,GSR,GA15,GFC,GDS,CDT",2025-12-11 01:33:20.4653932 -03:00,1857522,2025-12-11 00:45:22.2790863 -03:00,6,1
1857589,26,26-CAMBIO DE HERRAMIENTAS DEBIDO A DESGASTE,254.701,siderca\60062291,CDT,2025-12-11 02:57:49.6640087 -03:00,1857550,2025-12-11 01:44:14.4653932 -03:00,10,0
1857622,26,26-CAMBIO DE HERRAMIENTAS DEBIDO A DESGASTE,790.121,siderca\60062291,"CPA,GA15,CFC,GFC,GDS,CDT",2025-12-11 03:57:01.4933726 -03:00,1857589,2025-12-11 03:02:04.3651443 -03:00,8,0
1857682,26,26-CAMBIO DE HERRAMIENTAS DEBIDO A DESGASTE,750.197,siderca\12985,"CPT,CSR,CA15,GA15",2025-12-11 05:25:23.4102167 -03:00,1857622,2025-12-11 04:10:11.6148488 -03:00,10,0
1857781,26,26-CAMBIO DE HERRAMIENTAS DEBIDO A DESGASTE,265.724,siderca\12985,CDS,2025-12-11 08:36:32.1982748 -03:00,1857682,2025-12-11 05:37:53.6070838 -03:00,12,9
1857796,26,26-CAMBIO DE HERRAMIENTAS DEBIDO A DESGASTE,386.34,siderca\12985,"CA15,GA15",2025-12-11 09:11:10.6034432 -03:00,1857781,2025-12-11 08:40:57.9220700 -03:00,3,0
1857813,26,26-CAMBIO DE HERRAMIENTAS DEBIDO A DESGASTE,209,siderca\12985,CDT,2025-12-11 09:43:18.1880683 -03:00,1857796,2025-12-11 09:17:36.9434557 -03:00,2,0
1857865,26,26-CAMBIO DE HERRAMIENTAS DEBIDO A DESGASTE,931.779,siderca\12985,"CPT,CPA,CSR,CA15,CDS,CDT",2025-12-11 11:40:22.8826729 -03:00,1857813,2025-12-11 09:46:47.1880683 -03:00,10,1
1857933,26,26-CAMBIO DE HERRAMIENTAS DEBIDO A DESGASTE,376.914,siderca\17701,"CA15,CFC",2025-12-11 13:34:59.0280588 -03:00,1857865,2025-12-11 11:55:54.6614135 -03:00,10,0
1857981,26,26-CAMBIO DE HERRAMIENTAS DEBIDO A DESGASTE,510,siderca\17701,"CPA,CA15,CFC,CDS",2025-12-11 15:24:07.0283494 -03:00,1857933,2025-12-11 13:41:15.9422272 -03:00,12,1
1858008,26,26-CAMBIO DE HERRAMIENTAS DEBIDO A DESGASTE,526.181,siderca\17701,"CPT,CSR,CA15",2025-12-11 16:24:17.0346471 -03:00,1857981,2025-12-11 15:32:37.0283494 -03:00,6,0
1858051,26,26-CAMBIO DE HERRAMIENTAS DEBIDO A DESGASTE,515.965,siderca\17701,"CPA,CA15,CFC,CDS",2025-12-11 17:56:36.9995240 -03:00,1858008,2025-12-11 16:33:03.2156703 -03:00,9,0
1858112,26,26-CAMBIO DE HERRAMIENTAS DEBIDO A DESGASTE,381.114,siderca\17701,"CA15,CFC",2025-12-11 19:34:23.2277739 -03:00,1858051,2025-12-11 18:05:12.9649786 -03:00,10,0
1858193,26,26-CAMBIO DE HERRAMIENTAS DEBIDO A DESGASTE,944.577,siderca\60062291,"CPT,CPA,GSR,GA15,CFC,GFC,GDS,CDT",2025-12-11 21:24:26.7223697 -03:00,1858112,2025-12-11 19:40:44.3419244 -03:00,11,0
1858265,26,26-CAMBIO DE HERRAMIENTAS DEBIDO A DESGASTE,180.668,siderca\60062291,"GA15,CDT",2025-12-11 23:03:19.8629105 -03:00,1858193,2025-12-11 21:40:11.2992188 -03:00,9,0
1858298,26,26-CAMBIO DE HERRAMIENTAS DEBIDO A DESGASTE,719.676,siderca\60062291,"CPA,CA15,GFC,GDS,CDT",2025-12-12 00:25:21.3075080 -03:00,1858265,2025-12-11 23:06:20.5308113 -03:00,10,0
1858356,26,26-CAMBIO DE HERRAMIENTAS DEBIDO A DESGASTE,586.214,siderca\60062291,"CPT,CSR,GSR,GA15,CDT",2025-12-12 01:54:46.9794714 -03:00,1858298,2025-12-12 00:37:20.9835993 -03:00,9,0
1858411,26,26-CAMBIO DE HERRAMIENTAS DEBIDO A DESGASTE,688,siderca\60062291,"CPA,GA15,GFC,CDS,CDT",2025-12-12 03:30:32.1897285 -03:00,1858356,2025-12-12 02:04:33.1931442 -03:00,8,0
1858485,26,26-CAMBIO DE HERRAMIENTAS DEBIDO A DESGASTE,415.875,siderca\12985,CA15,2025-12-12 05:13:16.1454622 -03:00,1858411,2025-12-12 03:42:00.1897285 -03:00,10,0
1858550,26,26-CAMBIO DE HERRAMIENTAS DEBIDO A DESGASTE,852,siderca\12985,"CPT,CPA,CSR,CA15,CFC,CDS,CDT",2025-12-12 06:37:26.1387571 -03:00,1858485,2025-12-12 05:20:12.0208918 -03:00,9,0
1858598,26,26-CAMBIO DE HERRAMIENTAS DEBIDO A DESGASTE,326,siderca\12985,CA15,2025-12-12 08:22:04.1592852 -03:00,1858550,2025-12-12 06:51:38.1387571 -03:00,11,0
1858645,26,26-CAMBIO DE HERRAMIENTAS DEBIDO A DESGASTE,712.074,siderca\12985,"CPA,CA15,CDS,CDT",2025-12-12 09:49:46.4833368 -03:00,1858598,2025-12-12 08:27:30.1592852 -03:00,10,0
1858698,26,26-CAMBIO DE HERRAMIENTAS DEBIDO A DESGASTE,876,siderca\12985,"CPT,CPA,CSR,CA15,CFC,CDS,CDT",2025-12-12 11:18:11.3768702 -03:00,1858645,2025-12-12 10:01:38.5577221 -03:00,9,0
1858786,26,26-CAMBIO DE HERRAMIENTAS DEBIDO A DESGASTE,668,siderca\60062291,"CPA,GA15,CFC,GFC,GDS,CDT",2025-12-12 13:25:47.5400126 -03:00,1858698,2025-12-12 11:32:47.3768702 -03:00,10,0
1858842,26,26-CAMBIO DE HERRAMIENTAS DEBIDO A DESGASTE,246,siderca\60062291,CDT,2025-12-12 14:57:20.9368231 -03:00,1858786,2025-12-12 13:36:55.5400126 -03:00,10,0
1858932,26,26-CAMBIO DE HERRAMIENTAS DEBIDO A DESGASTE,924,siderca\60062291,"CPT,CPA,GSR,CA15,GFC,CDS,CDT",2025-12-12 17:32:12.5508588 -03:00,1858842,2025-12-12 15:01:26.9368231 -03:00,7,0
1859005,26,26-CAMBIO DE HERRAMIENTAS DEBIDO A DESGASTE,310.175,siderca\60062291,CDT,2025-12-12 19:35:47.7777505 -03:00,1858932,2025-12-12 17:47:36.5508588 -03:00,10,1
1859084,26,26-CAMBIO DE HERRAMIENTAS DEBIDO A DESGASTE,688.801,siderca\17701,"CPA,CA15,CFC,CDS",2025-12-12 21:33:43.7215946 -03:00,1859005,2025-12-12 19:40:57.9522935 -03:00,9,1
1859137,26,26-CAMBIO DE HERRAMIENTAS DEBIDO A DESGASTE,513,siderca\17701,"CPT,CSR,CA15",2025-12-12 23:03:37.9159799 -03:00,1859084,2025-12-12 21:45:12.5228682 -03:00,9,0
1859198,26,26-CAMBIO DE HERRAMIENTAS DEBIDO A DESGASTE,520,siderca\17701,"CPA,CA15,CFC,CDS",2025-12-13 00:38:33.7867685 -03:00,1859137,2025-12-12 23:12:10.9159799 -03:00,10,0
1859264,26,26-CAMBIO DE HERRAMIENTAS DEBIDO A DESGASTE,476.319,siderca\17701,"CA15,CFC,CDS",2025-12-13 02:07:46.2299751 -03:00,1859198,2025-12-13 00:47:13.7867685 -03:00,10,0
1859308,26,26-CAMBIO DE HERRAMIENTAS DEBIDO A DESGASTE,687,siderca\17701,"CPT,CPA,CSR,CA15,CFC,CDS",2025-12-13 03:16:48.3317894 -03:00,1859264,2025-12-13 02:15:42.5480312 -03:00,8,0
1859355,26,26-CAMBIO DE HERRAMIENTAS DEBIDO A DESGASTE,265,siderca\17701,CA15,2025-12-13 04:40:42.3932082 -03:00,1859308,2025-12-13 03:28:15.3317894 -03:00,7,0
1859368,26,26-CAMBIO DE HERRAMIENTAS DEBIDO A DESGASTE,169.185,siderca\12985,CA15,2025-12-13 04:57:10.8154159 -03:00,1859355,2025-12-13 04:45:07.3932082 -03:00,1,0
1859432,26,26-CAMBIO DE HERRAMIENTAS DEBIDO A DESGASTE,800,siderca\12985,"CPA,CA15,CFC,CDS,CDT",2025-12-13 06:17:33.7872260 -03:00,1859368,2025-12-13 05:00:00.0000000 -03:00,9,0
1859514,26,26-CAMBIO DE HERRAMIENTAS DEBIDO A DESGASTE,628.461,siderca\12985,"CPT,CSR,CA15",2025-12-13 08:24:11.8893806 -03:00,1859432,2025-12-13 06:30:53.7872260 -03:00,11,0
1859577,26,26-CAMBIO DE HERRAMIENTAS DEBIDO A DESGASTE,856,siderca\12985,"CPA,CA15,CFC,CDS,CDT",2025-12-13 09:58:44.9661161 -03:00,1859514,2025-12-13 08:34:40.3504683 -03:00,9,0
1859662,26,26-CAMBIO DE HERRAMIENTAS DEBIDO A DESGASTE,207.284,siderca\12985,CA15,2025-12-13 12:14:19.9624780 -03:00,1859577,2025-12-13 10:13:00.9661161 -03:00,10,0
1859733,26,26-CAMBIO DE HERRAMIENTAS DEBIDO A DESGASTE,809.135,siderca\17701,"CPT,CPA,CSR,CA15,CFC,CDS",2025-12-13 13:37:34.5647708 -03:00,1859662,2025-12-13 12:17:47.2466839 -03:00,10,0
1859966,26,26-CAMBIO DE HERRAMIENTAS DEBIDO A DESGASTE,653.816,siderca\17701,"CPA,CA15,CFC,CDS",2025-12-15 06:29:17.8595671 -03:00,1859733,2025-12-13 13:51:03.6991428 -03:00,21,0
1860014,26,26-CAMBIO DE HERRAMIENTAS DEBIDO A DESGASTE,441,siderca\17701,"CPT,CSR,CA15",2025-12-15 07:42:54.9988801 -03:00,1859966,2025-12-15 06:40:11.6757662 -03:00,6,0
1860077,26,26-CAMBIO DE HERRAMIENTAS DEBIDO A DESGASTE,506.947,siderca\17701,"CPA,CA15,CFC,CDS",2025-12-15 09:18:52.6538683 -03:00,1860014,2025-12-15 07:50:15.9988801 -03:00,9,0
1860137,26,26-CAMBIO DE HERRAMIENTAS DEBIDO A DESGASTE,211,siderca\17701,CA15,2025-12-15 10:50:29.5569443 -03:00,1860077,2025-12-15 09:27:19.6009074 -03:00,9,0
1860190,26,26-CAMBIO DE HERRAMIENTAS DEBIDO A DESGASTE,732.517,siderca\17701,"CPT,CPA,CSR,CA15,CFC,CDS",2025-12-15 12:13:27.6453174 -03:00,1860137,2025-12-15 10:54:00.5569443 -03:00,10,0
1860272,26,26-CAMBIO DE HERRAMIENTAS DEBIDO A DESGASTE,219,siderca\60062291,"GA15,CDT",2025-12-15 14:08:27.4630229 -03:00,1860190,2025-12-15 12:25:40.1621502 -03:00,9,0
1860334,26,26-CAMBIO DE HERRAMIENTAS DEBIDO A DESGASTE,920.399,siderca\60062291,"CPT,CPA,GSR,GA15,CFC,GFC,GDS,CDT",2025-12-15 15:30:12.0548881 -03:00,1860272,2025-12-15 14:12:06.4630229 -03:00,10,0
1860396,26,26-CAMBIO DE HERRAMIENTAS DEBIDO A DESGASTE,400.481,siderca\60062291,"GA15,CDT",2025-12-15 17:03:34.9038959 -03:00,1860334,2025-12-15 15:45:32.4538150 -03:00,9,0
1860450,26,26-CAMBIO DE HERRAMIENTAS DEBIDO A DESGASTE,900,siderca\60062291,"CPT,CPA,CSR,CA15,CFC,GFC,GDS,CDT",2025-12-15 18:31:55.1367401 -03:00,1860396,2025-12-15 17:10:15.3848026 -03:00,10,0
1860519,26,26-CAMBIO DE HERRAMIENTAS DEBIDO A DESGASTE,622.201,siderca\60062291,"GA15,CDT",2025-12-15 20:07:36.7618962 -03:00,1860450,2025-12-15 18:46:55.1367401 -03:00,10,0
1860609,26,26-CAMBIO DE HERRAMIENTAS DEBIDO A DESGASTE,600.638,siderca\12985,"CPA,CA15,CDS,CDT",2025-12-15 21:48:46.8397466 -03:00,1860519,2025-12-15 20:17:58.9620931 -03:00,10,0
1860663,26,26-CAMBIO DE HERRAMIENTAS DEBIDO A DESGASTE,764,siderca\12985,"CPT,CSR,CA15,CDT",2025-12-15 23:14:21.9654086 -03:00,1860609,2025-12-15 21:58:47.4770483 -03:00,9,0
1860734,26,26-CAMBIO DE HERRAMIENTAS DEBIDO A DESGASTE,720.562,siderca\12985,"CPA,CA15,CFC,CDS,CDT",2025-12-16 01:12:27.4357236 -03:00,1860663,2025-12-15 23:27:05.9654086 -03:00,12,0
1860790,26,26-CAMBIO DE HERRAMIENTAS DEBIDO A DESGASTE,451,siderca\12985,"CA15,CFC,GFC,CDS,CDT",2025-12-16 03:00:41.3391378 -03:00,1860734,2025-12-16 01:24:27.9973913 -03:00,11,0
1860858,26,26-CAMBIO DE HERRAMIENTAS DEBIDO A DESGASTE,660.072,siderca\12985,"CPT,CPA,CSR,CA15,CDS,CDT",2025-12-16 04:32:46.6909550 -03:00,1860790,2025-12-16 03:08:12.3391378 -03:00,10,0
1860935,26,26-CAMBIO DE HERRAMIENTAS DEBIDO A DESGASTE,417.273,siderca\17701,"CPA,CA15,CFC",2025-12-16 06:13:33.0549956 -03:00,1860858,2025-12-16 04:43:46.7625910 -03:00,8,0
1860997,26,26-CAMBIO DE HERRAMIENTAS DEBIDO A DESGASTE,660.667,siderca\17701,"CPA,CA15,CFC,CDS",2025-12-16 07:41:11.8237784 -03:00,1860935,2025-12-16 06:20:30.3270216 -03:00,9,0
1861043,26,26-CAMBIO DE HERRAMIENTAS DEBIDO A DESGASTE,574,siderca\17701,"CPT,CSR,CA15",2025-12-16 09:07:56.2508675 -03:00,1860997,2025-12-16 07:52:12.4909604 -03:00,9,0
1861094,26,26-CAMBIO DE HERRAMIENTAS DEBIDO A DESGASTE,441.413,siderca\17701,"CPA,CA15,CFC,CDS",2025-12-16 10:39:11.1927457 -03:00,1861043,2025-12-16 09:17:30.2508675 -03:00,10,0
1861144,26,26-CAMBIO DE HERRAMIENTAS DEBIDO A DESGASTE,322,siderca\17701,"CA15,CFC",2025-12-16 12:01:36.8415544 -03:00,1861094,2025-12-16 10:46:32.6054599 -03:00,10,0
1861205,26,26-CAMBIO DE HERRAMIENTAS DEBIDO A DESGASTE,895,siderca\60062291,"CPT,CPA,CSR,GSR,GA15,CFC,GFC,GDS,CDT",2025-12-16 13:25:18.7990142 -03:00,1861144,2025-12-16 12:06:58.8415544 -03:00,10,0
1861279,26,26-CAMBIO DE HERRAMIENTAS DEBIDO A DESGASTE,263.006,siderca\60062291,"GA15,CDT",2025-12-16 15:08:37.6943037 -03:00,1861205,2025-12-16 13:40:13.7990142 -03:00,10,0
1861360,26,26-CAMBIO DE HERRAMIENTAS DEBIDO A DESGASTE,889.855,siderca\60062291,"CPT,CPA,GSR,GA15,GFC,GDS,CDT",2025-12-16 16:43:24.1781092 -03:00,1861279,2025-12-16 15:13:00.7007638 -03:00,10,1
1861432,26,26-CAMBIO DE HERRAMIENTAS DEBIDO A DESGASTE,581.855,siderca\60062291,"CA15,CDT",2025-12-16 18:23:29.9708075 -03:00,1861360,2025-12-16 16:58:14.0331794 -03:00,10,0
1861491,26,26-CAMBIO DE HERRAMIENTAS DEBIDO A DESGASTE,882.142,siderca\60062291,"CPT,CPA,GSR,GA15,GFC,GDS,CDT",2025-12-16 19:33:17.9150044 -03:00,1861432,2025-12-16 18:33:11.8259306 -03:00,8,0
1861585,26,26-CAMBIO DE HERRAMIENTAS DEBIDO A DESGASTE,660,siderca\12985,"CPT,CPA,CA15,CDS,CDT",2025-12-16 21:07:25.9293827 -03:00,1861491,2025-12-16 19:48:00.0578884 -03:00,8,0
1861672,26,26-CAMBIO DE HERRAMIENTAS DEBIDO A DESGASTE,508.53,siderca\12985,"CA15,CDT",2025-12-16 22:53:13.2794284 -03:00,1861585,2025-12-16 21:18:25.9293827 -03:00,11,1
1861731,26,26-CAMBIO DE HERRAMIENTAS DEBIDO A DESGASTE,972.113,siderca\12985,"CPT,CPA,CSR,CA15,CFC,CDS,CDT",2025-12-17 00:17:05.5288971 -03:00,1861672,2025-12-16 23:01:41.8098332 -03:00,9,0
1861822,26,26-CAMBIO DE HERRAMIENTAS DEBIDO A DESGASTE,592.098,siderca\12985,"CPT,CA15,CDT",2025-12-17 02:08:47.8373237 -03:00,1861731,2025-12-17 00:33:17.6412099 -03:00,11,0
1861888,26,26-CAMBIO DE HERRAMIENTAS DEBIDO A DESGASTE,691,siderca\12985,"CPA,CA15,CFC,CDS,CDT",2025-12-17 03:34:15.0853955 -03:00,1861822,2025-12-17 02:18:39.9356239 -03:00,9,0
1861991,26,26-CAMBIO DE HERRAMIENTAS DEBIDO A DESGASTE,360.51,siderca\17701,"CSR,CA15,CFC",2025-12-17 05:15:17.5375043 -03:00,1861888,2025-12-17 03:45:46.0853955 -03:00,10,0
1862063,26,26-CAMBIO DE HERRAMIENTAS DEBIDO A DESGASTE,662,siderca\17701,"CPT,CPA,CSR,CA15,CFC,CDS",2025-12-17 06:46:35.1039438 -03:00,1861991,2025-12-17 05:21:18.0477996 -03:00,10,0
1862157,26,26-CAMBIO DE HERRAMIENTAS DEBIDO A DESGASTE,532,siderca\17701,"CA15,CFC",2025-12-17 08:41:15.1820537 -03:00,1862063,2025-12-17 06:57:37.1039438 -03:00,11,0
1862236,26,26-CAMBIO DE HERRAMIENTAS DEBIDO A DESGASTE,508.286,siderca\17701,"CPA,CA15,CFC,CDS",2025-12-17 10:09:17.6126818 -03:00,1862157,2025-12-17 08:50:07.1820537 -03:00,10,0
1862296,26,26-CAMBIO DE HERRAMIENTAS DEBIDO A DESGASTE,497.726,siderca\17701,"CPT,CSR,CA15,CFC",2025-12-17 11:36:23.4378985 -03:00,1862236,2025-12-17 10:17:45.8989540 -03:00,10,0
1862402,26,26-CAMBIO DE HERRAMIENTAS DEBIDO A DESGASTE,600,siderca\60062291,"CPA,GA15,GFC,GDS,CDT",2025-12-17 13:37:44.6671699 -03:00,1862296,2025-12-17 11:44:41.1630920 -03:00,11,1
1862445,26,26-CAMBIO DE HERRAMIENTAS DEBIDO A DESGASTE,360.466,siderca\60062291,"GA15,CDT",2025-12-17 15:10:49.6451641 -03:00,1862402,2025-12-17 13:47:44.6671699 -03:00,10,0
1862509,26,26-CAMBIO DE HERRAMIENTAS DEBIDO A DESGASTE,840.786,siderca\60062291,"CPT,CPA,GSR,GA15,CFC,GFC,GDS,CDT",2025-12-17 16:47:07.4036868 -03:00,1862445,2025-12-17 15:16:50.1113111 -03:00,9,2
1862548,26,26-CAMBIO DE HERRAMIENTAS DEBIDO A DESGASTE,418.556,siderca\60062291,"CA15,CDT",2025-12-17 18:19:16.6642526 -03:00,1862509,2025-12-17 17:01:08.1890102 -03:00,9,0
1862617,26,26-CAMBIO DE HERRAMIENTAS DEBIDO A DESGASTE,780.768,siderca\60062291,"CPT,CPA,GSR,GA15,CFC,GFC,CDS,CDT",2025-12-17 19:48:28.2185039 -03:00,1862548,2025-12-17 18:26:15.2202059 -03:00,10,0
1862694,26,26-CAMBIO DE HERRAMIENTAS DEBIDO A DESGASTE,427,siderca\12985,"CA15,CDT",2025-12-17 21:35:30.8260391 -03:00,1862617,2025-12-17 20:01:28.9866875 -03:00,10,0
1862734,26,26-CAMBIO DE HERRAMIENTAS DEBIDO A DESGASTE,606,siderca\12985,"CPA,CA15,CFC,CDS,CDT",2025-12-17 23:01:04.2465587 -03:00,1862694,2025-12-17 21:42:37.8260391 -03:00,10,0
1862792,26,26-CAMBIO DE HERRAMIENTAS DEBIDO A DESGASTE,738,siderca\12985,"CPT,CSR,CA15,CFC,CDS,CDT",2025-12-18 00:30:50.7897769 -03:00,1862734,2025-12-17 23:11:10.2465587 -03:00,10,0
1862920,26,26-CAMBIO DE HERRAMIENTAS DEBIDO A DESGASTE,600.988,siderca\12985,"CPA,CA15,CDS,CDT",2025-12-18 03:56:46.2114169 -03:00,1862792,2025-12-18 00:43:08.7897769 -03:00,13,1
1862986,26,26-CAMBIO DE HERRAMIENTAS DEBIDO A DESGASTE,350,siderca\17701,"CA15,CFC",2025-12-18 05:24:44.7672766 -03:00,1862920,2025-12-18 04:06:47.1996245 -03:00,8,0
1863048,26,26-CAMBIO DE HERRAMIENTAS DEBIDO A DESGASTE,726.613,siderca\17701,"CPT,CPA,CSR,CA15,CFC,CDS",2025-12-18 06:58:59.8358164 -03:00,1862986,2025-12-18 05:30:34.7672766 -03:00,10,0
1863110,26,26-CAMBIO DE HERRAMIENTAS DEBIDO A DESGASTE,375.009,siderca\17701,"CA15,CFC",2025-12-18 08:37:08.8359749 -03:00,1863048,2025-12-18 07:11:06.4480328 -03:00,11,0
1863168,26,26-CAMBIO DE HERRAMIENTAS DEBIDO A DESGASTE,588.522,siderca\17701,"CPA,CA15,CFC,CDS",2025-12-18 10:10:45.6917769 -03:00,1863110,2025-12-18 08:43:23.8447102 -03:00,9,0
1863213,26,26-CAMBIO DE HERRAMIENTAS DEBIDO A DESGASTE,557.559,siderca\17701,"CPT,CSR,CA15,CFC",2025-12-18 11:40:16.1039247 -03:00,1863168,2025-12-18 10:20:34.2133897 -03:00,9,0
1863286,26,26-CAMBIO DE HERRAMIENTAS DEBIDO A DESGASTE,810,siderca\60062291,"CPT,CPA,GSR,GA15,GFC,GDS,CDT",2025-12-18 13:17:43.9991846 -03:00,1863213,2025-12-18 11:49:33.6621514 -03:00,11,0
1863350,26,26-CAMBIO DE HERRAMIENTAS DEBIDO A DESGASTE,304.551,siderca\60062291,"GA15,CDT",2025-12-18 15:19:54.8074524 -03:00,1863286,2025-12-18 13:31:13.9991846 -03:00,11,1
1863379,26,26-CAMBIO DE HERRAMIENTAS DEBIDO A DESGASTE,708.646,siderca\60062291,"CPT,CPA,GSR,GA15,GFC,GDS,CDT",2025-12-18 16:18:09.5609694 -03:00,1863350,2025-12-18 15:24:59.3589139 -03:00,6,0
1863445,26,26-CAMBIO DE HERRAMIENTAS DEBIDO A DESGASTE,420,siderca\60062291,"CPT,CA15,CDT",2025-12-18 17:51:14.7195747 -03:00,1863379,2025-12-18 16:29:58.2061540 -03:00,9,0
1863484,26,26-CAMBIO DE HERRAMIENTAS DEBIDO A DESGASTE,782,siderca\60062291,"CPT,CPA,CSR,GSR,GA15,GFC,CDS,CDT",2025-12-18 19:28:19.9273106 -03:00,1863445,2025-12-18 17:58:14.7195747 -03:00,10,0
1863608,26,26-CAMBIO DE HERRAMIENTAS DEBIDO A DESGASTE,652.625,siderca\12985,"CPA,CA15,CFC,CDS,CDT",2025-12-18 22:43:45.2994000 -03:00,1863484,2025-12-18 19:41:21.9273106 -03:00,21,0
1863668,26,26-CAMBIO DE HERRAMIENTAS DEBIDO A DESGASTE,645.54,siderca\12985,"CPT,CSR,CA15,CDT",2025-12-19 00:11:31.1365875 -03:00,1863608,2025-12-18 22:54:37.9246837 -03:00,10,0
1863716,26,26-CAMBIO DE HERRAMIENTAS DEBIDO A DESGASTE,720.363,siderca\12985,"CPA,CA15,CFC,CDS,CDT",2025-12-19 02:01:56.1053327 -03:00,1863668,2025-12-19 00:22:16.6763313 -03:00,10,0
1863763,26,26-CAMBIO DE HERRAMIENTAS DEBIDO A DESGASTE,720.964,siderca\12985,"CPT,CPA,CSR,CA15,CDT",2025-12-19 03:33:47.6283033 -03:00,1863716,2025-12-19 02:13:56.4682877 -03:00,10,0
1863829,26,26-CAMBIO DE HERRAMIENTAS DEBIDO A DESGASTE,703.784,siderca\17701,"CPA,CA15,CFC,CDS",2025-12-19 05:18:37.9448376 -03:00,1863763,2025-12-19 03:45:48.5927977 -03:00,11,1
1863885,26,26-CAMBIO DE HERRAMIENTAS DEBIDO A DESGASTE,364.094,siderca\17701,"CA15,CFC",2025-12-19 06:46:42.2727210 -03:00,1863829,2025-12-19 05:30:21.7286334 -03:00,9,0
1863941,26,26-CAMBIO DE HERRAMIENTAS DEBIDO A DESGASTE,765.839,siderca\17701,"CPT,CPA,CSR,CA15,CFC,CDS",2025-12-19 08:09:06.5925169 -03:00,1863885,2025-12-19 06:52:46.3662845 -03:00,10,0
1863999,26,26-CAMBIO DE HERRAMIENTAS DEBIDO A DESGASTE,478.95,siderca\17701,"CA15,CFC",2025-12-19 09:49:39.3309142 -03:00,1863941,2025-12-19 08:21:52.4312853 -03:00,10,0
1864049,26,26-CAMBIO DE HERRAMIENTAS DEBIDO A DESGASTE,537.708,siderca\17701,"CPA,CA15,CFC,CDS",2025-12-19 11:23:22.2194681 -03:00,1863999,2025-12-19 09:57:38.2806374 -03:00,9,0
1864097,26,26-CAMBIO DE HERRAMIENTAS DEBIDO A DESGASTE,433.784,siderca\17701,"CPT,CSR,CA15,CFC",2025-12-19 12:40:14.5088410 -03:00,1864049,2025-12-19 11:32:19.9278098 -03:00,8,0
1864164,26,26-CAMBIO DE HERRAMIENTAS DEBIDO A DESGASTE,661.031,siderca\60062291,"CPA,CA15,GFC,GDS,CDT",2025-12-19 14:11:22.7467602 -03:00,1864097,2025-12-19 12:47:28.2920375 -03:00,9,0
1864228,26,26-CAMBIO DE HERRAMIENTAS DEBIDO A DESGASTE,403,siderca\60062291,"GA15,CDT",2025-12-19 15:50:29.0675468 -03:00,1864164,2025-12-19 14:22:23.7771425 -03:00,9,0
1864305,26,26-CAMBIO DE HERRAMIENTAS DEBIDO A DESGASTE,840.459,siderca\60062291,"CPT,CPA,GSR,GA15,CFC,GFC,CDS,CDT",2025-12-19 17:33:16.3947143 -03:00,1864228,2025-12-19 15:57:12.0675468 -03:00,10,0
1864372,26,26-CAMBIO DE HERRAMIENTAS DEBIDO A DESGASTE,360.103,siderca\60062291,"GA15,CDT",2025-12-19 19:54:44.3411400 -03:00,1864305,2025-12-19 17:47:16.8531778 -03:00,9,0
1864483,26,26-CAMBIO DE HERRAMIENTAS DEBIDO A DESGASTE,717.937,siderca\12985,"CPA,CA15,CFC,CDS,CDT",2025-12-19 22:35:32.2766901 -03:00,1864372,2025-12-19 20:00:44.4446146 -03:00,8,0
1864530,26,26-CAMBIO DE HERRAMIENTAS DEBIDO A DESGASTE,821.03,siderca\12985,"CPT,CSR,CA15,CFC,CDS,CDT",2025-12-20 00:14:54.1450983 -03:00,1864483,2025-12-19 22:47:30.2139012 -03:00,9,2
1864580,26,26-CAMBIO DE HERRAMIENTAS DEBIDO A DESGASTE,707.421,siderca\12985,"CPA,CA15,CFC,CDS,CDT",2025-12-20 01:49:29.6042739 -03:00,1864530,2025-12-20 00:28:35.1751677 -03:00,9,0
1864655,26,26-CAMBIO DE HERRAMIENTAS DEBIDO A DESGASTE,540.444,siderca\12985,"CA15,CFC,CDS,CDT",2025-12-20 03:22:20.2562780 -03:00,1864580,2025-12-20 02:01:17.0257917 -03:00,9,0
1864670,26,26-CAMBIO DE HERRAMIENTAS DEBIDO A DESGASTE,844.392,siderca\12985,"CPT,CPA,CSR,CA15,CDS,CDT",2025-12-20 04:24:42.9647571 -03:00,1864655,2025-12-20 03:31:20.7004006 -03:00,6,0
1865726,26,26-CAMBIO DE HERRAMIENTAS DEBIDO A DESGASTE,490.415,siderca\12985,"GA15,CFC,GFC,CDT",2025-12-20 05:51:13.4955276 -03:00,1864670,2025-12-20 04:38:47.3560955 -03:00,7,0
1865788,26,26-CAMBIO DE HERRAMIENTAS DEBIDO A DESGASTE,840.023,siderca\60062291,"CPT,CPA,GSR,GA15,GFC,GDS,CDT",2025-12-20 07:15:10.6292032 -03:00,1865726,2025-12-20 05:59:23.9104942 -03:00,9,0
1865859,26,26-CAMBIO DE HERRAMIENTAS DEBIDO A DESGASTE,300,siderca\60062291,"GA15,CDT",2025-12-20 08:55:17.5880121 -03:00,1865788,2025-12-20 07:29:10.6523506 -03:00,10,0
1865901,26,26-CAMBIO DE HERRAMIENTAS DEBIDO A DESGASTE,673.925,siderca\60062291,"CPA,CA15,CFC,GFC,CDS,GDS,CDT",2025-12-20 10:13:05.2590431 -03:00,1865859,2025-12-20 09:00:17.5880121 -03:00,8,0
1865958,26,26-CAMBIO DE HERRAMIENTAS DEBIDO A DESGASTE,540.681,siderca\60062291,"CPT,CSR,GSR,GA15,CDT",2025-12-20 11:46:41.8615637 -03:00,1865901,2025-12-20 10:24:19.1849520 -03:00,9,0
1866025,26,26-CAMBIO DE HERRAMIENTAS DEBIDO A DESGASTE,601.505,siderca\17701,"CPA,CA15,CFC,CDS",2025-12-20 13:26:36.3729261 -03:00,1865958,2025-12-20 11:55:42.5426134 -03:00,11,0
1866076,26,26-CAMBIO DE HERRAMIENTAS DEBIDO A DESGASTE,364,siderca\17701,"CA15,CFC",2025-12-20 14:52:58.2499386 -03:00,1866025,2025-12-20 13:36:37.8770791 -03:00,9,0
1866135,26,26-CAMBIO DE HERRAMIENTAS DEBIDO A DESGASTE,738.683,siderca\17701,"CPT,CPA,CSR,CA15,CFC,CDS",2025-12-20 16:19:19.2223177 -03:00,1866076,2025-12-20 14:59:02.2499386 -03:00,10,0
1866202,26,26-CAMBIO DE HERRAMIENTAS DEBIDO A DESGASTE,322.15,siderca\17701,"CA15,CFC",2025-12-20 18:11:57.1870900 -03:00,1866135,2025-12-20 16:31:37.9050143 -03:00,11,0
1866267,26,26-CAMBIO DE HERRAMIENTAS DEBIDO A DESGASTE,604,siderca\17701,"CPA,CA15,CFC,CDS",2025-12-20 19:33:40.4447945 -03:00,1866202,2025-12-20 18:17:19.3379505 -03:00,10,0
1866348,26,26-CAMBIO DE HERRAMIENTAS DEBIDO A DESGASTE,815.663,siderca\12985,"CPT,CSR,CA15,CFC,CDS,CDT",2025-12-20 21:11:38.3378857 -03:00,1866267,2025-12-20 19:43:44.4447945 -03:00,11,0
1866403,26,26-CAMBIO DE HERRAMIENTAS DEBIDO A DESGASTE,794,siderca\12985,"CPA,CA15,CFC,CDT",2025-12-20 22:45:01.3992393 -03:00,1866348,2025-12-20 21:25:14.0007715 -03:00,9,0
1866458,26,26-CAMBIO DE HERRAMIENTAS DEBIDO A DESGASTE,546.975,siderca\12985,"CA15,CFC,CDS,CDT",2025-12-21 00:18:31.9918792 -03:00,1866403,2025-12-20 22:58:15.3992393 -03:00,10,0
1866507,26,26-CAMBIO DE HERRAMIENTAS DEBIDO A DESGASTE,719.776,siderca\12985,"CPT,CPA,CSR,CA15,CDS,CDT",2025-12-21 01:47:26.5052357 -03:00,1866458,2025-12-21 00:27:38.9663298 -03:00,10,0
1867599,26,26-CAMBIO DE HERRAMIENTAS DEBIDO A DESGASTE,420.68,siderca\12985,"CA15,CDS,CDT",2025-12-21 03:34:53.7128077 -03:00,1866507,2025-12-21 01:59:26.2812386 -03:00,11,1
1867703,26,26-CAMBIO DE HERRAMIENTAS DEBIDO A DESGASTE,780.133,siderca\60062291,"CPT,CPA,GSR,GA15,GFC,GDS,CDT",2025-12-22 05:06:14.0000000 -03:00,1867599,2025-12-21 03:41:54.3925350 -03:00,5,0
1867769,26,26-CAMBIO DE HERRAMIENTAS DEBIDO A DESGASTE,300.445,siderca\60062291,"GA15,CDT",2025-12-22 06:53:25.3362747 -03:00,1867703,2025-12-22 05:19:14.1339529 -03:00,10,1
1867820,26,26-CAMBIO DE HERRAMIENTAS DEBIDO A DESGASTE,938.346,siderca\60062291,"CPT,CPA,CSR,GSR,CA15,GFC,CDS,GDS,CDT",2025-12-22 08:14:42.2723901 -03:00,1867769,2025-12-22 06:58:25.7812759 -03:00,9,0
1867884,26,26-CAMBIO DE HERRAMIENTAS DEBIDO A DESGASTE,574.924,siderca\60062291,"GA15,CDT",2025-12-22 10:05:23.9460570 -03:00,1867820,2025-12-22 08:30:20.6183664 -03:00,10,1
1867924,26,26-CAMBIO DE HERRAMIENTAS DEBIDO A DESGASTE,790,siderca\60062291,"CPT,CPA,GSR,GA15,GFC,GDS,CDT",2025-12-22 11:23:33.6176001 -03:00,1867884,2025-12-22 10:14:58.8707255 -03:00,8,0
1868035,26,26-CAMBIO DE HERRAMIENTAS DEBIDO A DESGASTE,677.707,siderca\12985,"CA15,CDT",2025-12-22 13:50:55.1673335 -03:00,1867924,2025-12-22 11:36:43.6176001 -03:00,12,1
1868091,26,26-CAMBIO DE HERRAMIENTAS DEBIDO A DESGASTE,696,siderca\12985,"CPA,CA15,CFC,CDS,CDT",2025-12-22 15:27:47.1314850 -03:00,1868035,2025-12-22 14:02:12.8743065 -03:00,9,0
1868162,26,26-CAMBIO DE HERRAMIENTAS DEBIDO A DESGASTE,674.115,siderca\12985,"CPT,CSR,CA15,CDT",2025-12-22 17:30:36.8061142 -03:00,1868091,2025-12-22 15:39:23.1314850 -03:00,10,0
1868242,26,26-CAMBIO DE HERRAMIENTAS DEBIDO A DESGASTE,728.329,siderca\12985,"CPA,CA15,CFC,CDS,CDT",2025-12-22 19:58:57.4020401 -03:00,1868162,2025-12-22 17:41:50.9218258 -03:00,10,0
1868326,26,26-CAMBIO DE HERRAMIENTAS DEBIDO A DESGASTE,600.248,siderca\12822,GFC,2025-12-22 21:52:55.2243479 -03:00,1868242,2025-12-22 20:11:05.7317264 -03:00,10,0
1868380,26,26-CAMBIO DE HERRAMIENTAS DEBIDO A DESGASTE,1220.016,siderca\12822,"CPT,CPA,GSR,GA15,GFC,GDS",2025-12-22 23:11:20.4747851 -03:00,1868326,2025-12-22 22:02:55.4726010 -03:00,8,0
1868440,26,26-CAMBIO DE HERRAMIENTAS DEBIDO A DESGASTE,501.795,siderca\12822,GFC,2025-12-23 00:47:46.8496573 -03:00,1868380,2025-12-22 23:31:40.4904820 -03:00,9,0
1868491,26,26-CAMBIO DE HERRAMIENTAS DEBIDO A DESGASTE,981.859,siderca\12822,"CPA,GA15,GFC",2025-12-23 02:20:41.6998980 -03:00,1868440,2025-12-23 00:56:08.6441707 -03:00,10,0
1868551,26,26-CAMBIO DE HERRAMIENTAS DEBIDO A DESGASTE,925.9,siderca\12822,"CPT,GSR,GA15,GFC",2025-12-23 03:53:09.5861250 -03:00,1868491,2025-12-23 02:37:03.5589234 -03:00,10,0
1868625,26,26-CAMBIO DE HERRAMIENTAS DEBIDO A DESGASTE,837,siderca\60062291,"CPT,CPA,GSR,CA15,GA15,CFC,GFC,GDS,CDT",2025-12-23 05:36:47.5238207 -03:00,1868551,2025-12-23 04:08:35.4868680 -03:00,10,0
1868676,26,26-CAMBIO DE HERRAMIENTAS DEBIDO A DESGASTE,317,siderca\60062291,"CA15,GA15,CDT",2025-12-23 07:17:21.6934429 -03:00,1868625,2025-12-23 05:50:44.5238207 -03:00,10,0
1868743,26,26-CAMBIO DE HERRAMIENTAS DEBIDO A DESGASTE,660.909,siderca\60062291,"CPA,GA15,GFC,CDS,GDS,CDT",2025-12-23 08:56:40.9614899 -03:00,1868676,2025-12-23 07:22:38.6934429 -03:00,10,0
1868782,26,26-CAMBIO DE HERRAMIENTAS DEBIDO A DESGASTE,480,siderca\60062291,"CPT,CSR,GSR,GA15,CDT",2025-12-23 10:32:16.3727955 -03:00,1868743,2025-12-23 09:07:41.8707096 -03:00,9,0
1868823,26,26-CAMBIO DE HERRAMIENTAS DEBIDO A DESGASTE,805,siderca\60062291,"CPA,CA15,GA15,GFC,CDS,GDS,CDT",2025-12-23 12:15:48.5863197 -03:00,1868782,2025-12-23 10:40:16.3727955 -03:00,10,3
1868916,26,26-CAMBIO DE HERRAMIENTAS DEBIDO A DESGASTE,240.371,siderca\12985,"CA15,CDT",2025-12-23 14:26:55.4965456 -03:00,1868823,2025-12-23 12:29:13.5863197 -03:00,11,0
1868960,26,26-CAMBIO DE HERRAMIENTAS DEBIDO A DESGASTE,941.283,siderca\12985,"CPT,CPA,GSR,GFC,GDS,CDT",2025-12-23 15:49:27.2774287 -03:00,1868916,2025-12-23 14:30:55.8674568 -03:00,10,0
1869081,26,26-CAMBIO DE HERRAMIENTAS DEBIDO A DESGASTE,404,siderca\12985,"CA15,CDT",2025-12-23 19:06:59.0289167 -03:00,1868960,2025-12-23 16:05:08.5605512 -03:00,14,0
1869184,26,26-CAMBIO DE HERRAMIENTAS DEBIDO A DESGASTE,962.884,siderca\12822,"CPA,GA15,GFC,GDS",2025-12-23 21:20:13.0101322 -03:00,1869081,2025-12-23 19:13:43.0289167 -03:00,12,0
1869257,26,26-CAMBIO DE HERRAMIENTAS DEBIDO A DESGASTE,812.927,siderca\12822,"CPT,GSR,GA15",2025-12-23 22:52:10.0513099 -03:00,1869184,2025-12-23 21:36:15.8944190 -03:00,9,0
1869323,26,26-CAMBIO DE HERRAMIENTAS DEBIDO A DESGASTE,964.736,siderca\12822,"CPA,GA15,GFC,GDS",2025-12-24 00:21:37.6489045 -03:00,1869257,2025-12-23 23:05:42.9781072 -03:00,10,0
1869402,26,26-CAMBIO DE HERRAMIENTAS DEBIDO A DESGASTE,641.908,siderca\12822,"GFC,GDS",2025-12-24 02:00:52.1734306 -03:00,1869323,2025-12-24 00:37:42.3843257 -03:00,9,0
1869488,26,26-CAMBIO DE HERRAMIENTAS DEBIDO A DESGASTE,1080.416,siderca\12822,"CPT,CPA,GSR,GA15,GFC,GDS",2025-12-24 03:38:18.2665334 -03:00,1869402,2025-12-24 02:11:34.0819513 -03:00,9,1
1869576,26,26-CAMBIO DE HERRAMIENTAS DEBIDO A DESGASTE,578,siderca\13020,"GA15,CDT",2025-12-24 05:37:04.0093768 -03:00,1869488,2025-12-24 03:56:18.6824811 -03:00,9,0
1869640,26,26-CAMBIO DE HERRAMIENTAS DEBIDO A DESGASTE,1030.081,siderca\60062291,"CPT,CPA,CSR,GSR,GA15,CFC,GFC,GDS,CDT",2025-12-24 07:09:42.4792626 -03:00,1869576,2025-12-24 05:46:42.0093768 -03:00,9,0
1869723,26,26-CAMBIO DE HERRAMIENTAS DEBIDO A DESGASTE,240.013,siderca\60062291,"CA15,GA15,CDT",2025-12-24 09:01:12.0354997 -03:00,1869640,2025-12-24 07:26:52.5600550 -03:00,11,1
1869790,26,26-CAMBIO DE HERRAMIENTAS DEBIDO A DESGASTE,900,siderca\60062291,"CPT,CPA,GSR,GA15,GFC,GDS,CDT",2025-12-24 10:57:17.0655923 -03:00,1869723,2025-12-24 09:05:12.0487435 -03:00,9,0
1869891,26,26-CAMBIO DE HERRAMIENTAS DEBIDO A DESGASTE,420.79,siderca\12985,"CA15,CDT",2025-12-24 13:13:01.0000000 -03:00,1869790,2025-12-24 11:12:17.0655923 -03:00,10,0
1869908,26,26-CAMBIO DE HERRAMIENTAS DEBIDO A DESGASTE,645,siderca\12985,"CPA,CA15,CFC,CDS,CDT",2025-12-24 14:24:20.7878909 -03:00,1869891,2025-12-24 13:20:01.7906683 -03:00,10,0
1869943,26,26-CAMBIO DE HERRAMIENTAS DEBIDO A DESGASTE,608.488,siderca\12985,"CPT,CSR,CA15,CDT",2025-12-24 15:40:24.1193225 -03:00,1869908,2025-12-24 14:35:05.7878909 -03:00,10,0
1869993,26,26-CAMBIO DE HERRAMIENTAS DEBIDO A DESGASTE,541.003,siderca\12985,"CPA,CA15,CDS,CDT",2025-12-24 16:58:15.4540272 -03:00,1869943,2025-12-24 15:50:32.6074562 -03:00,9,0
1870131,26,26-CAMBIO DE HERRAMIENTAS DEBIDO A DESGASTE,993.14,siderca\60062291,"CPT,CPA,CSR,GSR,GA15,GFC,GDS,CDT",2025-12-26 05:56:56.5392855 -03:00,1869993,2025-12-24 17:07:16.4573267 -03:00,10,0
1870166,26,26-CAMBIO DE HERRAMIENTAS DEBIDO A DESGASTE,295,siderca\60062291,"GA15,CDT",2025-12-26 07:20:22.8542118 -03:00,1870131,2025-12-26 06:13:29.6791904 -03:00,9,0
1870207,26,26-CAMBIO DE HERRAMIENTAS DEBIDO A DESGASTE,904.21,siderca\60062291,"CPT,CPA,CSR,GSR,CA15,GA15,GFC,CDS,GDS,CDT",2025-12-26 08:34:30.8824734 -03:00,1870166,2025-12-26 07:25:17.8542118 -03:00,10,0
1870244,26,26-CAMBIO DE HERRAMIENTAS DEBIDO A DESGASTE,277.586,siderca\60062291,CDT,2025-12-26 09:52:02.3261605 -03:00,1870207,2025-12-26 08:49:35.0927937 -03:00,8,0
1870286,26,26-CAMBIO DE HERRAMIENTAS DEBIDO A DESGASTE,840.257,siderca\60062291,"CPT,CPA,GSR,CA15,GA15,GFC,GDS,CDT",2025-12-26 11:06:34.9054271 -03:00,1870244,2025-12-26 09:56:39.9125450 -03:00,9,0
1870332,26,26-CAMBIO DE HERRAMIENTAS DEBIDO A DESGASTE,240.998,siderca\60062291,"GA15,CDT",2025-12-26 12:53:21.2493477 -03:00,1870286,2025-12-26 11:20:35.1626539 -03:00,10,2
1870377,26,26-CAMBIO DE HERRAMIENTAS DEBIDO A DESGASTE,671,siderca\12985,"CPA,CA15,CFC,CDS,CDT",2025-12-26 14:15:08.9065476 -03:00,1870332,2025-12-26 12:57:22.2470006 -03:00,9,0
1870409,26,26-CAMBIO DE HERRAMIENTAS DEBIDO A DESGASTE,525,siderca\12985,"CPT,CSR,CA15,CDT",2025-12-26 15:31:12.2032253 -03:00,1870377,2025-12-26 14:26:19.9065476 -03:00,10,0
1870453,26,26-CAMBIO DE HERRAMIENTAS DEBIDO A DESGASTE,653.359,siderca\12985,"CPA,CA15,CFC,CDS,CDT",2025-12-26 17:06:42.9334982 -03:00,1870409,2025-12-26 15:39:57.2032253 -03:00,11,0
1870489,26,26-CAMBIO DE HERRAMIENTAS DEBIDO A DESGASTE,431.542,siderca\12985,"CA15,CDS,CDT",2025-12-26 18:21:36.6455899 -03:00,1870453,2025-12-26 17:17:36.2923804 -03:00,9,0
1870520,26,26-CAMBIO DE HERRAMIENTAS DEBIDO A DESGASTE,649.499,siderca\12985,"CPT,CSR,CA15,CDS,CDT",2025-12-26 19:32:39.5167557 -03:00,1870489,2025-12-26 18:28:48.1870343 -03:00,9,0
1870638,26,26-CAMBIO DE HERRAMIENTAS DEBIDO A DESGASTE,1000,siderca\12822,"CPA,GA15,GFC",2025-12-26 23:55:03.7609936 -03:00,1870520,2025-12-26 19:43:29.0153627 -03:00,20,2
1870679,26,26-CAMBIO DE HERRAMIENTAS DEBIDO A DESGASTE,764.335,siderca\12822,"CPT,GSR,GDS",2025-12-27 01:50:27.7957418 -03:00,1870638,2025-12-27 00:11:43.7602991 -03:00,10,0
1870705,26,26-CAMBIO DE HERRAMIENTAS DEBIDO A DESGASTE,682.472,siderca\12822,"CPA,GA15,GFC,GDS",2025-12-27 03:07:03.8765383 -03:00,1870679,2025-12-27 02:03:12.1302569 -03:00,10,0
1870784,26,26-CAMBIO DE HERRAMIENTAS DEBIDO A DESGASTE,900.324,siderca\60062291,"CPT,CPA,CSR,GSR,GA15,GFC,CDS,GDS,CDT",2025-12-27 05:09:46.9113110 -03:00,1870705,2025-12-27 03:18:26.3482788 -03:00,13,0
1870811,26,26-CAMBIO DE HERRAMIENTAS DEBIDO A DESGASTE,375.849,siderca\60062291,"CA15,CDT",2025-12-27 06:46:27.7383519 -03:00,1870784,2025-12-27 05:24:47.2350212 -03:00,11,1
1870838,26,26-CAMBIO DE HERRAMIENTAS DEBIDO A DESGASTE,836.073,siderca\60062291,"CPT,CPA,GSR,GA15,GFC,GDS,CDT",2025-12-27 07:54:50.1126197 -03:00,1870811,2025-12-27 06:52:43.5875216 -03:00,9,0
1870870,26,26-CAMBIO DE HERRAMIENTAS DEBIDO A DESGASTE,216.441,siderca\60062291,"GA15,CDT",2025-12-27 09:21:04.4924551 -03:00,1870838,2025-12-27 08:08:46.1858423 -03:00,11,0
1870893,26,26-CAMBIO DE HERRAMIENTAS DEBIDO A DESGASTE,756.746,siderca\60062291,"CPT,CPA,GSR,GA15,CFC,GFC,CDS,GDS,CDT",2025-12-27 10:22:23.2047919 -03:00,1870870,2025-12-27 09:24:40.9336509 -03:00,9,0
1870918,26,26-CAMBIO DE HERRAMIENTAS DEBIDO A DESGASTE,433,siderca\60062291,"CPT,CA15,CDT",2025-12-27 11:41:43.3216607 -03:00,1870893,2025-12-27 10:34:59.9502120 -03:00,9,0
1870973,26,26-CAMBIO DE HERRAMIENTAS DEBIDO A DESGASTE,622.229,siderca\12985,"CPA,CA15,CFC,CDS,CDT",2025-12-27 13:09:38.4339488 -03:00,1870918,2025-12-27 11:48:56.3216607 -03:00,10,0
1871001,26,26-CAMBIO DE HERRAMIENTAS DEBIDO A DESGASTE,447.024,siderca\12985,"CPT,CSR,CA15,CDT",2025-12-27 14:23:51.0604749 -03:00,1870973,2025-12-27 13:20:00.6621700 -03:00,10,0
1871026,26,26-CAMBIO DE HERRAMIENTAS DEBIDO A DESGASTE,454.034,siderca\12985,"CPA,CA15,CDS,CDT",2025-12-27 15:41:58.8681805 -03:00,1871001,2025-12-27 14:31:18.0845846 -03:00,9,0
1871047,26,26-CAMBIO DE HERRAMIENTAS DEBIDO A DESGASTE,339.237,siderca\12985,"CA15,CDT",2025-12-27 16:53:23.1309387 -03:00,1871026,2025-12-27 15:49:32.9026649 -03:00,10,0
1871075,26,26-CAMBIO DE HERRAMIENTAS DEBIDO A DESGASTE,734,siderca\12985,"CPT,CPA,CSR,CA15,CFC,CDS,CDT",2025-12-27 18:05:03.6835032 -03:00,1871047,2025-12-27 16:59:02.3679413 -03:00,10,1
1871127,26,26-CAMBIO DE HERRAMIENTAS DEBIDO A DESGASTE,333.785,siderca\12985,"CA15,CDT",2025-12-27 20:08:19.8499562 -03:00,1871075,2025-12-27 18:17:17.6835032 -03:00,10,0
1871179,26,26-CAMBIO DE HERRAMIENTAS DEBIDO A DESGASTE,675.166,siderca\12822,"CPA,GA15,GFC,GDS",2025-12-27 21:27:16.6054213 -03:00,1871127,2025-12-27 20:13:53.6341728 -03:00,9,0
1871215,26,26-CAMBIO DE HERRAMIENTAS DEBIDO A DESGASTE,686.223,siderca\12822,"CPT,GSR,GA15,GFC,GDS",2025-12-27 22:55:18.7308409 -03:00,1871179,2025-12-27 21:38:31.7717152 -03:00,9,0
1871250,26,26-CAMBIO DE HERRAMIENTAS DEBIDO A DESGASTE,700.651,siderca\12822,"CPA,GA15,GFC,GDS",2025-12-28 00:18:03.9927603 -03:00,1871215,2025-12-27 23:06:44.9536225 -03:00,10,0
1871279,26,26-CAMBIO DE HERRAMIENTAS DEBIDO A DESGASTE,377.712,siderca\12822,"CPA,GA15,GFC,GDS",2025-12-28 01:33:36.0616132 -03:00,1871250,2025-12-28 00:29:44.6437074 -03:00,10,0
1871309,26,26-CAMBIO DE HERRAMIENTAS DEBIDO A DESGASTE,917.078,siderca\12822,"CPT,CPA,GSR,GA15,GFC,GDS",2025-12-28 02:45:18.3309857 -03:00,1871279,2025-12-28 01:39:53.7736202 -03:00,9,0
1871344,26,26-CAMBIO DE HERRAMIENTAS DEBIDO A DESGASTE,388.453,siderca\12822,GFC,2025-12-28 04:04:27.9389980 -03:00,1871309,2025-12-28 03:00:35.4081547 -03:00,10,0
1871482,26,26-CAMBIO DE HERRAMIENTAS DEBIDO A DESGASTE,780.529,siderca\13066,"CPA,GA15,GFC,CDS,GDS",2025-12-29 05:53:33.7678712 -03:00,1871344,2025-12-28 04:10:56.3917351 -03:00,10,0
1871503,26,26-CAMBIO DE HERRAMIENTAS DEBIDO A DESGASTE,675.007,siderca\13066,"CPT,GSR,GA15",2025-12-29 07:21:22.0977870 -03:00,1871482,2025-12-29 06:06:34.2962356 -03:00,11,0
1871618,26,26-CAMBIO DE HERRAMIENTAS DEBIDO A DESGASTE,967.592,siderca\13066,"CPA,GA15,GFC,CDS,GDS",2025-12-29 11:30:42.2722447 -03:00,1871503,2025-12-29 07:32:37.1047364 -03:00,12,3
1871666,26,26-CAMBIO DE HERRAMIENTAS DEBIDO A DESGASTE,367,siderca\17701,"CA15,CFC",2025-12-29 13:00:00.0000000 -03:00,1871618,2025-12-29 11:46:49.8645470 -03:00,9,0
1871712,26,26-CAMBIO DE HERRAMIENTAS DEBIDO A DESGASTE,597.848,siderca\17701,"CPT,CPA,CSR,CA15,CFC,CDS",2025-12-29 14:14:29.6658713 -03:00,1871666,2025-12-29 13:06:07.0000000 -03:00,10,0
1871753,26,26-CAMBIO DE HERRAMIENTAS DEBIDO A DESGASTE,206.608,siderca\17701,"CA15,CFC",2025-12-29 15:50:49.5250340 -03:00,1871712,2025-12-29 14:24:27.5135821 -03:00,10,0
1871773,26,26-CAMBIO DE HERRAMIENTAS DEBIDO A DESGASTE,415,siderca\17701,"CPA,CA15,CFC,CDS",2025-12-29 16:56:47.9544077 -03:00,1871753,2025-12-29 15:54:16.1339641 -03:00,10,0
1871838,26,26-CAMBIO DE HERRAMIENTAS DEBIDO A DESGASTE,364.471,siderca\17701,"CPT,CSR,CA15,CFC",2025-12-29 18:43:15.9369186 -03:00,1871773,2025-12-29 17:03:42.9544077 -03:00,11,0
1871892,26,26-CAMBIO DE HERRAMIENTAS DEBIDO A DESGASTE,421.294,siderca\17701,"CPA,CA15,CFC,CDS",2025-12-29 20:42:28.7679958 -03:00,1871838,2025-12-29 18:49:20.4074971 -03:00,12,5
1871950,26,26-CAMBIO DE HERRAMIENTAS DEBIDO A DESGASTE,840.408,siderca\60062291,"CPT,CPA,CSR,GSR,CA15,GA15,CFC,GFC,CDS,GDS,CDT",2025-12-29 22:15:47.5060700 -03:00,1871892,2025-12-29 20:49:30.0613907 -03:00,10,0
1871985,26,26-CAMBIO DE HERRAMIENTAS DEBIDO A DESGASTE,472.691,siderca\60062291,"GA15,CDT",2025-12-29 23:40:00.6999773 -03:00,1871950,2025-12-29 22:29:47.9141148 -03:00,11,0
1872015,26,26-CAMBIO DE HERRAMIENTAS DEBIDO A DESGASTE,731.086,siderca\60062291,"CPT,CPA,CSR,GSR,CA15,GA15,GFC,GDS,CDT",2025-12-30 00:42:57.3830940 -03:00,1871985,2025-12-29 23:47:53.3902275 -03:00,9,0
1872057,26,26-CAMBIO DE HERRAMIENTAS DEBIDO A DESGASTE,403.051,siderca\60062291,"GA15,CDT",2025-12-30 02:14:41.5159989 -03:00,1872015,2025-12-30 00:55:08.4695149 -03:00,9,0
1872113,26,26-CAMBIO DE HERRAMIENTAS DEBIDO A DESGASTE,780.182,siderca\60062291,"CPT,CPA,GSR,GA15,GFC,GDS,CDT",2025-12-30 03:29:28.2215254 -03:00,1872057,2025-12-30 02:21:24.5669433 -03:00,10,0
1872148,26,26-CAMBIO DE HERRAMIENTAS DEBIDO A DESGASTE,161.617,siderca\60062291,"GA15,CDT",2025-12-30 04:57:18.3838163 -03:00,1872113,2025-12-30 03:42:28.4037953 -03:00,10,0
1872159,26,26-CAMBIO DE HERRAMIENTAS DEBIDO A DESGASTE,732.648,siderca\60062291,"GA15,CDT",2025-12-30 05:00:00.0000000 -03:00,1872148,2025-12-30 05:00:00.0000000 -03:00,0,0
1872169,26,26-CAMBIO DE HERRAMIENTAS DEBIDO A DESGASTE,0.11,siderca\60062291,"GA15,CDT",2025-12-30 05:12:12.6487794 -03:00,1872159,2025-12-30 05:12:12.6487794 -03:00,0,0
1872205,26,26-CAMBIO DE HERRAMIENTAS DEBIDO A DESGASTE,660.611,siderca\13066,"CPA,GA15,GFC,GDS",2025-12-30 06:16:52.8853033 -03:00,1872169,2025-12-30 05:12:12.7583419 -03:00,10,0
1872228,26,26-CAMBIO DE HERRAMIENTAS DEBIDO A DESGASTE,642.562,siderca\13066,"CPT,GSR,GFC",2025-12-30 07:28:59.1213360 -03:00,1872205,2025-12-30 06:27:53.4969345 -03:00,9,0
1872257,26,26-CAMBIO DE HERRAMIENTAS DEBIDO A DESGASTE,593.852,siderca\13066,"CPA,GA15,GFC,GDS",2025-12-30 08:45:07.4807241 -03:00,1872228,2025-12-30 07:39:41.6839094 -03:00,10,0
1872281,26,26-CAMBIO DE HERRAMIENTAS DEBIDO A DESGASTE,567.262,siderca\13066,"CPT,GSR,GFC",2025-12-30 09:56:05.3362282 -03:00,1872257,2025-12-30 08:55:01.3322508 -03:00,10,0
1872416,26,26-CAMBIO DE HERRAMIENTAS DEBIDO A DESGASTE,300,siderca\17701,"CA15,CFC",2025-12-30 13:15:22.0000000 -03:00,1872281,2025-12-30 10:05:32.5980768 -03:00,17,4
1872456,26,26-CAMBIO DE HERRAMIENTAS DEBIDO A DESGASTE,597.443,siderca\17701,"CPA,CA15,CFC,CDS",2025-12-30 15:20:52.0484092 -03:00,1872416,2025-12-30 13:20:22.0000000 -03:00,12,0
1872502,26,26-CAMBIO DE HERRAMIENTAS DEBIDO A DESGASTE,411.861,siderca\17701,"CPT,CSR,CA15,CFC",2025-12-30 16:39:56.5692463 -03:00,1872456,2025-12-30 15:30:49.4918538 -03:00,10,0
1872590,26,26-CAMBIO DE HERRAMIENTAS DEBIDO A DESGASTE,547,siderca\17701,"CPA,CA15,CFC,CDS",2025-12-30 18:48:26.1846807 -03:00,1872502,2025-12-30 16:46:48.4307842 -03:00,11,0
1872646,26,26-CAMBIO DE HERRAMIENTAS DEBIDO A DESGASTE,225.636,siderca\17701,"CA15,CFC",2025-12-30 20:08:10.2268707 -03:00,1872590,2025-12-30 18:57:33.1846807 -03:00,11,0
1872731,26,26-CAMBIO DE HERRAMIENTAS DEBIDO A DESGASTE,840.239,siderca\60062291,"CPT,CPA,GSR,GA15,GFC,CDS,GDS,CDT",2025-12-30 21:20:15.9983999 -03:00,1872646,2025-12-30 20:11:55.8627321 -03:00,9,0
1872771,26,26-CAMBIO DE HERRAMIENTAS DEBIDO A DESGASTE,482.573,siderca\60062291,"GA15,CFC,CDT",2025-12-30 22:56:46.8452187 -03:00,1872731,2025-12-30 21:34:16.2372421 -03:00,10,3
1872807,26,26-CAMBIO DE HERRAMIENTAS DEBIDO A DESGASTE,677.453,siderca\60062291,"CPT,CPA,GSR,GA15,GFC,GDS,CDT",2025-12-30 23:59:52.3488477 -03:00,1872771,2025-12-30 23:04:49.4181691 -03:00,9,0
1872877,26,26-CAMBIO DE HERRAMIENTAS DEBIDO A DESGASTE,513.775,siderca\60062291,"CA15,CDT",2025-12-31 02:22:21.7867106 -03:00,1872807,2025-12-31 00:11:09.8016877 -03:00,10,0
1872917,26,26-CAMBIO DE HERRAMIENTAS DEBIDO A DESGASTE,653,siderca\60062291,"CPA,GA15,GFC,CDS,GDS,CDT",2025-12-31 03:40:17.0669751 -03:00,1872877,2025-12-31 02:30:55.5611691 -03:00,10,2
1872982,26,26-CAMBIO DE HERRAMIENTAS DEBIDO A DESGASTE,0.094,siderca\13066,"CPT,GSR,GA15,GDS",2025-12-31 05:01:51.5649596 -03:00,1872917,2025-12-31 03:51:10.0669751 -03:00,9,0
1872988,26,26-CAMBIO DE HERRAMIENTAS DEBIDO A DESGASTE,618.683,siderca\13066,"CPT,GSR,GA15,GDS",2025-12-31 05:08:54.6587112 -03:00,1872982,2025-12-31 05:01:51.6587112 -03:00,1,0
1873054,26,26-CAMBIO DE HERRAMIENTAS DEBIDO A DESGASTE,622,siderca\13066,"CPA,GA15,GFC,GDS",2025-12-31 07:14:40.1907026 -03:00,1872988,2025-12-31 05:19:13.3415667 -03:00,11,1
1873088,26,26-CAMBIO DE HERRAMIENTAS DEBIDO A DESGASTE,401.509,siderca\13066,GA15,2025-12-31 08:40:31.1845036 -03:00,1873054,2025-12-31 07:25:02.1907026 -03:00,10,1
1873163,26,26-CAMBIO DE HERRAMIENTAS DEBIDO A DESGASTE,660.164,siderca\13066,"CPT,CPA,GSR,GA15,GFC,GDS,CDT",2025-12-31 10:57:01.3484097 -03:00,1873088,2025-12-31 08:47:12.6936250 -03:00,11,0
1873222,26,26-CAMBIO DE HERRAMIENTAS DEBIDO A DESGASTE,631.629,siderca\17701,"CPA,CA15,CFC,CDS",2025-12-31 13:00:00.0000000 -03:00,1873163,2025-12-31 11:08:01.5128050 -03:00,11,0
1873275,26,26-CAMBIO DE HERRAMIENTAS DEBIDO A DESGASTE,431.181,siderca\17701,"CPA,CA15,CFC,CDS",2025-12-31 14:28:09.6043723 -03:00,1873222,2025-12-31 13:10:31.6297017 -03:00,10,0
1873301,26,26-CAMBIO DE HERRAMIENTAS DEBIDO A DESGASTE,578.765,siderca\17701,"CPT,CSR,CA15,CFC",2025-12-31 15:39:12.2666930 -03:00,1873275,2025-12-31 14:35:20.7853937 -03:00,10,0
1873334,26,26-CAMBIO DE HERRAMIENTAS DEBIDO A DESGASTE,409.841,siderca\17701,"CPA,CA15,CFC,CDS",2025-12-31 16:37:26.4873236 -03:00,1873301,2025-12-31 15:48:51.0314414 -03:00,7,0
1873506,26,26-CAMBIO DE HERRAMIENTAS DEBIDO A DESGASTE,960.935,siderca\13066,"CPT,CPA,GSR,GA15,GFC,GDS,CDT",2026-01-02 06:37:46.6008116 -03:00,1873334,2025-12-31 16:44:16.3282416 -03:00,10,0
1873542,26,26-CAMBIO DE HERRAMIENTAS DEBIDO A DESGASTE,359.933,siderca\13066,GA15,2026-01-02 08:02:06.3030389 -03:00,1873506,2026-01-02 06:53:47.5355864 -03:00,10,0
1873625,26,26-CAMBIO DE HERRAMIENTAS DEBIDO A DESGASTE,600.3,siderca\13066,"CPA,GA15,GDS",2026-01-02 10:20:08.9061844 -03:00,1873542,2026-01-02 08:08:06.2369092 -03:00,10,0
1873656,26,26-CAMBIO DE HERRAMIENTAS DEBIDO A DESGASTE,501.729,siderca\13066,"CPT,GSR,GA15",2026-01-02 11:31:14.9063595 -03:00,1873625,2026-01-02 10:30:09.2068790 -03:00,10,0
1873719,26,26-CAMBIO DE HERRAMIENTAS DEBIDO A DESGASTE,625.497,siderca\17701,"CPA,CA15,CFC,CDS",2026-01-02 13:00:00.0000000 -03:00,1873656,2026-01-02 11:39:36.6357935 -03:00,12,0
1873774,26,26-CAMBIO DE HERRAMIENTAS DEBIDO A DESGASTE,395.046,siderca\17701,"CA15,CFC",2026-01-02 14:19:05.6360573 -03:00,1873719,2026-01-02 13:10:25.4971525 -03:00,11,0
1873817,26,26-CAMBIO DE HERRAMIENTAS DEBIDO A DESGASTE,606.152,siderca\17701,"CPT,CPA,CSR,CA15,CFC,CDS",2026-01-02 15:38:27.8316559 -03:00,1873774,2026-01-02 14:25:40.6821694 -03:00,10,0
1873877,26,26-CAMBIO DE HERRAMIENTAS DEBIDO A DESGASTE,125.272,siderca\17701,CA15,2026-01-02 17:15:22.0694882 -03:00,1873817,2026-01-02 15:48:33.9832044 -03:00,11,0
1873920,26,26-CAMBIO DE HERRAMIENTAS DEBIDO A DESGASTE,572.809,siderca\17701,"CPA,CA15,CFC,CDS",2026-01-02 18:18:30.8299767 -03:00,1873877,2026-01-02 17:17:27.3411700 -03:00,10,0
1873965,26,26-CAMBIO DE HERRAMIENTAS DEBIDO A DESGASTE,519.56,siderca\17701,"CPT,CSR,CA15,CFC",2026-01-02 19:36:46.5634396 -03:00,1873920,2026-01-02 18:28:03.6389761 -03:00,10,0
1874077,26,26-CAMBIO DE HERRAMIENTAS DEBIDO A DESGASTE,660.117,siderca\60062291,"CPA,CA15,GA15,GFC,GDS,CDT",2026-01-02 21:38:43.1382902 -03:00,1873965,2026-01-02 19:45:26.1238410 -03:00,10,1
1874123,26,26-CAMBIO DE HERRAMIENTAS DEBIDO A DESGASTE,305.526,siderca\60062291,"GA15,CDT",2026-01-02 23:38:10.9747813 -03:00,1874077,2026-01-02 21:49:43.2553148 -03:00,9,3
1874157,26,26-CAMBIO DE HERRAMIENTAS DEBIDO A DESGASTE,951.722,siderca\60062291,"CPT,CPA,GSR,GA15,GFC,CDS,CDT",2026-01-03 00:44:22.3312144 -03:00,1874123,2026-01-02 23:43:16.5000971 -03:00,9,0
1874203,26,26-CAMBIO DE HERRAMIENTAS DEBIDO A DESGASTE,408.127,siderca\60062291,"GA15,CDT",2026-01-03 02:05:01.7942653 -03:00,1874157,2026-01-03 01:00:14.0536034 -03:00,10,0
1874244,26,26-CAMBIO DE HERRAMIENTAS DEBIDO A DESGASTE,796,siderca\60062291,"CPT,CPA,CSR,CA15,GFC,GDS,CDT",2026-01-03 03:15:17.5521113 -03:00,1874203,2026-01-03 02:11:49.9211839 -03:00,8,0
1874299,26,26-CAMBIO DE HERRAMIENTAS DEBIDO A DESGASTE,146.77,siderca\60062291,CDT,2026-01-03 04:45:54.7894471 -03:00,1874244,2026-01-03 03:28:33.5521113 -03:00,9,0
1874350,26,26-CAMBIO DE HERRAMIENTAS DEBIDO A DESGASTE,624.734,siderca\13066,"CPA,GA15,GFC,GDS",2026-01-03 05:53:34.3498219 -03:00,1874299,2026-01-03 04:48:21.5598633 -03:00,9,0
1874396,26,26-CAMBIO DE HERRAMIENTAS DEBIDO A DESGASTE,586.353,siderca\13066,"CPT,GSR,GA15",2026-01-03 07:05:16.4602307 -03:00,1874350,2026-01-03 06:03:59.0838626 -03:00,9,0
1874441,26,26-CAMBIO DE HERRAMIENTAS DEBIDO A DESGASTE,618.429,siderca\13066,"CPA,GA15,GFC",2026-01-03 08:16:12.2812131 -03:00,1874396,2026-01-03 07:15:02.8138141 -03:00,10,0
1874515,26,26-CAMBIO DE HERRAMIENTAS DEBIDO A DESGASTE,356.675,siderca\13066,"GA15,GFC",2026-01-03 10:08:13.5866376 -03:00,1874441,2026-01-03 08:26:30.7108150 -03:00,10,0
1874549,26,26-CAMBIO DE HERRAMIENTAS DEBIDO A DESGASTE,718.065,siderca\13066,"CPT,CPA,GSR,GA15,GFC,GDS",2026-01-03 11:15:19.3390811 -03:00,1874515,2026-01-03 10:14:10.2619472 -03:00,9,0
1874641,26,26-CAMBIO DE HERRAMIENTAS DEBIDO A DESGASTE,180.269,siderca\17701,CA15,2026-01-03 13:09:56.0000000 -03:00,1874549,2026-01-03 11:27:17.4046996 -03:00,12,0
1874681,26,26-CAMBIO DE HERRAMIENTAS DEBIDO A DESGASTE,439.365,siderca\17701,"CPA,CA15,CFC,CDS",2026-01-03 14:15:23.8466688 -03:00,1874641,2026-01-03 13:12:56.2691328 -03:00,10,0
1874715,26,26-CAMBIO DE HERRAMIENTAS DEBIDO A DESGASTE,402.81,siderca\17701,"CPT,CSR,CA15",2026-01-03 15:25:21.7898002 -03:00,1874681,2026-01-03 14:22:43.2110741 -03:00,10,0
1874788,26,26-CAMBIO DE HERRAMIENTAS DEBIDO A DESGASTE,480.313,siderca\17701,"CPA,CA15,CFC,CDS",2026-01-03 17:15:00.8719453 -03:00,1874715,2026-01-03 15:32:04.5991885 -03:00,10,1
1874817,26,26-CAMBIO DE HERRAMIENTAS DEBIDO A DESGASTE,144.322,siderca\17701,CA15,2026-01-03 18:36:11.9039088 -03:00,1874788,2026-01-03 17:23:01.1842528 -03:00,11,0
1874867,26,26-CAMBIO DE HERRAMIENTAS DEBIDO A DESGASTE,595,siderca\17701,"CPT,CPA,CSR,CA15,CFC,CDS",2026-01-03 20:14:39.3111052 -03:00,1874817,2026-01-03 18:38:36.2251406 -03:00,10,1
1874923,26,26-CAMBIO DE HERRAMIENTAS DEBIDO A DESGASTE,209.524,siderca\60062291,CDT,2026-01-03 21:38:05.2207214 -03:00,1874867,2026-01-03 20:24:34.3111052 -03:00,11,0
1874963,26,26-CAMBIO DE HERRAMIENTAS DEBIDO A DESGASTE,618.068,siderca\60062291,"CPA,GA15,GFC,GDS,CDT",2026-01-03 23:00:43.6667327 -03:00,1874923,2026-01-03 21:41:34.7440711 -03:00,8,0
1874991,26,26-CAMBIO DE HERRAMIENTAS DEBIDO A DESGASTE,537.356,siderca\60062291,"CPT,GSR,CDT",2026-01-04 00:07:21.6350973 -03:00,1874963,2026-01-03 23:11:01.7348771 -03:00,8,0
1875024,26,26-CAMBIO DE HERRAMIENTAS DEBIDO A DESGASTE,578.231,siderca\60062291,"CPA,GA15,GFC,GDS,CDT",2026-01-04 01:20:49.7267501 -03:00,1874991,2026-01-04 00:16:18.9912194 -03:00,10,0
1875056,26,26-CAMBIO DE HERRAMIENTAS DEBIDO A DESGASTE,422,siderca\60062291,"CPT,CSR,CDT",2026-01-04 02:22:10.2047871 -03:00,1875024,2026-01-04 01:30:27.9570636 -03:00,7,0
1875227,26,26-CAMBIO DE HERRAMIENTAS DEBIDO A DESGASTE,600.057,siderca\17701,"CPT,CPA,CSR,CA15,CFC,CDS",2026-01-05 05:32:10.9442815 -03:00,1875056,2026-01-04 02:29:12.2047871 -03:00,7,0
1875257,26,26-CAMBIO DE HERRAMIENTAS DEBIDO A DESGASTE,213.352,siderca\17701,CA15,2026-01-05 06:53:06.8936288 -03:00,1875227,2026-01-05 05:42:11.0012756 -03:00,9,0
1875293,26,26-CAMBIO DE HERRAMIENTAS DEBIDO A DESGASTE,547.257,siderca\17701,"CPA,CA15,CFC,CDS",2026-01-05 07:57:50.6368568 -03:00,1875257,2026-01-05 06:56:40.2453047 -03:00,9,0
1875328,26,26-CAMBIO DE HERRAMIENTAS DEBIDO A DESGASTE,415.005,siderca\17701,"CPT,CSR,CA15,CFC",2026-01-05 09:09:42.2580278 -03:00,1875293,2026-01-05 08:06:57.8931864 -03:00,9,0
1875367,26,26-CAMBIO DE HERRAMIENTAS DEBIDO A DESGASTE,505.125,siderca\17701,"CPA,CA15,CFC,CDS",2026-01-05 10:31:51.9011219 -03:00,1875328,2026-01-05 09:16:37.2630667 -03:00,12,0
1875433,26,26-CAMBIO DE HERRAMIENTAS DEBIDO A DESGASTE,180.281,siderca\17701,CA15,2026-01-05 11:55:26.0325012 -03:00,1875367,2026-01-05 10:40:17.0262995 -03:00,11,0
1875468,26,26-CAMBIO DE HERRAMIENTAS DEBIDO A DESGASTE,879.869,siderca\60062291,"CPT,CPA,GSR,CA15,GFC,GDS,CDT",2026-01-05 13:08:51.6313935 -03:00,1875433,2026-01-05 11:58:26.3130288 -03:00,10,0
1875525,26,26-CAMBIO DE HERRAMIENTAS DEBIDO A DESGASTE,179.556,siderca\60062291,CDT,2026-01-05 14:37:48.3021790 -03:00,1875468,2026-01-05 13:23:31.5007788 -03:00,10,0
1875554,26,26-CAMBIO DE HERRAMIENTAS DEBIDO A DESGASTE,577,siderca\60062291,"CPA,GA15,GFC,CDS,CDT",2026-01-05 15:37:58.8417781 -03:00,1875525,2026-01-05 14:40:47.8586131 -03:00,8,0
1875588,26,26-CAMBIO DE HERRAMIENTAS DEBIDO A DESGASTE,419.003,siderca\60062291,"CPT,CSR,CDT",2026-01-05 16:42:42.0770656 -03:00,1875554,2026-01-05 15:47:35.8417781 -03:00,8,0
1875628,26,26-CAMBIO DE HERRAMIENTAS DEBIDO A DESGASTE,990.409,siderca\60062291,"CPA,GA15,CFC,GFC,GDS,CDT",2026-01-05 17:54:41.0063334 -03:00,1875588,2026-01-05 16:49:41.0802474 -03:00,9,0
1875703,26,26-CAMBIO DE HERRAMIENTAS DEBIDO A DESGASTE,851.019,siderca\60062291,"CPT,CPA,GSR,GA15,GFC,GDS,CDT",2026-01-05 20:03:49.1632067 -03:00,1875628,2026-01-05 18:11:11.4156484 -03:00,17,0
1875769,26,26-CAMBIO DE HERRAMIENTAS DEBIDO A DESGASTE,176.164,siderca\12985,CA15,2026-01-05 21:33:21.5081846 -03:00,1875703,2026-01-05 20:18:00.1825237 -03:00,11,0
1875807,26,26-CAMBIO DE HERRAMIENTAS DEBIDO A DESGASTE,695.599,siderca\12985,"CPA,CA15,CFC,CDS,CDT",2026-01-05 22:43:31.2673157 -03:00,1875769,2026-01-05 21:36:17.6723371 -03:00,9,0
1875842,26,26-CAMBIO DE HERRAMIENTAS DEBIDO A DESGASTE,470.718,siderca\12985,"CPT,CSR,CA15",2026-01-05 23:56:13.4616282 -03:00,1875807,2026-01-05 22:55:06.8662225 -03:00,9,0
1875879,26,26-CAMBIO DE HERRAMIENTAS DEBIDO A DESGASTE,586.964,siderca\12985,"CPA,CA15,CDS,CDT",2026-01-06 01:17:43.7409456 -03:00,1875842,2026-01-06 00:04:04.1790614 -03:00,10,0
1875920,26,26-CAMBIO DE HERRAMIENTAS DEBIDO A DESGASTE,248.904,siderca\12985,CDT,2026-01-06 02:28:36.8271300 -03:00,1875879,2026-01-06 01:27:30.7043121 -03:00,9,2
1875964,26,26-CAMBIO DE HERRAMIENTAS DEBIDO A DESGASTE,862,siderca\12985,"CPT,CPA,CSR,CA15,CDS,CDT",2026-01-06 03:59:16.2632090 -03:00,1875920,2026-01-06 02:32:45.7316306 -03:00,9,0
1876045,26,26-CAMBIO DE HERRAMIENTAS DEBIDO A DESGASTE,273.705,siderca\17701,CA15,2026-01-06 05:46:35.4455358 -03:00,1875964,2026-01-06 04:13:38.2632090 -03:00,10,0
1876078,26,26-CAMBIO DE HERRAMIENTAS DEBIDO A DESGASTE,474.386,siderca\17701,"CPA,CA15,CFC,CDS",2026-01-06 06:52:15.6032313 -03:00,1876045,2026-01-06 05:51:09.1502800 -03:00,10,0
1876119,26,26-CAMBIO DE HERRAMIENTAS DEBIDO A DESGASTE,337.86,siderca\17701,"CPT,CSR,CA15,CFC",2026-01-06 08:09:50.4128515 -03:00,1876078,2026-01-06 07:00:09.9891131 -03:00,10,0
1876165,26,26-CAMBIO DE HERRAMIENTAS DEBIDO A DESGASTE,481.152,siderca\17701,"CPA,CA15,CFC,CDS",2026-01-06 09:26:11.0394175 -03:00,1876119,2026-01-06 08:15:28.2729331 -03:00,10,0
1876210,26,26-CAMBIO DE HERRAMIENTAS DEBIDO A DESGASTE,145.623,siderca\17701,CA15,2026-01-06 10:39:39.7408966 -03:00,1876165,2026-01-06 09:34:12.1912629 -03:00,9,0
1876240,26,26-CAMBIO DE HERRAMIENTAS DEBIDO A DESGASTE,587.055,siderca\17701,"CPT,CPA,CSR,CA15,CFC,CDS",2026-01-06 11:43:09.3150380 -03:00,1876210,2026-01-06 10:42:05.3638916 -03:00,10,0
1876284,26,26-CAMBIO DE HERRAMIENTAS DEBIDO A DESGASTE,152.693,siderca\17701,CA15,2026-01-06 12:50:52.9546105 -03:00,1876240,2026-01-06 11:52:56.3705144 -03:00,9,0
1876334,26,26-CAMBIO DE HERRAMIENTAS DEBIDO A DESGASTE,775.045,siderca\60062291,"CPT,CPA,GSR,CA15,GA15,GFC,GDS,CDT",2026-01-06 14:03:42.4435169 -03:00,1876284,2026-01-06 12:53:25.6478587 -03:00,9,1
1876380,26,26-CAMBIO DE HERRAMIENTAS DEBIDO A DESGASTE,227,siderca\60062291,CDT,2026-01-06 15:34:49.1530431 -03:00,1876334,2026-01-06 14:16:37.4887676 -03:00,9,0
1876421,26,26-CAMBIO DE HERRAMIENTAS DEBIDO A DESGASTE,907.959,siderca\60062291,"CPT,CPA,GSR,GA15,GFC,CDS,CDT",2026-01-06 16:53:19.3026082 -03:00,1876380,2026-01-06 15:38:36.1530431 -03:00,10,0
1876465,26,26-CAMBIO DE HERRAMIENTAS DEBIDO A DESGASTE,130.234,siderca\60062291,GA15,2026-01-06 18:16:00.3211589 -03:00,1876421,2026-01-06 17:08:27.2615858 -03:00,10,0
1876494,26,26-CAMBIO DE HERRAMIENTAS DEBIDO A DESGASTE,851.779,siderca\60062291,"CPT,CPA,CSR,GA15,GFC,GDS,CDT",2026-01-06 19:18:38.2767364 -03:00,1876465,2026-01-06 18:18:10.5559992 -03:00,10,0
1876535,26,26-CAMBIO DE HERRAMIENTAS DEBIDO A DESGASTE,166.125,siderca\60062291,CDT,2026-01-06 20:40:22.3406970 -03:00,1876494,2026-01-06 19:32:50.0555872 -03:00,10,0
1876591,26,26-CAMBIO DE HERRAMIENTAS DEBIDO A DESGASTE,714.558,siderca\12985,"CPA,CA15,CFC,CDS,CDT",2026-01-06 21:44:51.3240473 -03:00,1876535,2026-01-06 20:43:08.4651057 -03:00,9,0
1876627,26,26-CAMBIO DE HERRAMIENTAS DEBIDO A DESGASTE,641.215,siderca\12985,"CPT,CSR,CA15,CDT",2026-01-06 22:57:13.6562123 -03:00,1876591,2026-01-06 21:56:45.8825396 -03:00,10,0
1876706,26,26-CAMBIO DE HERRAMIENTAS DEBIDO A DESGASTE,462.018,siderca\12985,"CA15,CDT",2026-01-07 01:28:45.7458682 -03:00,1876627,2026-01-06 23:07:54.8711083 -03:00,19,2
1876720,26,26-CAMBIO DE HERRAMIENTAS DEBIDO A DESGASTE,619.436,siderca\12985,"CPT,CPA,CSR,CA15,CDT",2026-01-07 02:13:11.6492156 -03:00,1876706,2026-01-07 01:36:27.7635284 -03:00,6,0
1876765,26,26-CAMBIO DE HERRAMIENTAS DEBIDO A DESGASTE,738,siderca\12985,"CA15,CFC,CDS,CDT",2026-01-07 03:38:04.9037263 -03:00,1876720,2026-01-07 02:23:31.0855608 -03:00,11,0
1876819,26,26-CAMBIO DE HERRAMIENTAS DEBIDO A DESGASTE,425,siderca\17701,"CPA,CA15,CFC,CDS",2026-01-07 05:01:12.3542640 -03:00,1876765,2026-01-07 03:50:22.9037263 -03:00,11,0
1876852,26,26-CAMBIO DE HERRAMIENTAS DEBIDO A DESGASTE,655,siderca\17701,"CPT,CSR,CA15",2026-01-07 06:20:04.4390221 -03:00,1876819,2026-01-07 05:08:17.3542640 -03:00,10,0
1876892,26,26-CAMBIO DE HERRAMIENTAS DEBIDO A DESGASTE,675.411,siderca\17701,"CPA,CA15,CFC,CDS",2026-01-07 08:07:42.5958554 -03:00,1876852,2026-01-07 06:30:59.4390221 -03:00,11,0
1876921,26,26-CAMBIO DE HERRAMIENTAS DEBIDO A DESGASTE,205.008,siderca\17701,CA15,2026-01-07 09:27:00.4448124 -03:00,1876892,2026-01-07 08:18:58.0062524 -03:00,9,0
1876952,26,26-CAMBIO DE HERRAMIENTAS DEBIDO A DESGASTE,578.686,siderca\17701,"CPT,CPA,CSR,CA15,CFC,CDS",2026-01-07 10:38:39.7748250 -03:00,1876921,2026-01-07 09:30:25.4526353 -03:00,9,0
1876992,26,26-CAMBIO DE HERRAMIENTAS DEBIDO A DESGASTE,124.206,siderca\17701,CA15,2026-01-07 12:06:48.8763766 -03:00,1876952,2026-01-07 10:48:18.4607167 -03:00,10,0
1877059,26,26-CAMBIO DE HERRAMIENTAS DEBIDO A DESGASTE,600.26,siderca\60062291,"CPA,GA15,GFC,GDS,CDT",2026-01-07 13:21:07.7254020 -03:00,1876992,2026-01-07 12:08:53.0825399 -03:00,10,0
1877073,26,26-CAMBIO DE HERRAMIENTAS DEBIDO A DESGASTE,420.957,siderca\60062291,"CPT,GSR,CDT",2026-01-07 14:46:11.1034206 -03:00,1877059,2026-01-07 13:31:07.9852273 -03:00,9,0
1877099,26,26-CAMBIO DE HERRAMIENTAS DEBIDO A DESGASTE,483.585,siderca\60062291,"CPA,GA15,GFC,GDS,CDT",2026-01-07 15:53:25.2110179 -03:00,1877073,2026-01-07 14:53:12.0606379 -03:00,8,0
1877145,26,26-CAMBIO DE HERRAMIENTAS DEBIDO A DESGASTE,201.909,siderca\60062291,CDT,2026-01-07 17:24:56.6151874 -03:00,1877099,2026-01-07 16:01:28.7967379 -03:00,9,0
1877174,26,26-CAMBIO DE HERRAMIENTAS DEBIDO A DESGASTE,885,siderca\60062291,"CPT,CPA,CSR,GSR,GA15,CFC,GFC,GDS,CDT",2026-01-07 18:28:45.7667995 -03:00,1877145,2026-01-07 17:28:18.5248544 -03:00,10,1
1877206,26,26-CAMBIO DE HERRAMIENTAS DEBIDO A DESGASTE,455,siderca\60062291,"CPT,CPA,GSR,CDT",2026-01-07 19:50:32.4393111 -03:00,1877174,2026-01-07 18:43:30.7667995 -03:00,10,0
1877265,26,26-CAMBIO DE HERRAMIENTAS DEBIDO A DESGASTE,751,siderca\12985,"CPA,CA15,CFC,CDS,CDT",2026-01-07 21:14:18.5899634 -03:00,1877206,2026-01-07 19:58:07.4393111 -03:00,10,0
1877313,26,26-CAMBIO DE HERRAMIENTAS DEBIDO A DESGASTE,567.079,siderca\12985,"CPT,CSR,CA15",2026-01-07 22:54:56.5745060 -03:00,1877265,2026-01-07 21:26:49.5899634 -03:00,11,0
1877355,26,26-CAMBIO DE HERRAMIENTAS DEBIDO A DESGASTE,644.848,siderca\12985,"CPA,GFC,GDS,CDT",2026-01-08 00:15:02.1123027 -03:00,1877313,2026-01-07 23:04:23.6535794 -03:00,11,0
1877391,26,26-CAMBIO DE HERRAMIENTAS DEBIDO A DESGASTE,352,siderca\12985,"CA15,CDT",2026-01-08 01:26:15.9701020 -03:00,1877355,2026-01-08 00:25:46.9609564 -03:00,9,0
1877441,26,26-CAMBIO DE HERRAMIENTAS DEBIDO A DESGASTE,830.84,siderca\12985,"CPT,CPA,CSR,CA15,CFC,CDS,CDT",2026-01-08 03:12:47.8233691 -03:00,1877391,2026-01-08 01:32:07.9701020 -03:00,11,1
1877494,26,26-CAMBIO DE HERRAMIENTAS DEBIDO A DESGASTE,192.738,siderca\12985,CA15,2026-01-08 04:48:41.7370829 -03:00,1877441,2026-01-08 03:26:38.6632642 -03:00,10,0
1877545,26,26-CAMBIO DE HERRAMIENTAS DEBIDO A DESGASTE,443,siderca\17701,"CPA,CA15,CFC,CDS",2026-01-08 05:56:48.3450827 -03:00,1877494,2026-01-08 04:51:54.4752143 -03:00,9,0
1877589,26,26-CAMBIO DE HERRAMIENTAS DEBIDO A DESGASTE,410.264,siderca\17701,"CPT,CSR,CA15",2026-01-08 07:09:42.1742867 -03:00,1877545,2026-01-08 06:04:11.3450827 -03:00,10,0
1877633,26,26-CAMBIO DE HERRAMIENTAS DEBIDO A DESGASTE,669.632,siderca\17701,"CPA,GA15,GFC,GDS",2026-01-08 08:35:02.1503568 -03:00,1877589,2026-01-08 07:16:32.4381145 -03:00,10,0
1877664,26,26-CAMBIO DE HERRAMIENTAS DEBIDO A DESGASTE,188.237,siderca\17701,CA15,2026-01-08 09:47:11.8626568 -03:00,1877633,2026-01-08 08:46:11.7829217 -03:00,9,0
1877697,26,26-CAMBIO DE HERRAMIENTAS DEBIDO A DESGASTE,646.154,siderca\17701,"CPT,CPA,CSR,CA15,CFC,CDS",2026-01-08 10:50:50.2111109 -03:00,1877664,2026-01-08 09:50:20.0999200 -03:00,8,1
1877734,26,26-CAMBIO DE HERRAMIENTAS DEBIDO A DESGASTE,199.653,siderca\17701,CA15,2026-01-08 12:09:41.8460008 -03:00,1877697,2026-01-08 11:01:36.3651908 -03:00,9,0
1877790,26,26-CAMBIO DE HERRAMIENTAS DEBIDO A DESGASTE,697.109,siderca\60062291,"CPT,CPA,GSR,GA15,GFC,GDS,CDT",2026-01-08 13:15:39.1507066 -03:00,1877734,2026-01-08 12:13:01.4992522 -03:00,10,0
1877827,26,26-CAMBIO DE HERRAMIENTAS DEBIDO A DESGASTE,100.621,siderca\60062291,CDT,2026-01-08 14:35:04.6463182 -03:00,1877790,2026-01-08 13:27:16.2597188 -03:00,9,0
1877858,26,26-CAMBIO DE HERRAMIENTAS DEBIDO A DESGASTE,741.324,siderca\60062291,"CPA,CA15,CFC,GFC,CDS,CDT",2026-01-08 15:37:13.8270293 -03:00,1877827,2026-01-08 14:36:45.2670198 -03:00,9,0
1877893,26,26-CAMBIO DE HERRAMIENTAS DEBIDO A DESGASTE,485.905,siderca\60062291,"CPT,CSR,CDT",2026-01-08 16:50:43.3911713 -03:00,1877858,2026-01-08 15:49:35.1510866 -03:00,10,0
1877924,26,26-CAMBIO DE HERRAMIENTAS DEBIDO A DESGASTE,619.246,siderca\60062291,"CPA,GA15,GFC,GDS,CDT",2026-01-08 18:03:01.5889220 -03:00,1877893,2026-01-08 16:58:49.2963952 -03:00,10,0
1877970,26,26-CAMBIO DE HERRAMIENTAS DEBIDO A DESGASTE,123,siderca\60062291,CDT,2026-01-08 19:35:09.3838819 -03:00,1877924,2026-01-08 18:13:20.8343105 -03:00,10,0
1877989,26,26-CAMBIO DE HERRAMIENTAS DEBIDO A DESGASTE,712.243,siderca\60062291,"CPA,GA15,GFC,GDS,CDT",2026-01-08 20:06:05.8631314 -03:00,1877970,2026-01-08 19:37:12.3838819 -03:00,4,0
1878027,26,26-CAMBIO DE HERRAMIENTAS DEBIDO A DESGASTE,921.669,siderca\12985,"CPT,CPA,CSR,CA15,CFC,CDS,CDT",2026-01-08 21:00:00.0000000 -03:00,1877989,2026-01-08 20:17:58.1063400 -03:00,5,0
1878075,26,26-CAMBIO DE HERRAMIENTAS DEBIDO A DESGASTE,114.452,siderca\12985,CA15,2026-01-08 22:24:55.7276800 -03:00,1878027,2026-01-08 21:15:21.6698715 -03:00,11,0
1878106,26,26-CAMBIO DE HERRAMIENTAS DEBIDO A DESGASTE,520.847,siderca\12985,"CPA,CA15,CDS,CDT",2026-01-08 23:31:31.8909676 -03:00,1878075,2026-01-08 22:26:50.1798534 -03:00,9,0
1878138,26,26-CAMBIO DE HERRAMIENTAS DEBIDO A DESGASTE,741.75,siderca\12985,"CPT,GSR,CDT",2026-01-09 00:44:55.8356028 -03:00,1878106,2026-01-08 23:40:12.7379884 -03:00,11,0
1878193,26,26-CAMBIO DE HERRAMIENTAS DEBIDO A DESGASTE,744.677,siderca\12985,"CPA,CA15,CFC,CDS,CDT",2026-01-09 02:54:52.1306018 -03:00,1878138,2026-01-09 00:57:17.5856112 -03:00,10,0
1878234,26,26-CAMBIO DE HERRAMIENTAS DEBIDO A DESGASTE,153.341,siderca\12985,CA15,2026-01-09 04:17:33.5820268 -03:00,1878193,2026-01-09 03:07:16.8076624 -03:00,10,0
1878285,26,26-CAMBIO DE HERRAMIENTAS DEBIDO A DESGASTE,561,siderca\17701,"CPT,CPA,CSR,CA15,CFC,CDS",2026-01-09 05:27:39.5259568 -03:00,1878234,2026-01-09 04:20:06.9230835 -03:00,10,0
1878325,26,26-CAMBIO DE HERRAMIENTAS DEBIDO A DESGASTE,156.936,siderca\17701,CA15,2026-01-09 06:54:09.5046663 -03:00,1878285,2026-01-09 05:37:00.5259568 -03:00,11,0
1878354,26,26-CAMBIO DE HERRAMIENTAS DEBIDO A DESGASTE,505,siderca\17701,"CPA,CA15,CFC,CDS",2026-01-09 07:57:16.1953925 -03:00,1878325,2026-01-09 06:56:46.4404290 -03:00,9,3
1878389,26,26-CAMBIO DE HERRAMIENTAS DEBIDO A DESGASTE,379.782,siderca\17701,"CPT,CSR,CA15",2026-01-09 09:16:16.4681527 -03:00,1878354,2026-01-09 08:05:41.1953925 -03:00,10,0
1878422,26,26-CAMBIO DE HERRAMIENTAS DEBIDO A DESGASTE,363.226,siderca\17701,"CPA,CA15,CFC,CDS",2026-01-09 10:25:38.5721257 -03:00,1878389,2026-01-09 09:22:36.2500921 -03:00,10,0
1878461,26,26-CAMBIO DE HERRAMIENTAS DEBIDO A DESGASTE,188.187,siderca\17701,CA15,2026-01-09 11:39:26.6161807 -03:00,1878422,2026-01-09 10:31:41.7989569 -03:00,11,0
1878493,26,26-CAMBIO DE HERRAMIENTAS DEBIDO A DESGASTE,498.902,siderca\17701,"CPT,CSR,CA15",2026-01-09 12:44:49.2066049 -03:00,1878461,2026-01-09 11:42:34.8035460 -03:00,9,0
1878550,26,26-CAMBIO DE HERRAMIENTAS DEBIDO A DESGASTE,650.044,siderca\60062291,"CPA,CA15,GFC,CDS,GDS,CDT",2026-01-09 14:03:49.9209586 -03:00,1878493,2026-01-09 12:53:08.1082934 -03:00,10,0
1878598,26,26-CAMBIO DE HERRAMIENTAS DEBIDO A DESGASTE,216.594,siderca\60062291,CDT,2026-01-09 15:29:59.9142568 -03:00,1878550,2026-01-09 14:14:39.9649297 -03:00,10,0
1878633,26,26-CAMBIO DE HERRAMIENTAS DEBIDO A DESGASTE,894.26,siderca\60062291,"CPT,CPA,GSR,GA15,CFC,GFC,GDS,CDT",2026-01-09 16:35:35.2731367 -03:00,1878598,2026-01-09 15:33:36.5086011 -03:00,10,0
1878728,26,26-CAMBIO DE HERRAMIENTAS DEBIDO A DESGASTE,274,siderca\60062291,"GA15,CDT",2026-01-09 19:17:12.4308682 -03:00,1878633,2026-01-09 16:50:29.5331049 -03:00,10,0
1878811,26,26-CAMBIO DE HERRAMIENTAS DEBIDO A DESGASTE,678,siderca\12985,"CPA,CA15,CFC,CDS,CDT",2026-01-09 21:09:49.8938267 -03:00,1878728,2026-01-09 19:21:46.4308682 -03:00,10,0
1878894,26,26-CAMBIO DE HERRAMIENTAS DEBIDO A DESGASTE,820,siderca\12985,"CPT,CSR,CA15,CFC,CDT",2026-01-09 23:26:02.9342177 -03:00,1878811,2026-01-09 21:21:07.8938267 -03:00,10,0
1878964,26,26-CAMBIO DE HERRAMIENTAS DEBIDO A DESGASTE,751.291,siderca\12985,"CPA,CA15,CFC,CDS,CDT",2026-01-10 01:12:18.5391409 -03:00,1878894,2026-01-09 23:39:42.9342177 -03:00,11,0
1878998,26,26-CAMBIO DE HERRAMIENTAS DEBIDO A DESGASTE,587.032,siderca\12985,"CSR,CA15,CDT",2026-01-10 02:28:12.5581760 -03:00,1878964,2026-01-10 01:24:49.8308959 -03:00,7,0
1879076,26,26-CAMBIO DE HERRAMIENTAS DEBIDO A DESGASTE,798.213,siderca\12985,"CPT,CPA,CA15,CDS,CDT",2026-01-10 04:22:57.7540501 -03:00,1878998,2026-01-10 02:37:59.5904214 -03:00,11,0
1879154,26,26-CAMBIO DE HERRAMIENTAS DEBIDO A DESGASTE,709.197,siderca\17701,"CA15,CFC",2026-01-10 05:56:29.1800238 -03:00,1879076,2026-01-10 04:36:15.9671917 -03:00,9,0
1879214,26,26-CAMBIO DE HERRAMIENTAS DEBIDO A DESGASTE,697.563,siderca\17701,"CPT,CPA,CSR,CA15,CFC,CDS",2026-01-10 07:28:54.5456680 -03:00,1879154,2026-01-10 06:08:18.3770940 -03:00,10,0
1879284,26,26-CAMBIO DE HERRAMIENTAS DEBIDO A DESGASTE,294.187,siderca\17701,"CA15,CFC",2026-01-10 09:13:10.7535920 -03:00,1879214,2026-01-10 07:40:32.1084305 -03:00,10,0
1879347,26,26-CAMBIO DE HERRAMIENTAS DEBIDO A DESGASTE,687.704,siderca\17701,"CPA,CA15,CFC,CDS",2026-01-10 10:54:33.6113336 -03:00,1879284,2026-01-10 09:18:04.9400164 -03:00,10,0
1879415,26,26-CAMBIO DE HERRAMIENTAS DEBIDO A DESGASTE,626.01,siderca\17701,"CPT,CSR,CA15,CFC",2026-01-10 12:27:13.7409660 -03:00,1879347,2026-01-10 11:06:01.3151384 -03:00,10,0
1879503,26,26-CAMBIO DE HERRAMIENTAS DEBIDO A DESGASTE,728,siderca\60062291,"CPA,CA15,CFC,GFC,CDS,GDS,CDT",2026-01-10 14:13:20.0435948 -03:00,1879415,2026-01-10 12:37:39.7501468 -03:00,10,0
1879579,26,26-CAMBIO DE HERRAMIENTAS DEBIDO A DESGASTE,615.608,siderca\60062291,"GA15,CDT",2026-01-10 16:06:28.3993279 -03:00,1879503,2026-01-10 14:25:28.0435948 -03:00,10,1
1879645,26,26-CAMBIO DE HERRAMIENTAS DEBIDO A DESGASTE,1059.807,siderca\60062291,"CPT,CPA,CSR,GSR,GA15,GFC,CDS,GDS,CDT",2026-01-10 17:49:01.4245313 -03:00,1879579,2026-01-10 16:16:44.0077074 -03:00,10,0
1879720,26,26-CAMBIO DE HERRAMIENTAS DEBIDO A DESGASTE,600.168,siderca\60062291,"GA15,CDT",2026-01-10 19:36:06.5376447 -03:00,1879645,2026-01-10 18:06:41.2317847 -03:00,10,0
1879800,26,26-CAMBIO DE HERRAMIENTAS DEBIDO A DESGASTE,802.711,siderca\12985,"CPA,CA15,CFC,CDS,CDT",2026-01-10 21:19:06.0197571 -03:00,1879720,2026-01-10 19:46:06.7052513 -03:00,10,0
1879861,26,26-CAMBIO DE HERRAMIENTAS DEBIDO A DESGASTE,860,siderca\12985,"CPT,CSR,CA15,CFC,CDT",2026-01-10 22:52:23.3485418 -03:00,1879800,2026-01-10 21:32:28.7302860 -03:00,10,0
1879938,26,26-CAMBIO DE HERRAMIENTAS DEBIDO A DESGASTE,490,siderca\12985,"CPA,CA15,CFC,CDS,CDT",2026-01-11 00:59:52.5457227 -03:00,1879861,2026-01-10 23:06:43.3485418 -03:00,11,0
1880035,26,26-CAMBIO DE HERRAMIENTAS DEBIDO A DESGASTE,813,siderca\12985,"CPT,CSR,CA15,CFC,CDT",2026-01-11 03:14:17.3532145 -03:00,1879938,2026-01-11 01:08:02.5457227 -03:00,13,0
1880261,26,26-CAMBIO DE HERRAMIENTAS DEBIDO A DESGASTE,235,siderca\60062291,"GA15,CDT",2026-01-12 07:23:13.5425528 -03:00,1880035,2026-01-11 03:27:50.3532145 -03:00,16,1
1880347,26,26-CAMBIO DE HERRAMIENTAS DEBIDO A DESGASTE,535.366,siderca\60062291,"CPA,GA15,GFC,GDS,CDT",2026-01-12 09:37:58.0996824 -03:00,1880261,2026-01-12 07:27:08.5425528 -03:00,10,1
1880507,26,26-CAMBIO DE HERRAMIENTAS DEBIDO A DESGASTE,600,siderca\14611,"GSR,CA15,CFC,CDT",2026-01-12 13:26:02.0000000 -03:00,1880347,2026-01-12 09:46:53.4656315 -03:00,12,3
1880542,26,26-CAMBIO DE HERRAMIENTAS DEBIDO A DESGASTE,550.916,siderca\14611,CPT,2026-01-12 14:43:03.5068610 -03:00,1880507,2026-01-12 13:36:02.0000000 -03:00,6,0
1880567,26,26-CAMBIO DE HERRAMIENTAS DEBIDO A DESGASTE,974.909,siderca\14611,"GSR,CA15,CFC,GDS,CDT",2026-01-12 15:31:19.3303931 -03:00,1880542,2026-01-12 14:52:14.4223010 -03:00,5,0
1880645,26,26-CAMBIO DE HERRAMIENTAS DEBIDO A DESGASTE,600.194,siderca\13066,"CPT,CA15",2026-01-12 17:32:04.3625604 -03:00,1880567,2026-01-12 15:47:34.2395950 -03:00,9,3
1880718,26,26-CAMBIO DE HERRAMIENTAS DEBIDO A DESGASTE,903.924,siderca\14611,"CPT,GSR,GA15,GFC,GDS,CDT",2026-01-12 20:07:19.3860096 -03:00,1880645,2026-01-12 17:42:04.5566967 -03:00,12,0
1880824,26,26-CAMBIO DE HERRAMIENTAS DEBIDO A DESGASTE,360.44,siderca\17701,"CA15,CFC",2026-01-12 22:13:34.6574089 -03:00,1880718,2026-01-12 20:22:23.3101038 -03:00,10,0
1880880,26,26-CAMBIO DE HERRAMIENTAS DEBIDO A DESGASTE,604.118,siderca\17701,"CPT,CA15,CFC,CDS",2026-01-12 23:42:39.9592814 -03:00,1880824,2026-01-12 22:19:35.0973576 -03:00,10,0
1880946,26,26-CAMBIO DE HERRAMIENTAS DEBIDO A DESGASTE,517.277,siderca\17701,"CSR,CA15,CFC,CDS",2026-01-13 01:13:38.2314360 -03:00,1880880,2026-01-12 23:52:44.0775859 -03:00,10,0
1881007,26,26-CAMBIO DE HERRAMIENTAS DEBIDO A DESGASTE,620.054,siderca\17701,"CPT,CA15,CFC,CDS",2026-01-13 02:43:54.4467914 -03:00,1880946,2026-01-13 01:22:15.5083160 -03:00,10,0
1881075,26,26-CAMBIO DE HERRAMIENTAS DEBIDO A DESGASTE,399.152,siderca\17701,"CA15,CFC",2026-01-13 04:14:45.2045115 -03:00,1881007,2026-01-13 02:54:14.5002512 -03:00,10,0
1881156,26,26-CAMBIO DE HERRAMIENTAS DEBIDO A DESGASTE,780.242,siderca\60062291,"CPT,CSR,GSR,CA15,GA15,GFC,GDS,CDT",2026-01-13 05:23:11.2732021 -03:00,1881075,2026-01-13 04:21:24.3560372 -03:00,7,0
1881188,26,26-CAMBIO DE HERRAMIENTAS DEBIDO A DESGASTE,397.286,siderca\60062291,"GA15,CDT",2026-01-13 06:46:07.7103041 -03:00,1881156,2026-01-13 05:36:11.5151959 -03:00,8,0
1881258,26,26-CAMBIO DE HERRAMIENTAS DEBIDO A DESGASTE,600.388,siderca\60062291,"CPT,GA15,GFC,GDS,CDT",2026-01-13 08:19:36.0779158 -03:00,1881188,2026-01-13 06:52:44.9960854 -03:00,10,0
1881312,26,26-CAMBIO DE HERRAMIENTAS DEBIDO A DESGASTE,527.538,siderca\60062291,"GSR,GA15,CDT",2026-01-13 09:52:06.8934661 -03:00,1881258,2026-01-13 08:29:36.4653303 -03:00,10,0
1881405,26,26-CAMBIO DE HERRAMIENTAS DEBIDO A DESGASTE,589,siderca\60062291,"CPT,GSR,CA15,GA15,CFC,GFC,CDS,CDT",2026-01-13 12:46:10.2303946 -03:00,1881312,2026-01-13 10:00:54.4313205 -03:00,11,0
1881473,26,26-CAMBIO DE HERRAMIENTAS DEBIDO A DESGASTE,288.94,siderca\12985,CA15,2026-01-13 14:24:02.0843213 -03:00,1881405,2026-01-13 12:55:59.2303946 -03:00,11,0
1881511,26,26-CAMBIO DE HERRAMIENTAS DEBIDO A DESGASTE,645,siderca\12985,"CPT,CSR,CA15,CDS,CDT",2026-01-13 15:41:57.4734331 -03:00,1881473,2026-01-13 14:28:51.0246138 -03:00,11,0
1881566,26,26-CAMBIO DE HERRAMIENTAS DEBIDO A DESGASTE,409.904,siderca\14611,"CPT,CA15",2026-01-13 17:19:32.1406295 -03:00,1881511,2026-01-13 15:52:42.4734331 -03:00,12,0
1881635,26,26-CAMBIO DE HERRAMIENTAS DEBIDO A DESGASTE,600.818,siderca\12985,"CPT,CA15,CDS,CDT",2026-01-13 19:11:16.3763507 -03:00,1881566,2026-01-13 17:26:22.0447964 -03:00,11,1
1881682,26,26-CAMBIO DE HERRAMIENTAS DEBIDO A DESGASTE,523.282,siderca\17701,"CPT,CSR,CA15,CFC,CDS",2026-01-13 20:51:16.7184560 -03:00,1881635,2026-01-13 19:21:17.1948777 -03:00,10,1
1881697,26,26-CAMBIO DE HERRAMIENTAS DEBIDO A DESGASTE,641.998,siderca\17701,"CPT,CSR,CA15,CFC,CDS",2026-01-13 21:00:00.0000000 -03:00,1881682,2026-01-13 21:00:00.0000000 -03:00,0,0
1881746,26,26-CAMBIO DE HERRAMIENTAS DEBIDO A DESGASTE,266.841,siderca\17701,"CA15,CFC",2026-01-13 22:21:51.2079299 -03:00,1881697,2026-01-13 21:10:41.9985203 -03:00,11,0
1881779,26,26-CAMBIO DE HERRAMIENTAS DEBIDO A DESGASTE,413,siderca\17701,"CPT,CA15,CFC,CDS",2026-01-13 23:34:21.2424754 -03:00,1881746,2026-01-13 22:26:18.0485431 -03:00,11,0
1881825,26,26-CAMBIO DE HERRAMIENTAS DEBIDO A DESGASTE,258.739,siderca\17701,"CSR,CA15",2026-01-14 00:54:18.8660251 -03:00,1881779,2026-01-13 23:41:14.2424754 -03:00,11,0
1881873,26,26-CAMBIO DE HERRAMIENTAS DEBIDO A DESGASTE,605.899,siderca\17701,"CPT,CA15,CFC,CDS",2026-01-14 02:28:58.8892406 -03:00,1881825,2026-01-14 00:58:37.6054364 -03:00,11,0
1881930,26,26-CAMBIO DE HERRAMIENTAS DEBIDO A DESGASTE,274.596,siderca\17701,"CA15,CFC",2026-01-14 03:57:38.0658646 -03:00,1881873,2026-01-14 02:39:04.7887643 -03:00,12,2
1882006,26,26-CAMBIO DE HERRAMIENTAS DEBIDO A DESGASTE,720.44,siderca\60062291,"CPT,GSR,CA15,GA15,CFC,GFC,GDS,CDT",2026-01-14 05:31:59.5568993 -03:00,1881930,2026-01-14 04:02:12.6615238 -03:00,11,0
1882077,26,26-CAMBIO DE HERRAMIENTAS DEBIDO A DESGASTE,272.935,siderca\60062291,"GA15,CDT",2026-01-14 07:24:58.9538392 -03:00,1882006,2026-01-14 05:43:59.9967595 -03:00,11,0
1882161,26,26-CAMBIO DE HERRAMIENTAS DEBIDO A DESGASTE,480.324,siderca\60062291,"CPT,GA15,GFC,GDS,CDT",2026-01-14 09:18:27.6360414 -03:00,1882077,2026-01-14 07:29:31.8884433 -03:00,13,0
1882224,26,26-CAMBIO DE HERRAMIENTAS DEBIDO A DESGASTE,360.683,siderca\60062291,"CSR,GSR,GA15,CDT",2026-01-14 10:57:03.8355648 -03:00,1882161,2026-01-14 09:26:27.9603073 -03:00,11,0
1882267,26,26-CAMBIO DE HERRAMIENTAS DEBIDO A DESGASTE,631.596,siderca\60062291,"CPT,CA15,GA15,GFC,CDS,GDS",2026-01-14 12:24:36.2872128 -03:00,1882224,2026-01-14 11:03:04.5180036 -03:00,11,0
1882364,26,26-CAMBIO DE HERRAMIENTAS DEBIDO A DESGASTE,812.486,siderca\12985,"CPT,CSR,CA15,CFC,CDS,CDT",2026-01-14 14:55:21.7321827 -03:00,1882267,2026-01-14 12:35:07.8838399 -03:00,7,0
1882440,26,26-CAMBIO DE HERRAMIENTAS DEBIDO A DESGASTE,551.465,siderca\12985,"CA15,CDT",2026-01-14 16:46:09.7913995 -03:00,1882364,2026-01-14 15:08:54.2188445 -03:00,12,0
1882493,26,26-CAMBIO DE HERRAMIENTAS DEBIDO A DESGASTE,827,siderca\12985,"CPT,CA15,CFC,CDS,CDT",2026-01-14 18:22:23.3471758 -03:00,1882440,2026-01-14 16:55:21.2562299 -03:00,11,0
1882577,26,26-CAMBIO DE HERRAMIENTAS DEBIDO A DESGASTE,541.129,siderca\12985,"CSR,CA15,CDT",2026-01-14 20:25:13.8024203 -03:00,1882493,2026-01-14 18:36:10.3471758 -03:00,11,0
1882683,26,26-CAMBIO DE HERRAMIENTAS DEBIDO A DESGASTE,538.96,siderca\17701,"CPT,CA15,CFC,CDS",2026-01-14 22:25:38.0177360 -03:00,1882577,2026-01-14 20:34:14.9315037 -03:00,11,0
1882762,26,26-CAMBIO DE HERRAMIENTAS DEBIDO A DESGASTE,360.699,siderca\17701,"CA15,CFC",2026-01-15 00:11:31.0170291 -03:00,1882683,2026-01-14 22:34:36.9778578 -03:00,12,0
1882837,26,26-CAMBIO DE HERRAMIENTAS DEBIDO A DESGASTE,693.065,siderca\17701,"CPT,CSR,CA15,CFC,CDS",2026-01-15 01:44:51.7364496 -03:00,1882762,2026-01-15 00:17:31.7161387 -03:00,11,0
1882936,26,26-CAMBIO DE HERRAMIENTAS DEBIDO A DESGASTE,300.765,siderca\17701,"CA15,CFC",2026-01-15 03:58:42.1462953 -03:00,1882837,2026-01-15 01:56:24.8012697 -03:00,11,0
1883005,26,26-CAMBIO DE HERRAMIENTAS DEBIDO A DESGASTE,837.703,siderca\60062291,"CPT,GA15,GFC,GDS,CDT",2026-01-15 05:31:11.0115596 -03:00,1882936,2026-01-15 04:03:42.9114094 -03:00,11,0
1883084,26,26-CAMBIO DE HERRAMIENTAS DEBIDO A DESGASTE,360.25,siderca\60062291,"CSR,CA15,GA15,CDT",2026-01-15 07:17:27.9766317 -03:00,1883005,2026-01-15 05:45:08.7146606 -03:00,11,0
1883138,26,26-CAMBIO DE HERRAMIENTAS DEBIDO A DESGASTE,759.807,siderca\60062291,"CPT,GA15,GFC,GDS,CDT",2026-01-15 08:59:41.3842773 -03:00,1883084,2026-01-15 07:23:28.2262836 -03:00,11,0
1883286,26,26-CAMBIO DE HERRAMIENTAS DEBIDO A DESGASTE,845.452,siderca\12985,"CPT,CSR,CA15,CFC,CDS,CDT",2026-01-15 13:10:28.7066563 -03:00,1883138,2026-01-15 09:12:21.1911926 -03:00,23,1
1883365,26,26-CAMBIO DE HERRAMIENTAS DEBIDO A DESGASTE,477.812,siderca\12985,"CA15,CDT",2026-01-15 14:59:32.0276652 -03:00,1883286,2026-01-15 13:24:34.1585851 -03:00,12,0
1883388,26,26-CAMBIO DE HERRAMIENTAS DEBIDO A DESGASTE,441.605,siderca\12985,CPT,2026-01-15 15:37:33.1613849 -03:00,1883365,2026-01-15 15:07:29.8395211 -03:00,4,0
1883436,26,26-CAMBIO DE HERRAMIENTAS DEBIDO A DESGASTE,688.394,siderca\12985,"CA15,CFC,CDS,CDT",2026-01-15 16:41:37.9775210 -03:00,1883388,2026-01-15 15:44:54.7669142 -03:00,7,0
1883507,26,26-CAMBIO DE HERRAMIENTAS DEBIDO A DESGASTE,790.406,siderca\12985,"CPT,CSR,CA15,CFC,CDS,CDT",2026-01-15 18:16:51.0481506 -03:00,1883436,2026-01-15 16:53:06.3718771 -03:00,11,0
1883637,26,26-CAMBIO DE HERRAMIENTAS DEBIDO A DESGASTE,471.747,siderca\17701,"CA15,CDS,CDT",2026-01-15 20:39:08.5215287 -03:00,1883507,2026-01-15 18:30:01.4548574 -03:00,13,0
1883740,26,26-CAMBIO DE HERRAMIENTAS DEBIDO A DESGASTE,589.081,siderca\17701,"CPT,CA15,CFC,CDS",2026-01-15 22:15:45.9113556 -03:00,1883637,2026-01-15 20:47:00.2688355 -03:00,11,0
1883821,26,26-CAMBIO DE HERRAMIENTAS DEBIDO A DESGASTE,425.766,siderca\17701,"CSR,CA15,CFC",2026-01-15 23:49:21.3894183 -03:00,1883740,2026-01-15 22:25:34.9923471 -03:00,11,0
1883897,26,26-CAMBIO DE HERRAMIENTAS DEBIDO A DESGASTE,452,siderca\17701,"CPT,CA15,CFC,CDS",2026-01-16 01:22:35.6026756 -03:00,1883821,2026-01-15 23:56:27.1556002 -03:00,11,0
1884023,26,26-CAMBIO DE HERRAMIENTAS DEBIDO A DESGASTE,412.11,siderca\17701,"CA15,CFC",2026-01-16 03:58:52.4708089 -03:00,1883897,2026-01-16 01:30:07.6026756 -03:00,12,0
1884111,26,26-CAMBIO DE HERRAMIENTAS DEBIDO A DESGASTE,972.161,siderca\60062291,"CPT,CSR,GSR,GA15,CFC,GFC,GDS,CDT",2026-01-16 05:23:41.2351910 -03:00,1884023,2026-01-16 04:05:44.5802388 -03:00,9,1
1884242,26,26-CAMBIO DE HERRAMIENTAS DEBIDO A DESGASTE,315.165,siderca\60062291,"GA15,CDT",2026-01-16 08:13:01.7179803 -03:00,1884111,2026-01-16 05:39:53.3969615 -03:00,11,0
1884292,26,26-CAMBIO DE HERRAMIENTAS DEBIDO A DESGASTE,642.305,siderca\60062291,"CPT,CSR,GSR,CA15,CFC,GFC,GDS,CDT",2026-01-16 09:15:00.3551231 -03:00,1884242,2026-01-16 08:18:16.8827905 -03:00,9,0
1884348,26,26-CAMBIO DE HERRAMIENTAS DEBIDO A DESGASTE,130.606,siderca\60062291,CDT,2026-01-16 10:35:48.0423932 -03:00,1884292,2026-01-16 09:25:42.6604942 -03:00,11,0
1884395,26,26-CAMBIO DE HERRAMIENTAS DEBIDO A DESGASTE,568.736,siderca\60062291,"CPT,GA15,GFC,CDS,CDT",2026-01-16 11:46:23.0779067 -03:00,1884348,2026-01-16 10:37:58.6485647 -03:00,11,0
1884482,26,26-CAMBIO DE HERRAMIENTAS DEBIDO A DESGASTE,302,siderca\12985,"CSR,CA15",2026-01-16 13:12:14.4124815 -03:00,1884395,2026-01-16 11:55:51.8130034 -03:00,11,0
1884546,26,26-CAMBIO DE HERRAMIENTAS DEBIDO A DESGASTE,736.178,siderca\12985,"CPT,CA15,CDS,CDT",2026-01-16 14:37:27.6445608 -03:00,1884482,2026-01-16 13:17:16.4124815 -03:00,11,0
1884665,26,26-CAMBIO DE HERRAMIENTAS DEBIDO A DESGASTE,185.655,siderca\12985,CA15,2026-01-16 17:00:39.4066793 -03:00,1884546,2026-01-16 14:49:43.8226160 -03:00,11,0
1884726,26,26-CAMBIO DE HERRAMIENTAS DEBIDO A DESGASTE,836,siderca\12985,"CPT,CSR,CA15,CFC,CDS,CDT",2026-01-16 18:16:56.1414568 -03:00,1884665,2026-01-16 17:03:45.0616799 -03:00,10,0
1884828,26,26-CAMBIO DE HERRAMIENTAS DEBIDO A DESGASTE,319.441,siderca\12985,"CA15,CFC",2026-01-16 20:14:48.8474558 -03:00,1884726,2026-01-16 18:30:52.1414568 -03:00,13,0
1884914,26,26-CAMBIO DE HERRAMIENTAS DEBIDO A DESGASTE,543,siderca\17701,"CPT,CA15,CFC,CDS",2026-01-16 21:41:08.1373920 -03:00,1884828,2026-01-16 20:20:08.2884170 -03:00,10,0
1884994,26,26-CAMBIO DE HERRAMIENTAS DEBIDO A DESGASTE,411.84,siderca\17701,"CSR,CA15",2026-01-16 23:10:23.2493648 -03:00,1884914,2026-01-16 21:50:11.1373920 -03:00,11,0
1885059,26,26-CAMBIO DE HERRAMIENTAS DEBIDO A DESGASTE,553.796,siderca\17701,"CPT,CA15,CFC,CDS",2026-01-17 00:34:34.4675588 -03:00,1884994,2026-01-16 23:17:15.0891513 -03:00,11,0
1885178,26,26-CAMBIO DE HERRAMIENTAS DEBIDO A DESGASTE,240.925,siderca\17701,CA15,2026-01-17 02:36:50.6631791 -03:00,1885059,2026-01-17 00:43:48.2636848 -03:00,11,0
1885233,26,26-CAMBIO DE HERRAMIENTAS DEBIDO A DESGASTE,629.006,siderca\17701,"CPT,CSR,CA15,CFC,CDS",2026-01-17 03:54:04.7983562 -03:00,1885178,2026-01-17 02:40:51.5887115 -03:00,10,0
1885309,26,26-CAMBIO DE HERRAMIENTAS DEBIDO A DESGASTE,149.55,siderca\60062291,CDT,2026-01-17 05:29:57.9815711 -03:00,1885233,2026-01-17 04:04:33.8040179 -03:00,11,0
1885363,26,26-CAMBIO DE HERRAMIENTAS DEBIDO A DESGASTE,745,siderca\60062291,"CPT,CSR,GSR,GA15,GFC,GDS,CDT",2026-01-17 06:45:41.6656473 -03:00,1885309,2026-01-17 05:32:27.5314805 -03:00,10,0
1885521,26,26-CAMBIO DE HERRAMIENTAS DEBIDO A DESGASTE,337.582,siderca\60062291,"CA15,CDT",2026-01-17 09:30:41.6069863 -03:00,1885363,2026-01-17 06:58:06.6656473 -03:00,11,0
1885602,26,26-CAMBIO DE HERRAMIENTAS DEBIDO A DESGASTE,748.622,siderca\60062291,"CPT,CSR,GSR,GA15,CFC,GFC,CDS,CDT",2026-01-17 10:59:28.4766443 -03:00,1885521,2026-01-17 09:36:19.1881690 -03:00,10,0
1885717,26,26-CAMBIO DE HERRAMIENTAS DEBIDO A DESGASTE,488.787,siderca\12985,"CA15,CDT",2026-01-17 13:21:30.5184503 -03:00,1885602,2026-01-17 11:11:57.0980019 -03:00,12,2
1885870,26,26-CAMBIO DE HERRAMIENTAS DEBIDO A DESGASTE,707,siderca\12985,"CPT,CA15,CFC,CDS,CDT",2026-01-17 15:59:43.7545415 -03:00,1885717,2026-01-17 13:29:39.3056830 -03:00,13,0
1885965,26,26-CAMBIO DE HERRAMIENTAS DEBIDO A DESGASTE,747.253,siderca\12985,"CSR,CA15,CFC,CDT",2026-01-17 17:35:51.4563554 -03:00,1885870,2026-01-17 16:11:30.7545415 -03:00,11,0
1886066,26,26-CAMBIO DE HERRAMIENTAS DEBIDO A DESGASTE,660.559,siderca\12985,"CPT,CA15,CDS,CDT",2026-01-17 19:20:55.7480936 -03:00,1885965,2026-01-17 17:48:18.7096617 -03:00,10,0
1886151,26,26-CAMBIO DE HERRAMIENTAS DEBIDO A DESGASTE,396,siderca\17701,"CA15,CFC",2026-01-17 21:00:00.0000000 -03:00,1886066,2026-01-17 19:31:56.3074332 -03:00,11,1
1886250,26,26-CAMBIO DE HERRAMIENTAS DEBIDO A DESGASTE,658.583,siderca\17701,"CPT,CSR,CA15,CFC,CDS",2026-01-17 22:34:17.8900326 -03:00,1886151,2026-01-17 21:06:36.0000000 -03:00,11,0
1886377,26,26-CAMBIO DE HERRAMIENTAS DEBIDO A DESGASTE,300.864,siderca\17701,"CA15,CFC",2026-01-18 00:38:02.6046500 -03:00,1886250,2026-01-17 22:45:16.4736457 -03:00,10,0
1886517,26,26-CAMBIO DE HERRAMIENTAS DEBIDO A DESGASTE,540.169,siderca\17701,"CPT,CA15,CFC,CDS",2026-01-18 02:36:27.8779610 -03:00,1886377,2026-01-18 00:43:03.4689878 -03:00,11,0
1886579,26,26-CAMBIO DE HERRAMIENTAS DEBIDO A DESGASTE,385.457,siderca\17701,"CSR,CA15,CFC",2026-01-18 04:05:24.0836802 -03:00,1886517,2026-01-18 02:45:28.0469493 -03:00,10,0
1886746,26,26-CAMBIO DE HERRAMIENTAS DEBIDO A DESGASTE,840.191,siderca\12985,"CPT,CSR,CA15,CFC,CDS,CDT",2026-01-19 06:05:54.9099978 -03:00,1886579,2026-01-18 04:11:49.5404299 -03:00,8,0
1886792,26,26-CAMBIO DE HERRAMIENTAS DEBIDO A DESGASTE,229.19,siderca\12985,CSR,2026-01-19 07:25:33.2355002 -03:00,1886746,2026-01-19 06:19:55.1007113 -03:00,7,0
1886860,26,26-CAMBIO DE HERRAMIENTAS DEBIDO A DESGASTE,420.785,siderca\12985,"CA15,CDT",2026-01-19 08:27:56.3183309 -03:00,1886792,2026-01-19 07:29:22.4256725 -03:00,5,0
1886966,26,26-CAMBIO DE HERRAMIENTAS DEBIDO A DESGASTE,677,siderca\12985,"CPT,CA15,CDT",2026-01-19 10:41:33.1426091 -03:00,1886860,2026-01-19 08:34:57.1039459 -03:00,12,0
1887121,26,26-CAMBIO DE HERRAMIENTAS DEBIDO A DESGASTE,536,siderca\17701,"GSR,CA15,CFC",2026-01-19 13:42:46.2081934 -03:00,1886966,2026-01-19 10:52:50.1426091 -03:00,12,1
1887217,26,26-CAMBIO DE HERRAMIENTAS DEBIDO A DESGASTE,560,siderca\17701,"CPT,CFC,CDS",2026-01-19 15:31:33.4014468 -03:00,1887121,2026-01-19 13:51:42.2081934 -03:00,10,0
1887289,26,26-CAMBIO DE HERRAMIENTAS DEBIDO A DESGASTE,310.681,siderca\17701,"CA15,CFC",2026-01-19 17:09:16.4493001 -03:00,1887217,2026-01-19 15:40:53.4014468 -03:00,11,0
1887380,26,26-CAMBIO DE HERRAMIENTAS DEBIDO A DESGASTE,621,siderca\17701,"CPT,CSR,CA15,CFC,CDS",2026-01-19 19:08:42.7681927 -03:00,1887289,2026-01-19 17:14:27.1300884 -03:00,10,0
1887491,26,26-CAMBIO DE HERRAMIENTAS DEBIDO A DESGASTE,273,siderca\60062291,"GA15,CDT",2026-01-19 21:11:48.2821585 -03:00,1887380,2026-01-19 19:19:03.7681927 -03:00,11,2
1887577,26,26-CAMBIO DE HERRAMIENTAS DEBIDO A DESGASTE,685.191,siderca\60062291,"CPT,CA15,CFC,GFC,GDS,CDT",2026-01-19 23:05:58.8274720 -03:00,1887491,2026-01-19 21:16:21.2821585 -03:00,11,0
1887643,26,26-CAMBIO DE HERRAMIENTAS DEBIDO A DESGASTE,546.848,siderca\60062291,"CSR,GSR,GA15,CDT",2026-01-20 00:37:16.7046486 -03:00,1887577,2026-01-19 23:17:24.0188862 -03:00,8,0
1887716,26,26-CAMBIO DE HERRAMIENTAS DEBIDO A DESGASTE,715.044,siderca\60062291,"CPT,GA15,GFC,GDS,CDT",2026-01-20 02:09:33.4635678 -03:00,1887643,2026-01-20 00:46:23.5528355 -03:00,9,0
1887804,26,26-CAMBIO DE HERRAMIENTAS DEBIDO A DESGASTE,437.181,siderca\60062291,"GA15,CDT",2026-01-20 04:08:41.7017505 -03:00,1887716,2026-01-20 02:21:28.5073956 -03:00,10,0
1887883,26,26-CAMBIO DE HERRAMIENTAS DEBIDO A DESGASTE,813.897,siderca\12985,"CPT,CSR,CA15,CDS,CDT",2026-01-20 05:47:17.5081557 -03:00,1887804,2026-01-20 04:15:58.8821813 -03:00,11,0
1887954,26,26-CAMBIO DE HERRAMIENTAS DEBIDO A DESGASTE,528.933,siderca\12985,"CA15,CFC,CDT",2026-01-20 07:36:19.0066219 -03:00,1887883,2026-01-20 06:00:51.4052292 -03:00,12,0
1888063,26,26-CAMBIO DE HERRAMIENTAS DEBIDO A DESGASTE,158.093,siderca\12985,CA15,2026-01-20 10:14:29.9565982 -03:00,1887954,2026-01-20 07:45:07.9398021 -03:00,11,1
1888072,26,26-CAMBIO DE HERRAMIENTAS DEBIDO A DESGASTE,721,siderca\12985,"CPT,CA15,CDS,CDT",2026-01-20 10:24:11.0493070 -03:00,1888063,2026-01-20 10:17:08.0493070 -03:00,1,0
1888300,26,26-CAMBIO DE HERRAMIENTAS DEBIDO A DESGASTE,575.168,siderca\17701,"CPA,CA15,CFC,CDS",2026-01-20 14:50:27.5306208 -03:00,1888072,2026-01-20 10:36:12.0493070 -03:00,20,0
1888390,26,26-CAMBIO DE HERRAMIENTAS DEBIDO A DESGASTE,325.863,siderca\17701,"CA15,CFC",2026-01-20 16:23:49.6728483 -03:00,1888300,2026-01-20 15:00:02.6982838 -03:00,11,0
1888510,26,26-CAMBIO DE HERRAMIENTAS DEBIDO A DESGASTE,660,siderca\17701,"CPT,CSR,CA15,CFC,CDS",2026-01-20 18:31:22.5831629 -03:00,1888390,2026-01-20 16:29:15.5354524 -03:00,11,1
1888592,26,26-CAMBIO DE HERRAMIENTAS DEBIDO A DESGASTE,256.593,siderca\17701,"CA15,CFC",2026-01-20 20:26:29.5117646 -03:00,1888510,2026-01-20 18:42:22.5831629 -03:00,11,0
1888668,26,26-CAMBIO DE HERRAMIENTAS DEBIDO A DESGASTE,738.64,siderca\60062291,"CPT,GSR,CA15,GFC,GDS,CDT",2026-01-20 21:41:30.7902180 -03:00,1888592,2026-01-20 20:30:46.1042272 -03:00,9,0
1888747,26,26-CAMBIO DE HERRAMIENTAS DEBIDO A DESGASTE,311.54,siderca\60062291,"GA15,CDT",2026-01-20 23:26:16.5409591 -03:00,1888668,2026-01-20 21:53:49.4306809 -03:00,10,0
1888832,26,26-CAMBIO DE HERRAMIENTAS DEBIDO A DESGASTE,671.144,siderca\60062291,"CPT,GA15,GFC,GDS,CDT",2026-01-21 01:10:10.2432673 -03:00,1888747,2026-01-20 23:31:28.0808564 -03:00,10,2
1888930,26,26-CAMBIO DE HERRAMIENTAS DEBIDO A DESGASTE,466,siderca\60062291,"CSR,GSR,GA15,CDT",2026-01-21 02:57:52.3775378 -03:00,1888832,2026-01-21 01:21:21.3875899 -03:00,10,0
1889015,26,26-CAMBIO DE HERRAMIENTAS DEBIDO A DESGASTE,592,siderca\60062291,"CPT,CA15,CFC,GFC,CDS,CDT",2026-01-21 04:40:55.8035810 -03:00,1888930,2026-01-21 03:05:38.3775378 -03:00,11,0
1889113,26,26-CAMBIO DE HERRAMIENTAS DEBIDO A DESGASTE,420.415,siderca\12985,"CA15,CFC,CDT",2026-01-21 06:22:37.2203205 -03:00,1889015,2026-01-21 04:50:47.8035810 -03:00,10,0
1889180,26,26-CAMBIO DE HERRAMIENTAS DEBIDO A DESGASTE,818.849,siderca\12985,"CPT,CSR,CA15,CDS,CDT",2026-01-21 07:53:35.8819781 -03:00,1889113,2026-01-21 06:29:37.6356512 -03:00,11,0
1889275,26,26-CAMBIO DE HERRAMIENTAS DEBIDO A DESGASTE,540,siderca\12985,"GFC,CDT",2026-01-21 09:59:06.7316225 -03:00,1889180,2026-01-21 08:07:14.7307596 -03:00,11,0
1889349,26,26-CAMBIO DE HERRAMIENTAS DEBIDO A DESGASTE,758,siderca\12985,"CPT,CA15,CDS,CDT",2026-01-21 11:37:27.2927310 -03:00,1889275,2026-01-21 10:08:06.7316225 -03:00,11,0
1889451,26,26-CAMBIO DE HERRAMIENTAS DEBIDO A DESGASTE,440.943,siderca\17701,"CSR,CA15,CFC",2026-01-21 13:36:16.7233600 -03:00,1889349,2026-01-21 11:50:05.2927310 -03:00,11,0
1889532,26,26-CAMBIO DE HERRAMIENTAS DEBIDO A DESGASTE,469.59,siderca\17701,"CPT,CA15,CFC,CDS",2026-01-21 15:21:11.9744755 -03:00,1889451,2026-01-21 13:43:37.6665110 -03:00,10,0
1889613,26,26-CAMBIO DE HERRAMIENTAS DEBIDO A DESGASTE,317,siderca\17701,"CA15,CFC",2026-01-21 17:11:06.2723262 -03:00,1889532,2026-01-21 15:29:01.5642100 -03:00,10,0
1889749,26,26-CAMBIO DE HERRAMIENTAS DEBIDO A DESGASTE,682,siderca\17701,"CPT,CSR,CA15,CFC,CDS",2026-01-21 20:23:16.2202787 -03:00,1889613,2026-01-21 17:16:23.2723262 -03:00,11,0
1889832,26,26-CAMBIO DE HERRAMIENTAS DEBIDO A DESGASTE,237.03,siderca\60062291,CDT,2026-01-21 22:10:37.4447440 -03:00,1889749,2026-01-21 20:34:38.2202787 -03:00,11,1
1889889,26,26-CAMBIO DE HERRAMIENTAS DEBIDO A DESGASTE,557.958,siderca\60062291,"CPT,GA15,CFC,GFC,GDS,CDT",2026-01-21 23:29:23.3132390 -03:00,1889832,2026-01-21 22:14:34.4742544 -03:00,11,0
1889953,26,26-CAMBIO DE HERRAMIENTAS DEBIDO A DESGASTE,361.144,siderca\60062291,"GSR,CDT",2026-01-22 01:02:58.4368390 -03:00,1889889,2026-01-21 23:38:41.2718467 -03:00,10,0
1890007,26,26-CAMBIO DE HERRAMIENTAS DEBIDO A DESGASTE,557.376,siderca\60062291,"CPT,GA15,CFC,GFC,GDS,CDT",2026-01-22 02:20:01.0108948 -03:00,1889953,2026-01-22 01:08:59.5806945 -03:00,10,0
1890055,26,26-CAMBIO DE HERRAMIENTAS DEBIDO A DESGASTE,180,siderca\60062291,CDT,2026-01-22 03:36:23.5287610 -03:00,1890007,2026-01-22 02:29:18.3869137 -03:00,11,0
1890123,26,26-CAMBIO DE HERRAMIENTAS DEBIDO A DESGASTE,836.23,siderca\12985,"CPT,CSR,CA15,CFC,CDS,CDT",2026-01-22 05:00:44.7741685 -03:00,1890055,2026-01-22 03:39:23.5287610 -03:00,11,0
1890197,26,26-CAMBIO DE HERRAMIENTAS DEBIDO A DESGASTE,424,siderca\12985,CA15,2026-01-22 06:44:28.4695499 -03:00,1890123,2026-01-22 05:14:41.0044758 -03:00,12,1
1890230,26,26-CAMBIO DE HERRAMIENTAS DEBIDO A DESGASTE,605,siderca\12985,"CPT,CA15,CDS,CDT",2026-01-22 07:55:36.5121015 -03:00,1890197,2026-01-22 06:51:32.4695499 -03:00,10,0
1890288,26,26-CAMBIO DE HERRAMIENTAS DEBIDO A DESGASTE,373.799,siderca\12985,"CSR,CA15,CFC",2026-01-22 09:25:10.6948088 -03:00,1890230,2026-01-22 08:05:41.5121015 -03:00,11,0
1890305,26,26-CAMBIO DE HERRAMIENTAS DEBIDO A DESGASTE,90.728,siderca\12985,CPT,2026-01-22 09:50:26.9375160 -03:00,1890288,2026-01-22 09:31:24.4936880 -03:00,3,0
1890374,26,26-CAMBIO DE HERRAMIENTAS DEBIDO A DESGASTE,600.138,siderca\12985,"CPT,CA15,CDS,CDT",2026-01-22 11:35:40.0143536 -03:00,1890305,2026-01-22 09:51:57.6658021 -03:00,8,0
1890441,26,26-CAMBIO DE HERRAMIENTAS DEBIDO A DESGASTE,265.713,siderca\17701,CA15,2026-01-22 13:12:02.7548376 -03:00,1890374,2026-01-22 11:45:40.1520204 -03:00,10,0
1890483,26,26-CAMBIO DE HERRAMIENTAS DEBIDO A DESGASTE,701,siderca\17701,"CPT,CSR,CA15,CFC,CDS",2026-01-22 14:23:42.0027196 -03:00,1890441,2026-01-22 13:16:28.4671987 -03:00,11,0
1890557,26,26-CAMBIO DE HERRAMIENTAS DEBIDO A DESGASTE,196.155,siderca\17701,CA15,2026-01-22 16:22:04.7838298 -03:00,1890483,2026-01-22 14:35:23.0027196 -03:00,11,0
1890593,26,26-CAMBIO DE HERRAMIENTAS DEBIDO A DESGASTE,504,siderca\17701,"CPT,CA15,CFC,CDS",2026-01-22 17:29:59.9824710 -03:00,1890557,2026-01-22 16:25:20.9386898 -03:00,8,1
1890679,26,26-CAMBIO DE HERRAMIENTAS DEBIDO A DESGASTE,172.11,siderca\17701,"CSR,CA15",2026-01-22 19:31:03.3803926 -03:00,1890593,2026-01-22 17:38:23.9824710 -03:00,11,0
1890724,26,26-CAMBIO DE HERRAMIENTAS DEBIDO A DESGASTE,539.313,siderca\17701,"CPT,CA15,CFC,CDS",2026-01-22 20:30:54.7929470 -03:00,1890679,2026-01-22 19:33:55.4903176 -03:00,8,0
1890786,26,26-CAMBIO DE HERRAMIENTAS DEBIDO A DESGASTE,46.785,siderca\60062291,CDT,2026-01-22 22:01:14.3350392 -03:00,1890724,2026-01-22 20:39:54.1056582 -03:00,10,0
1890821,26,26-CAMBIO DE HERRAMIENTAS DEBIDO A DESGASTE,697.983,siderca\60062291,"CPT,GSR,GA15,GFC,GDS,CDT",2026-01-22 23:09:02.5694802 -03:00,1890786,2026-01-22 22:02:01.1207906 -03:00,10,0
1890860,26,26-CAMBIO DE HERRAMIENTAS DEBIDO A DESGASTE,150,siderca\60062291,CDT,2026-01-23 00:34:38.5848819 -03:00,1890821,2026-01-22 23:20:40.5521412 -03:00,10,0
1890901,26,26-CAMBIO DE HERRAMIENTAS DEBIDO A DESGASTE,927.685,siderca\60062291,"CPT,GA15,GFC,CDS,CDT",2026-01-23 01:51:26.8751669 -03:00,1890860,2026-01-23 00:37:08.5848819 -03:00,11,0
1890958,26,26-CAMBIO DE HERRAMIENTAS DEBIDO A DESGASTE,300.152,siderca\60062291,"CSR,GSR,CDT",2026-01-23 03:46:56.0951873 -03:00,1890901,2026-01-23 02:06:54.5603482 -03:00,10,1
1891021,26,26-CAMBIO DE HERRAMIENTAS DEBIDO A DESGASTE,790.113,siderca\12985,"CPT,CA15,CFC,CDS,CDT",2026-01-23 05:11:57.7446315 -03:00,1890958,2026-01-23 03:51:56.2471889 -03:00,10,0
1891079,26,26-CAMBIO DE HERRAMIENTAS DEBIDO A DESGASTE,187.959,siderca\12985,CA15,2026-01-23 06:39:38.5445189 -03:00,1891021,2026-01-23 05:25:07.8575902 -03:00,10,0
1891148,26,26-CAMBIO DE HERRAMIENTAS DEBIDO A DESGASTE,600.623,siderca\12985,"CPT,CSR,CA15,CDS,CDT",2026-01-23 08:09:09.3482705 -03:00,1891079,2026-01-23 06:42:46.5034602 -03:00,9,0
1891204,26,26-CAMBIO DE HERRAMIENTAS DEBIDO A DESGASTE,68.579,siderca\12985,CA15,2026-01-23 10:00:40.5937849 -03:00,1891148,2026-01-23 08:19:09.9715139 -03:00,13,0
1891337,26,26-CAMBIO DE HERRAMIENTAS DEBIDO A DESGASTE,571,siderca\17701,"CPT,CA15,CFC,CDS",2026-01-23 13:00:00.0000000 -03:00,1891204,2026-01-23 10:01:49.1727602 -03:00,14,1
1891418,26,26-CAMBIO DE HERRAMIENTAS DEBIDO A DESGASTE,279.585,siderca\17701,"CSR,CA15",2026-01-23 14:43:19.2655301 -03:00,1891337,2026-01-23 13:09:31.0000000 -03:00,11,0
1891455,26,26-CAMBIO DE HERRAMIENTAS DEBIDO A DESGASTE,449.162,siderca\17701,"CPT,CA15,CFC,CDS",2026-01-23 16:06:46.4220189 -03:00,1891418,2026-01-23 14:47:58.8507365 -03:00,11,0
1891518,26,26-CAMBIO DE HERRAMIENTAS DEBIDO A DESGASTE,106.9,siderca\17701,CA15,2026-01-23 17:57:15.8324927 -03:00,1891455,2026-01-23 16:14:15.5842083 -03:00,11,0
1891578,26,26-CAMBIO DE HERRAMIENTAS DEBIDO A DESGASTE,600.226,siderca\17701,"CPT,CSR,CA15,CFC,CDS",2026-01-23 19:51:58.7532478 -03:00,1891518,2026-01-23 17:59:02.7326670 -03:00,11,0
1891632,26,26-CAMBIO DE HERRAMIENTAS DEBIDO A DESGASTE,229.966,siderca\60062291,CDT,2026-01-23 21:16:47.0235352 -03:00,1891578,2026-01-23 20:01:58.9798635 -03:00,9,0
1891667,26,26-CAMBIO DE HERRAMIENTAS DEBIDO A DESGASTE,695.544,siderca\60062291,"CPT,GA15,GFC,GDS,CDT",2026-01-23 22:40:53.9104786 -03:00,1891632,2026-01-23 21:20:36.9898013 -03:00,11,0
1891710,26,26-CAMBIO DE HERRAMIENTAS DEBIDO A DESGASTE,269,siderca\60062291,"GSR,CDT",2026-01-24 00:20:39.3203144 -03:00,1891667,2026-01-23 22:52:29.4548251 -03:00,11,0
1891744,26,26-CAMBIO DE HERRAMIENTAS DEBIDO A DESGASTE,791.634,siderca\60062291,"CPT,CA15,CFC,GFC,CDS,CDT",2026-01-24 01:51:17.3117699 -03:00,1891710,2026-01-24 00:25:08.3203144 -03:00,11,0
1891814,26,26-CAMBIO DE HERRAMIENTAS DEBIDO A DESGASTE,208.525,siderca\60062291,CDT,2026-01-24 04:33:53.8084502 -03:00,1891744,2026-01-24 02:04:28.9458783 -03:00,10,3
1891876,26,26-CAMBIO DE HERRAMIENTAS DEBIDO A DESGASTE,832,siderca\12985,"CPT,CSR,CA15,CFC,CDS,CDT",2026-01-24 06:18:29.4600708 -03:00,1891814,2026-01-24 04:37:22.3330466 -03:00,11,0
1891964,26,26-CAMBIO DE HERRAMIENTAS DEBIDO A DESGASTE,712.904,siderca\12985,"CPT,CA15,CFC,CDS,CDT",2026-01-24 10:10:58.5971913 -03:00,1891876,2026-01-24 06:32:21.4600708 -03:00,25,3
1892009,26,26-CAMBIO DE HERRAMIENTAS DEBIDO A DESGASTE,520.394,siderca\12985,"CSR,CA15,CFC,CDS,CDT",2026-01-24 11:58:57.4821918 -03:00,1891964,2026-01-24 10:22:51.5014653 -03:00,10,0
1892112,26,26-CAMBIO DE HERRAMIENTAS DEBIDO A DESGASTE,420.934,siderca\17701,"CPT,CA15,CFC,CDS",2026-01-24 13:55:50.8447598 -03:00,1892009,2026-01-24 12:07:37.8768827 -03:00,11,0
1892139,26,26-CAMBIO DE HERRAMIENTAS DEBIDO A DESGASTE,231.214,siderca\17701,CA15,2026-01-24 15:22:56.4839052 -03:00,1892112,2026-01-24 14:02:51.7786886 -03:00,9,0
1892232,26,26-CAMBIO DE HERRAMIENTAS DEBIDO A DESGASTE,514.738,siderca\17701,"CPT,CSR,CA15,CFC,CDS",2026-01-24 17:43:02.7234692 -03:00,1892139,2026-01-24 15:26:47.6977368 -03:00,11,0
1892273,26,26-CAMBIO DE HERRAMIENTAS DEBIDO A DESGASTE,162.251,siderca\17701,CA15,2026-01-24 19:34:53.2792950 -03:00,1892232,2026-01-24 17:51:37.4619991 -03:00,11,0
1892310,26,26-CAMBIO DE HERRAMIENTAS DEBIDO A DESGASTE,368.321,siderca\17701,"CPT,CA15,CFC,CDS",2026-01-24 20:49:31.7142115 -03:00,1892273,2026-01-24 19:37:35.5302917 -03:00,10,0
1892374,26,26-CAMBIO DE HERRAMIENTAS DEBIDO A DESGASTE,293.194,siderca\60062291,"GSR,CDT",2026-01-24 22:19:08.4030009 -03:00,1892310,2026-01-24 20:55:40.0350409 -03:00,10,0
1892434,26,26-CAMBIO DE HERRAMIENTAS DEBIDO A DESGASTE,491.54,siderca\60062291,"CPT,GA15,GFC,CDS,GDS,CDT",2026-01-24 23:54:14.7112144 -03:00,1892374,2026-01-24 22:24:01.5970055 -03:00,11,0
1892475,26,26-CAMBIO DE HERRAMIENTAS DEBIDO A DESGASTE,303.068,siderca\60062291,CDT,2026-01-25 01:16:05.7054283 -03:00,1892434,2026-01-25 00:02:26.2513586 -03:00,11,0
1892514,26,26-CAMBIO DE HERRAMIENTAS DEBIDO A DESGASTE,713.268,siderca\60062291,"CPT,CSR,GSR,CA15,CFC,GFC,CDS,GDS,CDT",2026-01-25 02:27:36.9801382 -03:00,1892475,2026-01-25 01:21:08.7732917 -03:00,10,0
1893575,26,26-CAMBIO DE HERRAMIENTAS DEBIDO A DESGASTE,313.573,siderca\60062291,CDT,2026-01-25 04:06:25.3615799 -03:00,1892514,2026-01-25 02:39:30.2481969 -03:00,12,1
1893704,26,26-CAMBIO DE HERRAMIENTAS DEBIDO A DESGASTE,424.038,siderca\17701,"CPT,CA15,CFC,CDS",2026-01-26 06:14:57.2731642 -03:00,1893575,2026-01-25 04:11:38.9349830 -03:00,11,0
1893734,26,26-CAMBIO DE HERRAMIENTAS DEBIDO A DESGASTE,224.439,siderca\17701,"CSR,CA15",2026-01-26 07:35:12.5146850 -03:00,1893704,2026-01-26 06:22:01.3110477 -03:00,11,0
1893782,26,26-CAMBIO DE HERRAMIENTAS DEBIDO A DESGASTE,423.503,siderca\17701,"CPT,CA15,CFC,CDS",2026-01-26 08:54:10.1726892 -03:00,1893734,2026-01-26 07:38:56.9538438 -03:00,10,0
1893832,26,26-CAMBIO DE HERRAMIENTAS DEBIDO A DESGASTE,135.738,siderca\17701,CA15,2026-01-26 10:26:28.8380317 -03:00,1893782,2026-01-26 09:01:13.6750294 -03:00,11,0
1893903,26,26-CAMBIO DE HERRAMIENTAS DEBIDO A DESGASTE,428.737,siderca\17701,"CPT,CSR,CA15,CFC,CDS",2026-01-26 12:13:32.8066604 -03:00,1893832,2026-01-26 10:28:44.5769032 -03:00,10,0
1893996,26,26-CAMBIO DE HERRAMIENTAS DEBIDO A DESGASTE,120,siderca\60062291,CDT,2026-01-26 14:20:10.5374881 -03:00,1893903,2026-01-26 12:20:41.5435370 -03:00,12,0
1894067,26,26-CAMBIO DE HERRAMIENTAS DEBIDO A DESGASTE,600.776,siderca\60062291,"CPT,GSR,CA15,CFC,GFC,GDS,CDT",2026-01-26 15:51:14.6153724 -03:00,1893996,2026-01-26 14:22:10.5374881 -03:00,11,1
1894120,26,26-CAMBIO DE HERRAMIENTAS DEBIDO A DESGASTE,204.886,siderca\60062291,CDT,2026-01-26 17:18:29.8563312 -03:00,1894067,2026-01-26 16:01:15.3914339 -03:00,11,0
1894176,26,26-CAMBIO DE HERRAMIENTAS DEBIDO A DESGASTE,615,siderca\60062291,"CPT,GSR,GA15,GFC,GDS,CDT",2026-01-26 18:33:50.0999201 -03:00,1894120,2026-01-26 17:21:54.7429897 -03:00,11,0
1894236,26,26-CAMBIO DE HERRAMIENTAS DEBIDO A DESGASTE,261.055,siderca\60062291,CDT,2026-01-26 20:00:00.7947094 -03:00,1894176,2026-01-26 18:44:05.0999201 -03:00,11,0
1894326,26,26-CAMBIO DE HERRAMIENTAS DEBIDO A DESGASTE,822.254,siderca\12985,"CPT,CA15,CFC,CDS,CDT",2026-01-26 21:36:56.3265851 -03:00,1894236,2026-01-26 20:04:21.8494974 -03:00,10,0
1894413,26,26-CAMBIO DE HERRAMIENTAS DEBIDO A DESGASTE,756.922,siderca\12985,"CPT,CA15",2026-01-26 23:40:35.0986173 -03:00,1894326,2026-01-26 21:50:38.5803427 -03:00,11,1
1894565,26,26-CAMBIO DE HERRAMIENTAS DEBIDO A DESGASTE,747,siderca\12985,"CPT,CSR,CA15,CFC,CDS,CDT",2026-01-27 02:42:49.6023192 -03:00,1894413,2026-01-26 23:53:12.0204036 -03:00,15,0
1894696,26,26-CAMBIO DE HERRAMIENTAS DEBIDO A DESGASTE,211.979,siderca\17701,CA15,2026-01-27 05:18:41.0915760 -03:00,1894565,2026-01-27 02:55:16.6023192 -03:00,11,0
1894767,26,26-CAMBIO DE HERRAMIENTAS DEBIDO A DESGASTE,542.552,siderca\17701,"CPT,CSR,CA15,CFC,CDS",2026-01-27 06:41:59.0237271 -03:00,1894696,2026-01-27 05:22:13.0707917 -03:00,10,0
1894834,26,26-CAMBIO DE HERRAMIENTAS DEBIDO A DESGASTE,217.644,siderca\17701,CA15,2026-01-27 08:11:56.7685166 -03:00,1894767,2026-01-27 06:51:01.5754056 -03:00,11,0
1894925,26,26-CAMBIO DE HERRAMIENTAS DEBIDO A DESGASTE,510.461,siderca\17701,"CPT,CA15,CFC,CDS",2026-01-27 10:06:11.0330333 -03:00,1894834,2026-01-27 08:15:34.4127997 -03:00,12,2
1895003,26,26-CAMBIO DE HERRAMIENTAS DEBIDO A DESGASTE,262.641,siderca\17701,"CSR,CA15",2026-01-27 11:47:36.1009067 -03:00,1894925,2026-01-27 10:14:41.4945899 -03:00,10,0
1895083,26,26-CAMBIO DE HERRAMIENTAS DEBIDO A DESGASTE,654.56,siderca\60062291,"CPT,GA15,CFC,GFC,GDS,CDT",2026-01-27 13:32:00.5122143 -03:00,1895003,2026-01-27 11:51:58.7415561 -03:00,12,0
1895152,26,26-CAMBIO DE HERRAMIENTAS DEBIDO A DESGASTE,205,siderca\60062291,CDT,2026-01-27 15:01:39.9986471 -03:00,1895083,2026-01-27 13:42:55.0723335 -03:00,10,0
1895211,26,26-CAMBIO DE HERRAMIENTAS DEBIDO A DESGASTE,799.71,siderca\60062291,"CPT,CSR,CA15,GA15,GFC,GDS,CDT",2026-01-27 16:25:50.8652475 -03:00,1895152,2026-01-27 15:05:04.9986471 -03:00,11,0
1895289,26,26-CAMBIO DE HERRAMIENTAS DEBIDO A DESGASTE,138,siderca\60062291,CDT,2026-01-27 18:01:22.7757853 -03:00,1895211,2026-01-27 16:39:10.5758364 -03:00,10,0
1895339,26,26-CAMBIO DE HERRAMIENTAS DEBIDO A DESGASTE,190.343,siderca\60062291,"GA15,CDT",2026-01-27 19:01:53.8842031 -03:00,1895289,2026-01-27 18:03:40.7757853 -03:00,2,0
1895409,26,26-CAMBIO DE HERRAMIENTAS DEBIDO A DESGASTE,723.882,siderca\60062291,"CPT,GA15,GFC,CDS,CDT",2026-01-27 20:25:46.2717267 -03:00,1895339,2026-01-27 19:05:04.2270736 -03:00,9,1
1895511,26,26-CAMBIO DE HERRAMIENTAS DEBIDO A DESGASTE,663.669,siderca\12985,"CSR,CA15,CDS,CDT",2026-01-27 22:15:48.6626058 -03:00,1895409,2026-01-27 20:37:50.1532320 -03:00,10,0
1895590,26,26-CAMBIO DE HERRAMIENTAS DEBIDO A DESGASTE,738,siderca\12985,"CPT,CA15,CFC,CDS,CDT",2026-01-27 23:50:05.9602126 -03:00,1895511,2026-01-27 22:26:52.3316316 -03:00,11,0
1895686,26,26-CAMBIO DE HERRAMIENTAS DEBIDO A DESGASTE,580.689,siderca\12985,"CA15,CDS,CDT",2026-01-28 01:31:26.2235257 -03:00,1895590,2026-01-28 00:02:23.9602126 -03:00,11,0
1895771,26,26-CAMBIO DE HERRAMIENTAS DEBIDO A DESGASTE,882,siderca\12985,"CPT,CSR,CA15,CFC,CDS,CDT",2026-01-28 03:01:44.1257177 -03:00,1895686,2026-01-28 01:41:06.9122964 -03:00,11,0
1895857,26,26-CAMBIO DE HERRAMIENTAS DEBIDO A DESGASTE,500.627,siderca\12985,"CA15,CDT",2026-01-28 04:42:23.0716379 -03:00,1895771,2026-01-28 03:16:26.1257177 -03:00,11,0
1895950,26,26-CAMBIO DE HERRAMIENTAS DEBIDO A DESGASTE,615,siderca\17701,"CPT,CA15,CFC,CDS",2026-01-28 06:22:25.9594342 -03:00,1895857,2026-01-28 04:50:43.6985006 -03:00,11,0
1896029,26,26-CAMBIO DE HERRAMIENTAS DEBIDO A DESGASTE,313.119,siderca\17701,"CSR,CA15,CFC",2026-01-28 08:14:14.1820211 -03:00,1895950,2026-01-28 06:32:40.9594342 -03:00,11,0
1896110,26,26-CAMBIO DE HERRAMIENTAS DEBIDO A DESGASTE,539.217,siderca\17701,"CPA,CA15,CFC,CDS",2026-01-28 10:18:31.6457441 -03:00,1896029,2026-01-28 08:19:27.3018653 -03:00,10,0
1896176,26,26-CAMBIO DE HERRAMIENTAS DEBIDO A DESGASTE,287.261,siderca\17701,"CA15,CFC",2026-01-28 12:05:27.6219975 -03:00,1896110,2026-01-28 10:27:30.8621163 -03:00,10,0
1896275,26,26-CAMBIO DE HERRAMIENTAS DEBIDO A DESGASTE,720.751,siderca\60062291,"CPT,GSR,CA15,GFC,GDS,CDT",2026-01-28 14:01:44.0078110 -03:00,1896176,2026-01-28 12:10:14.8827093 -03:00,11,0
1896331,26,26-CAMBIO DE HERRAMIENTAS DEBIDO A DESGASTE,331.991,siderca\60062291,"GA15,CDT",2026-01-28 15:31:48.9230685 -03:00,1896275,2026-01-28 14:13:44.7587338 -03:00,10,0
1896402,26,26-CAMBIO DE HERRAMIENTAS DEBIDO A DESGASTE,724,siderca\60062291,"CPT,CSR,GSR,GA15,GFC,GDS,CDT",2026-01-28 17:11:00.8856674 -03:00,1896331,2026-01-28 15:37:20.9141853 -03:00,10,0
1896495,26,26-CAMBIO DE HERRAMIENTAS DEBIDO A DESGASTE,303,siderca\60062291,"GA15,CDT",2026-01-28 18:59:48.5761283 -03:00,1896402,2026-01-28 17:23:04.8856674 -03:00,11,0
1896601,26,26-CAMBIO DE HERRAMIENTAS DEBIDO A DESGASTE,835,siderca\12985,"CPT,CSR,CA15,CFC,CDS,CDT",2026-01-28 21:00:00.0000000 -03:00,1896495,2026-01-28 19:04:51.5761283 -03:00,12,1
1896722,26,26-CAMBIO DE HERRAMIENTAS DEBIDO A DESGASTE,401.765,siderca\12985,"CA15,CDT",2026-01-28 23:11:43.1469593 -03:00,1896601,2026-01-28 21:13:55.0000000 -03:00,12,2
1896789,26,26-CAMBIO DE HERRAMIENTAS DEBIDO A DESGASTE,757.393,siderca\12985,"CPT,CA15,CFC,CDS,CDT",2026-01-29 00:41:10.1222091 -03:00,1896722,2026-01-28 23:18:24.9113413 -03:00,11,0
1896899,26,26-CAMBIO DE HERRAMIENTAS DEBIDO A DESGASTE,690.607,siderca\12985,"CSR,CA15,CFC,CDS,CDT",2026-01-29 02:31:53.1222297 -03:00,1896789,2026-01-29 00:53:47.5156637 -03:00,11,0
1896910,26,26-CAMBIO DE HERRAMIENTAS DEBIDO A DESGASTE,0.109,siderca\12985,"CSR,CA15,CFC,CDS,CDT",2026-01-29 02:43:23.7292647 -03:00,1896899,2026-01-29 02:43:23.7292647 -03:00,0,0
1897032,26,26-CAMBIO DE HERRAMIENTAS DEBIDO A DESGASTE,780.023,siderca\12985,"CPT,CA15,CFC,CDS,CDT",2026-01-29 04:22:02.7364880 -03:00,1896910,2026-01-29 02:43:23.8386442 -03:00,9,1
1897076,26,26-CAMBIO DE HERRAMIENTAS DEBIDO A DESGASTE,402.135,siderca\17701,"CPT,CA15",2026-01-29 05:09:38.4506562 -03:00,1897032,2026-01-29 04:35:02.7593189 -03:00,3,0
1897149,26,26-CAMBIO DE HERRAMIENTAS DEBIDO A DESGASTE,564,siderca\17701,"CPT,CA15,CFC,CDS",2026-01-29 06:18:58.9034351 -03:00,1897076,2026-01-29 05:16:20.5852465 -03:00,7,0
1897249,26,26-CAMBIO DE HERRAMIENTAS DEBIDO A DESGASTE,438.975,siderca\17701,"CSR,CA15,CFC",2026-01-29 07:58:17.3085823 -03:00,1897149,2026-01-29 06:28:22.9034351 -03:00,11,0
1897348,26,26-CAMBIO DE HERRAMIENTAS DEBIDO A DESGASTE,576.75,siderca\17701,"CPT,CA15,CFC,CDS",2026-01-29 09:44:03.6785979 -03:00,1897249,2026-01-29 08:05:36.2838496 -03:00,11,1
1897450,26,26-CAMBIO DE HERRAMIENTAS DEBIDO A DESGASTE,350,siderca\17701,"CA15,CFC",2026-01-29 11:30:36.0023617 -03:00,1897348,2026-01-29 09:53:40.4282305 -03:00,11,0
1897563,26,26-CAMBIO DE HERRAMIENTAS DEBIDO A DESGASTE,876,siderca\60062291,"CPT,GSR,GA15,CFC,GFC,GDS,CDT",2026-01-29 13:19:15.9491492 -03:00,1897450,2026-01-29 11:36:26.0023617 -03:00,11,0
1897657,26,26-CAMBIO DE HERRAMIENTAS DEBIDO A DESGASTE,317,siderca\60062291,"GA15,CDT",2026-01-29 15:03:19.5951629 -03:00,1897563,2026-01-29 13:33:51.9491492 -03:00,10,1
1897745,26,26-CAMBIO DE HERRAMIENTAS DEBIDO A DESGASTE,654.764,siderca\60062291,"CPT,CA15,GFC,GDS,CDT",2026-01-29 16:48:07.6769902 -03:00,1897657,2026-01-29 15:08:36.5951629 -03:00,10,0
1897827,26,26-CAMBIO DE HERRAMIENTAS DEBIDO A DESGASTE,546,siderca\60062291,"CSR,GSR,GA15,CDT",2026-01-29 18:24:25.5667241 -03:00,1897745,2026-01-29 16:59:02.4403000 -03:00,10,1
1897910,26,26-CAMBIO DE HERRAMIENTAS DEBIDO A DESGASTE,808.327,siderca\60062291,"CPT,GA15,CFC,GFC,CDS,GDS,CDT",2026-01-29 20:06:09.3236680 -03:00,1897827,2026-01-29 18:33:31.5667241 -03:00,10,0
1898013,26,26-CAMBIO DE HERRAMIENTAS DEBIDO A DESGASTE,529.281,siderca\12985,"CA15,CDT",2026-01-29 21:54:57.1658438 -03:00,1897910,2026-01-29 20:19:37.6505397 -03:00,10,1
1898126,26,26-CAMBIO DE HERRAMIENTAS DEBIDO A DESGASTE,840.754,siderca\12985,"CPT,CSR,CA15,CFC,CDS,CDT",2026-01-29 23:31:24.4871567 -03:00,1898013,2026-01-29 22:03:46.4464471 -03:00,9,0
1898187,26,26-CAMBIO DE HERRAMIENTAS DEBIDO A DESGASTE,539.101,siderca\12985,"CA15,CDT",2026-01-30 01:14:07.2024404 -03:00,1898126,2026-01-29 23:45:25.2411673 -03:00,11,0
1898257,26,26-CAMBIO DE HERRAMIENTAS DEBIDO A DESGASTE,640,siderca\12985,"CPT,CA15,CFC,CDS,CDT",2026-01-30 02:40:40.3361476 -03:00,1898187,2026-01-30 01:23:06.3033751 -03:00,10,0
1898334,26,26-CAMBIO DE HERRAMIENTAS DEBIDO A DESGASTE,783.161,siderca\12985,"CPT,CSR,CA15,CFC,CDS,CDT",2026-01-30 04:10:54.5601839 -03:00,1898257,2026-01-30 02:51:20.3361476 -03:00,10,0
1898449,26,26-CAMBIO DE HERRAMIENTAS DEBIDO A DESGASTE,647.119,siderca\17701,"CPT,CA15,CFC,CDS",2026-01-30 05:59:29.3413831 -03:00,1898334,2026-01-30 04:23:57.7213347 -03:00,10,0
1898535,26,26-CAMBIO DE HERRAMIENTAS DEBIDO A DESGASTE,290.889,siderca\17701,"CA15,CFC",2026-01-30 07:43:31.9579348 -03:00,1898449,2026-01-30 06:10:16.4605130 -03:00,11,0
1898606,26,26-CAMBIO DE HERRAMIENTAS DEBIDO A DESGASTE,715.661,siderca\17701,"CPT,CSR,CA15,CFC,CDS",2026-01-30 09:06:00.9473648 -03:00,1898535,2026-01-30 07:48:22.8468022 -03:00,10,0
1898693,26,26-CAMBIO DE HERRAMIENTAS DEBIDO A DESGASTE,312.607,siderca\17701,"CA15,CFC",2026-01-30 10:44:57.9948194 -03:00,1898606,2026-01-30 09:17:56.6086603 -03:00,11,0
1898760,26,26-CAMBIO DE HERRAMIENTAS DEBIDO A DESGASTE,530.374,siderca\17701,"CPT,CA15,CFC,CDS",2026-01-30 12:07:41.9109845 -03:00,1898693,2026-01-30 10:50:10.6016497 -03:00,10,0
1898864,26,26-CAMBIO DE HERRAMIENTAS DEBIDO A DESGASTE,360.637,siderca\60062291,"GSR,GA15,CDT",2026-01-30 13:50:35.3892843 -03:00,1898760,2026-01-30 12:16:32.2841606 -03:00,9,0
1898923,26,26-CAMBIO DE HERRAMIENTAS DEBIDO A DESGASTE,691.108,siderca\60062291,"CPT,GA15,GFC,GDS,CDT",2026-01-30 15:02:38.3291262 -03:00,1898864,2026-01-30 13:56:36.0269533 -03:00,7,1
1899005,26,26-CAMBIO DE HERRAMIENTAS DEBIDO A DESGASTE,296,siderca\60062291,"GA15,CDT",2026-01-30 16:34:43.6782452 -03:00,1898923,2026-01-30 15:14:09.4370221 -03:00,9,0
1899060,26,26-CAMBIO DE HERRAMIENTAS DEBIDO A DESGASTE,696.964,siderca\60062291,"CPT,GSR,CA15,CFC,GFC,CDS,CDT",2026-01-30 17:35:41.3369401 -03:00,1899005,2026-01-30 16:39:39.6782452 -03:00,7,0
1899146,26,26-CAMBIO DE HERRAMIENTAS DEBIDO A DESGASTE,431.838,siderca\60062291,"GA15,CDT",2026-01-30 19:06:39.8657775 -03:00,1899060,2026-01-30 17:47:18.3004595 -03:00,9,0
1899223,26,26-CAMBIO DE HERRAMIENTAS DEBIDO A DESGASTE,707.995,siderca\60062291,"CPT,GA15,CFC,GFC,GDS,CDT",2026-01-30 20:34:06.6827205 -03:00,1899146,2026-01-30 19:13:51.7037947 -03:00,10,0
1899310,26,26-CAMBIO DE HERRAMIENTAS DEBIDO A DESGASTE,702.887,siderca\12985,"CPT,CA15,CDS,CDT",2026-01-30 22:15:01.7465220 -03:00,1899223,2026-01-30 20:45:54.6770639 -03:00,10,0
1899376,26,26-CAMBIO DE HERRAMIENTAS DEBIDO A DESGASTE,654.914,siderca\12985,"CPT,CA15,CFC,CDS,CDT",2026-01-30 23:39:04.6494434 -03:00,1899310,2026-01-30 22:26:44.6330344 -03:00,8,0
1899457,26,26-CAMBIO DE HERRAMIENTAS DEBIDO A DESGASTE,544.947,siderca\12985,"CA15,CDT",2026-01-31 01:09:08.7265234 -03:00,1899376,2026-01-30 23:49:59.5631377 -03:00,9,0
1899546,26,26-CAMBIO DE HERRAMIENTAS DEBIDO A DESGASTE,817.053,siderca\12985,"CPT,CSR,CA15,CFC,CDS,CDT",2026-01-31 03:00:54.6171049 -03:00,1899457,2026-01-31 01:18:13.6731055 -03:00,11,1
1899635,26,26-CAMBIO DE HERRAMIENTAS DEBIDO A DESGASTE,475,siderca\12985,"CA15,CDT",2026-01-31 04:37:07.2724618 -03:00,1899546,2026-01-31 03:14:31.6704818 -03:00,8,0
1899735,26,26-CAMBIO DE HERRAMIENTAS DEBIDO A DESGASTE,542,siderca\17701,"CPT,CA15,CFC,CDS",2026-01-31 06:15:38.1670210 -03:00,1899635,2026-01-31 04:45:02.2724618 -03:00,10,2
1899844,26,26-CAMBIO DE HERRAMIENTAS DEBIDO A DESGASTE,403.123,siderca\17701,"CSR,CA15,CFC",2026-01-31 08:28:52.1935079 -03:00,1899735,2026-01-31 06:24:40.1670210 -03:00,11,0
1899909,26,26-CAMBIO DE HERRAMIENTAS DEBIDO A DESGASTE,442,siderca\17701,"CPT,CFC,CDS",2026-01-31 09:53:10.8530660 -03:00,1899844,2026-01-31 08:35:35.3160008 -03:00,10,0
1900033,26,26-CAMBIO DE HERRAMIENTAS DEBIDO A DESGASTE,417.691,siderca\17701,"CA15,CFC",2026-01-31 12:14:14.0776835 -03:00,1899909,2026-01-31 10:00:32.8530660 -03:00,11,1
1900127,26,26-CAMBIO DE HERRAMIENTAS DEBIDO A DESGASTE,829,siderca\60062291,"CPT,GSR,GA15,CFC,GFC,GDS,CDT",2026-01-31 13:43:55.5446164 -03:00,1900033,2026-01-31 12:21:11.7685991 -03:00,9,0
1900224,26,26-CAMBIO DE HERRAMIENTAS DEBIDO A DESGASTE,351.514,siderca\60062291,"GA15,CDT",2026-01-31 15:21:36.4628008 -03:00,1900127,2026-01-31 13:57:44.5446164 -03:00,10,0
1900295,26,26-CAMBIO DE HERRAMIENTAS DEBIDO A DESGASTE,711.947,siderca\60062291,"CPT,GA15,GFC,GDS,CDT",2026-01-31 16:45:17.3519006 -03:00,1900224,2026-01-31 15:27:27.9765092 -03:00,10,0
1900363,26,26-CAMBIO DE HERRAMIENTAS DEBIDO A DESGASTE,486.19,siderca\60062291,"CSR,GSR,CA15,CDT",2026-01-31 18:13:45.1773625 -03:00,1900295,2026-01-31 16:57:09.2987495 -03:00,8,0
1900446,26,26-CAMBIO DE HERRAMIENTAS DEBIDO A DESGASTE,695.935,siderca\60062291,"CPT,GA15,CFC,GFC,CDS,GDS,CDT",2026-01-31 19:42:29.8629769 -03:00,1900363,2026-01-31 18:21:51.3672779 -03:00,9,0
1900550,26,26-CAMBIO DE HERRAMIENTAS DEBIDO A DESGASTE,368.191,siderca\12985,"CA15,CDT",2026-01-31 21:17:45.0327579 -03:00,1900446,2026-01-31 19:54:05.7979967 -03:00,10,0
1900628,26,26-CAMBIO DE HERRAMIENTAS DEBIDO A DESGASTE,849.911,siderca\12985,"CPT,CSR,CA15,CFC,CDS,CDT",2026-01-31 22:43:55.6803690 -03:00,1900550,2026-01-31 21:23:53.2234493 -03:00,9,0
1900733,26,26-CAMBIO DE HERRAMIENTAS DEBIDO A DESGASTE,427.741,siderca\12985,"CA15,CDT",2026-02-01 00:50:53.8992059 -03:00,1900628,2026-01-31 22:58:05.5913023 -03:00,13,0
1900808,26,26-CAMBIO DE HERRAMIENTAS DEBIDO A DESGASTE,723.585,siderca\12985,"CPT,CA15,CFC,CDS,CDT",2026-02-01 02:16:16.0057435 -03:00,1900733,2026-02-01 00:58:01.6405744 -03:00,10,0
1900892,26,26-CAMBIO DE HERRAMIENTAS DEBIDO A DESGASTE,633.625,siderca\12985,"CSR,CA15,CFC,CDT",2026-02-01 03:47:17.8057568 -03:00,1900808,2026-02-01 02:28:19.5905921 -03:00,10,0
1901049,26,26-CAMBIO DE HERRAMIENTAS DEBIDO A DESGASTE,822.492,siderca\60062291,"CPT,CA15,CFC,GFC,GDS,CDT",2026-02-02 06:01:10.8904013 -03:00,1900892,2026-02-01 03:57:51.4306350 -03:00,10,0
1901125,26,26-CAMBIO DE HERRAMIENTAS DEBIDO A DESGASTE,378.822,siderca\60062291,"GA15,CDT",2026-02-02 07:35:07.0799005 -03:00,1901049,2026-02-02 06:14:53.3820711 -03:00,10,1
1901188,26,26-CAMBIO DE HERRAMIENTAS DEBIDO A DESGASTE,1049.606,siderca\60062291,"CPT,GSR,GA15,GFC,CDS,GDS,CDT",2026-02-02 09:14:59.6111601 -03:00,1901125,2026-02-02 07:41:25.9011173 -03:00,10,0
1901272,26,26-CAMBIO DE HERRAMIENTAS DEBIDO A DESGASTE,320,siderca\60062291,"GA15,CDT",2026-02-02 11:00:01.3318754 -03:00,1901188,2026-02-02 09:32:29.2178346 -03:00,9,2
1901334,26,26-CAMBIO DE HERRAMIENTAS DEBIDO A DESGASTE,763.355,siderca\60062291,"CPT,CA15,CFC,GFC,CDS,GDS,CDT",2026-02-02 12:18:39.2868812 -03:00,1901272,2026-02-02 11:05:21.3318754 -03:00,9,0
1901420,26,26-CAMBIO DE HERRAMIENTAS DEBIDO A DESGASTE,733.344,siderca\12985,"CSR,CA15,CFC,CDT",2026-02-02 13:51:42.0968097 -03:00,1901334,2026-02-02 12:31:22.6414159 -03:00,10,0
1901510,26,26-CAMBIO DE HERRAMIENTAS DEBIDO A DESGASTE,680.924,siderca\12985,"CPT,CA15,CDS,CDT",2026-02-02 15:40:48.1753540 -03:00,1901420,2026-02-02 14:03:55.4409672 -03:00,11,0
1901612,26,26-CAMBIO DE HERRAMIENTAS DEBIDO A DESGASTE,540.027,siderca\12985,"CA15,CDT",2026-02-02 17:26:46.6578537 -03:00,1901510,2026-02-02 15:52:09.0993686 -03:00,9,0
1901668,26,26-CAMBIO DE HERRAMIENTAS DEBIDO A DESGASTE,739,siderca\12985,"CPT,CSR,CA15,CDS,CDT",2026-02-02 18:55:41.4848006 -03:00,1901612,2026-02-02 17:35:46.6843972 -03:00,10,0
1901753,26,26-CAMBIO DE HERRAMIENTAS DEBIDO A DESGASTE,530.662,siderca\12985,"CA15,CDT",2026-02-02 20:39:45.2418658 -03:00,1901668,2026-02-02 19:08:00.4848006 -03:00,11,0
1901852,26,26-CAMBIO DE HERRAMIENTAS DEBIDO A DESGASTE,628.21,siderca\17701,"CPT,CA15,CFC,CDS",2026-02-02 22:15:08.5999703 -03:00,1901753,2026-02-02 20:48:35.9030378 -03:00,10,1
1901939,26,26-CAMBIO DE HERRAMIENTAS DEBIDO A DESGASTE,436.643,siderca\17701,"CSR,CA15,CFC",2026-02-02 23:45:42.3008109 -03:00,1901852,2026-02-02 22:25:36.8094824 -03:00,9,0
1902040,26,26-CAMBIO DE HERRAMIENTAS DEBIDO A DESGASTE,600.828,siderca\17701,"CPT,CA15,CFC,CDS",2026-02-03 01:52:08.5942046 -03:00,1901939,2026-02-02 23:52:58.9430160 -03:00,10,0
1902105,26,26-CAMBIO DE HERRAMIENTAS DEBIDO A DESGASTE,291.163,siderca\17701,"CA15,CFC",2026-02-03 03:21:52.5805238 -03:00,1902040,2026-02-03 02:02:09.4229217 -03:00,9,0
1902230,26,26-CAMBIO DE HERRAMIENTAS DEBIDO A DESGASTE,789.296,siderca\60062291,"CPT,GSR,GA15,CFC,GFC,GDS,CDT",2026-02-03 05:31:54.1779946 -03:00,1902105,2026-02-03 03:26:43.7434084 -03:00,10,0
1902305,26,26-CAMBIO DE HERRAMIENTAS DEBIDO A DESGASTE,239,siderca\60062291,CDT,2026-02-03 07:09:55.5988121 -03:00,1902230,2026-02-03 05:45:03.4739137 -03:00,11,0
1902360,26,26-CAMBIO DE HERRAMIENTAS DEBIDO A DESGASTE,952.937,siderca\60062291,"CPT,CSR,GSR,GA15,CFC,GFC,CDS,GDS,CDT",2026-02-03 08:25:13.3342524 -03:00,1902305,2026-02-03 07:13:54.5988121 -03:00,10,0
1902421,26,26-CAMBIO DE HERRAMIENTAS DEBIDO A DESGASTE,213.844,siderca\60062291,CDT,2026-02-03 09:54:47.4110466 -03:00,1902360,2026-02-03 08:41:06.2710079 -03:00,10,0
1902467,26,26-CAMBIO DE HERRAMIENTAS DEBIDO A DESGASTE,803.892,siderca\60062291,"CPT,CA15,CFC,GFC,CDS,GDS,CDT",2026-02-03 11:09:02.5968813 -03:00,1902421,2026-02-03 09:58:21.2550523 -03:00,11,0
1902512,26,26-CAMBIO DE HERRAMIENTAS DEBIDO A DESGASTE,287.073,siderca\60062291,"CSR,GSR,CDT",2026-02-03 12:31:35.1308694 -03:00,1902467,2026-02-03 11:22:26.4889529 -03:00,9,0
1902588,26,26-CAMBIO DE HERRAMIENTAS DEBIDO A DESGASTE,633.378,siderca\12985,"CPT,CA15,CDS,CDT",2026-02-03 13:58:57.8537012 -03:00,1902512,2026-02-03 12:36:22.2030389 -03:00,11,0
1902646,26,26-CAMBIO DE HERRAMIENTAS DEBIDO A DESGASTE,110.554,siderca\12985,CA15,2026-02-03 15:20:21.6328065 -03:00,1902588,2026-02-03 14:09:31.2312838 -03:00,11,0
1902697,26,26-CAMBIO DE HERRAMIENTAS DEBIDO A DESGASTE,740,siderca\12985,"CPT,CSR,CA15,CFC,CDS,CDT",2026-02-03 16:34:50.2887375 -03:00,1902646,2026-02-03 15:22:12.1868331 -03:00,11,0
1902778,26,26-CAMBIO DE HERRAMIENTAS DEBIDO A DESGASTE,165,siderca\12985,CA15,2026-02-03 18:44:35.2217975 -03:00,1902697,2026-02-03 16:47:10.2887375 -03:00,12,0
1902863,26,26-CAMBIO DE HERRAMIENTAS DEBIDO A DESGASTE,540.794,siderca\12985,"CPT,CA15,CDS,CDT",2026-02-03 20:17:34.5457548 -03:00,1902778,2026-02-03 18:47:20.2217975 -03:00,12,1
1902941,26,26-CAMBIO DE HERRAMIENTAS DEBIDO A DESGASTE,445,siderca\17701,"CSR,CA15",2026-02-03 21:49:20.1266965 -03:00,1902863,2026-02-03 20:26:35.3392043 -03:00,10,0
1903004,26,26-CAMBIO DE HERRAMIENTAS DEBIDO A DESGASTE,482,siderca\17701,"CPT,CA15,CFC,CDS",2026-02-03 23:18:04.2299132 -03:00,1902941,2026-02-03 21:56:45.1266965 -03:00,11,0
1903065,26,26-CAMBIO DE HERRAMIENTAS DEBIDO A DESGASTE,154.282,siderca\17701,CA15,2026-02-04 00:44:05.0629591 -03:00,1903004,2026-02-03 23:26:06.2299132 -03:00,11,0
1903110,26,26-CAMBIO DE HERRAMIENTAS DEBIDO A DESGASTE,580.83,siderca\17701,"CPT,CSR,CA15,CFC,CDS",2026-02-04 02:01:21.5230418 -03:00,1903065,2026-02-04 00:46:39.3449641 -03:00,10,0
1903169,26,26-CAMBIO DE HERRAMIENTAS DEBIDO A DESGASTE,145,siderca\17701,CA15,2026-02-04 03:23:32.6506048 -03:00,1903110,2026-02-04 02:11:02.3530788 -03:00,11,0
1903229,26,26-CAMBIO DE HERRAMIENTAS DEBIDO A DESGASTE,384.121,siderca\17701,"CPT,CA15,CFC,CDS",2026-02-04 04:40:23.9619627 -03:00,1903169,2026-02-04 03:25:57.6506048 -03:00,11,0
1903309,26,26-CAMBIO DE HERRAMIENTAS DEBIDO A DESGASTE,253.483,siderca\60062291,"CSR,GSR,CDT",2026-02-04 06:09:29.7384451 -03:00,1903229,2026-02-04 04:46:48.0827602 -03:00,10,0
1903361,26,26-CAMBIO DE HERRAMIENTAS DEBIDO A DESGASTE,632.871,siderca\60062291,"CPT,CA15,GA15,GFC,GDS,CDT",2026-02-04 07:23:53.4224739 -03:00,1903309,2026-02-04 06:13:43.2211260 -03:00,10,1
1903424,26,26-CAMBIO DE HERRAMIENTAS DEBIDO A DESGASTE,130,siderca\60062291,CDT,2026-02-04 09:00:01.5488944 -03:00,1903361,2026-02-04 07:34:26.2934406 -03:00,10,0
1903482,26,26-CAMBIO DE HERRAMIENTAS DEBIDO A DESGASTE,720.24,siderca\60062291,"CPT,GSR,CA15,GA15,CFC,GFC,CDS,GDS,CDT",2026-02-04 10:38:03.5517774 -03:00,1903424,2026-02-04 09:02:11.5488944 -03:00,11,0
1903522,26,26-CAMBIO DE HERRAMIENTAS DEBIDO A DESGASTE,148.195,siderca\60062291,CDT,2026-02-04 12:00:32.5247307 -03:00,1903482,2026-02-04 10:50:03.7910244 -03:00,10,0
1903613,26,26-CAMBIO DE HERRAMIENTAS DEBIDO A DESGASTE,755.032,siderca\12985,"CPT,CA15,CFC,CDS,CDT",2026-02-04 14:46:14.7072242 -03:00,1903522,2026-02-04 12:03:00.7192643 -03:00,11,2
1903662,26,26-CAMBIO DE HERRAMIENTAS DEBIDO A DESGASTE,430.698,siderca\12985,"CSR,CA15,CFC",2026-02-04 16:20:06.4897374 -03:00,1903613,2026-02-04 14:58:49.7396258 -03:00,10,1
1903720,26,26-CAMBIO DE HERRAMIENTAS DEBIDO A DESGASTE,780.673,siderca\12985,"CPT,CA15,CFC,CDS,CDT",2026-02-04 17:53:32.8267263 -03:00,1903662,2026-02-04 16:27:17.1871505 -03:00,12,0
1903778,26,26-CAMBIO DE HERRAMIENTAS DEBIDO A DESGASTE,468.748,siderca\12985,"CPT,CA15",2026-02-04 19:37:49.3733891 -03:00,1903720,2026-02-04 18:06:33.4993552 -03:00,11,0
1903891,26,26-CAMBIO DE HERRAMIENTAS DEBIDO A DESGASTE,660,siderca\17701,"CPT,CSR,CA15,CFC,CDS",2026-02-04 21:07:31.0000000 -03:00,1903778,2026-02-04 19:45:38.1211666 -03:00,10,0
1903932,26,26-CAMBIO DE HERRAMIENTAS DEBIDO A DESGASTE,160.668,siderca\17701,CA15,2026-02-04 23:18:17.5182396 -03:00,1903891,2026-02-04 21:18:31.0000000 -03:00,11,0
1903991,26,26-CAMBIO DE HERRAMIENTAS DEBIDO A DESGASTE,411.249,siderca\17701,"CPT,CA15,CFC,CDS",2026-02-05 00:38:23.8029883 -03:00,1903932,2026-02-04 23:20:58.1865311 -03:00,10,1
1904054,26,26-CAMBIO DE HERRAMIENTAS DEBIDO A DESGASTE,282,siderca\17701,"CSR,CA15",2026-02-05 02:02:14.8389112 -03:00,1903991,2026-02-05 00:45:15.0511940 -03:00,11,0
1904125,26,26-CAMBIO DE HERRAMIENTAS DEBIDO A DESGASTE,424,siderca\17701,"CPT,CA15,CFC,CDS",2026-02-05 03:33:08.3627470 -03:00,1904054,2026-02-05 02:06:56.8389112 -03:00,12,1
1904192,26,26-CAMBIO DE HERRAMIENTAS DEBIDO A DESGASTE,217,siderca\60062291,CDT,2026-02-05 05:01:42.0277004 -03:00,1904125,2026-02-05 03:40:12.3627470 -03:00,10,2
1904251,26,26-CAMBIO DE HERRAMIENTAS DEBIDO A DESGASTE,812.305,siderca\60062291,"CPT,GSR,CA15,CFC,GFC,CDS,GDS,CDT",2026-02-05 06:39:16.0735193 -03:00,1904192,2026-02-05 05:05:19.0277004 -03:00,9,0
1904415,26,26-CAMBIO DE HERRAMIENTAS DEBIDO A DESGASTE,771.106,siderca\60062291,"CPT,GA15,CFC,GFC,CDS,GDS,CDT",2026-02-05 10:50:55.0983599 -03:00,1904251,2026-02-05 06:52:48.3785328 -03:00,21,0
1904550,26,26-CAMBIO DE HERRAMIENTAS DEBIDO A DESGASTE,300.241,siderca\12985,"CSR,CA15",2026-02-05 13:14:26.7020922 -03:00,1904415,2026-02-05 11:03:46.2040971 -03:00,10,0
1904601,26,26-CAMBIO DE HERRAMIENTAS DEBIDO A DESGASTE,772.095,siderca\12985,"CPT,CA15,CFC,CDS,CDT",2026-02-05 15:01:21.8836452 -03:00,1904550,2026-02-05 13:19:26.9439349 -03:00,12,0
1904685,26,26-CAMBIO DE HERRAMIENTAS DEBIDO A DESGASTE,171.705,siderca\12985,CA15,2026-02-05 16:47:45.6304098 -03:00,1904601,2026-02-05 15:14:13.9789407 -03:00,12,0
1904808,26,26-CAMBIO DE HERRAMIENTAS DEBIDO A DESGASTE,600.431,siderca\12985,"CPT,CSR,CA15,CDS,CDT",2026-02-05 19:09:37.9042867 -03:00,1904685,2026-02-05 16:50:37.3357058 -03:00,9,0
1904872,26,26-CAMBIO DE HERRAMIENTAS DEBIDO A DESGASTE,302,siderca\17701,CA15,2026-02-05 21:00:00.0000000 -03:00,1904808,2026-02-05 19:19:38.3358659 -03:00,11,0
1904940,26,26-CAMBIO DE HERRAMIENTAS DEBIDO A DESGASTE,448,siderca\17701,"CPT,CA15,CFC,CDS",2026-02-05 22:23:07.5083279 -03:00,1904872,2026-02-05 21:05:02.0000000 -03:00,11,1
1905003,26,26-CAMBIO DE HERRAMIENTAS DEBIDO A DESGASTE,230.382,siderca\17701,"CSR,CA15",2026-02-05 23:50:37.7715340 -03:00,1904940,2026-02-05 22:30:35.5083279 -03:00,11,0
1905053,26,26-CAMBIO DE HERRAMIENTAS DEBIDO A DESGASTE,488,siderca\17701,"CPT,CA15,CFC,CDS",2026-02-06 01:07:25.0743304 -03:00,1905003,2026-02-05 23:54:28.1539648 -03:00,11,0
1905108,26,26-CAMBIO DE HERRAMIENTAS DEBIDO A DESGASTE,171.971,siderca\17701,CA15,2026-02-06 02:38:33.0916654 -03:00,1905053,2026-02-06 01:15:33.0743304 -03:00,11,0
1905158,26,26-CAMBIO DE HERRAMIENTAS DEBIDO A DESGASTE,531.63,siderca\17701,"CPT,CSR,CA15,CFC,GDS",2026-02-06 03:53:28.1451889 -03:00,1905108,2026-02-06 02:41:25.0624293 -03:00,10,0
1905239,26,26-CAMBIO DE HERRAMIENTAS DEBIDO A DESGASTE,193.236,siderca\60062291,CDT,2026-02-06 05:24:48.2240749 -03:00,1905158,2026-02-06 04:02:19.7750768 -03:00,11,0
1905284,26,26-CAMBIO DE HERRAMIENTAS DEBIDO A DESGASTE,780,siderca\60062291,"CPT,CSR,GSR,CA15,CFC,GFC,GDS,CDT",2026-02-06 06:38:52.4918843 -03:00,1905239,2026-02-06 05:28:01.4601988 -03:00,9,0
1905323,26,26-CAMBIO DE HERRAMIENTAS DEBIDO A DESGASTE,187.171,siderca\60062291,CDT,2026-02-06 08:08:10.8218733 -03:00,1905284,2026-02-06 06:51:52.4918843 -03:00,11,0
1905366,26,26-CAMBIO DE HERRAMIENTAS DEBIDO A DESGASTE,706.179,siderca\60062291,"CPT,GA15,GFC,CDS,CDT",2026-02-06 09:24:29.1195941 -03:00,1905323,2026-02-06 08:11:17.9920207 -03:00,11,0
1905416,26,26-CAMBIO DE HERRAMIENTAS DEBIDO A DESGASTE,90.613,siderca\60062291,CDT,2026-02-06 10:47:22.6931524 -03:00,1905366,2026-02-06 09:36:15.2987026 -03:00,11,0
1905465,26,26-CAMBIO DE HERRAMIENTAS DEBIDO A DESGASTE,863,siderca\60062291,"CPT,GSR,GA15,CFC,GFC,GDS,CDT",2026-02-06 12:08:24.4129656 -03:00,1905416,2026-02-06 10:48:53.3064865 -03:00,11,0
1905554,26,26-CAMBIO DE HERRAMIENTAS DEBIDO A DESGASTE,304.723,siderca\12985,CA15,2026-02-06 13:59:14.9726065 -03:00,1905465,2026-02-06 12:22:47.4129656 -03:00,11,0
1905599,26,26-CAMBIO DE HERRAMIENTAS DEBIDO A DESGASTE,722.185,siderca\12985,"CPT,CA15,CFC,CDS,CDT",2026-02-06 15:16:50.0121616 -03:00,1905554,2026-02-06 14:04:19.6956410 -03:00,11,0
1905653,26,26-CAMBIO DE HERRAMIENTAS DEBIDO A DESGASTE,538.046,siderca\12985,"CSR,CA15",2026-02-06 16:49:36.0797948 -03:00,1905599,2026-02-06 15:28:52.1974800 -03:00,10,0
1905708,26,26-CAMBIO DE HERRAMIENTAS DEBIDO A DESGASTE,718.404,siderca\12985,"CPT,CA15,CFC,CDS,CDT",2026-02-06 18:16:00.3499992 -03:00,1905653,2026-02-06 16:58:34.1258072 -03:00,11,0
1905785,26,26-CAMBIO DE HERRAMIENTAS DEBIDO A DESGASTE,278.079,siderca\12985,CA15,2026-02-06 20:08:39.0851918 -03:00,1905708,2026-02-06 18:27:58.7532237 -03:00,11,0
1905846,26,26-CAMBIO DE HERRAMIENTAS DEBIDO A DESGASTE,578,siderca\17701,"CPT,CSR,CA15,CFC,CDS",2026-02-06 21:29:32.0420200 -03:00,1905785,2026-02-06 20:13:17.1648940 -03:00,10,0
1905899,26,26-CAMBIO DE HERRAMIENTAS DEBIDO A DESGASTE,131.259,siderca\17701,CA15,2026-02-06 23:01:10.4151507 -03:00,1905846,2026-02-06 21:39:10.0420200 -03:00,11,0
1905949,26,26-CAMBIO DE HERRAMIENTAS DEBIDO A DESGASTE,448.311,siderca\17701,"CPT,CA15,CFC,CDS",2026-02-07 00:14:22.9309081 -03:00,1905899,2026-02-06 23:03:21.6740745 -03:00,11,0
1906010,26,26-CAMBIO DE HERRAMIENTAS DEBIDO A DESGASTE,262,siderca\17701,"CSR,CA15",2026-02-07 01:34:18.2480809 -03:00,1905949,2026-02-07 00:21:51.2413389 -03:00,10,0
1906085,26,26-CAMBIO DE HERRAMIENTAS DEBIDO A DESGASTE,457.845,siderca\17701,"CPT,CA15,CFC,CDS",2026-02-07 03:21:52.7307602 -03:00,1906010,2026-02-07 01:38:40.2480809 -03:00,11,0
1906135,26,26-CAMBIO DE HERRAMIENTAS DEBIDO A DESGASTE,181.662,siderca\17701,CA15,2026-02-07 04:41:57.2741720 -03:00,1906085,2026-02-07 03:29:30.5752557 -03:00,10,0
1906201,26,26-CAMBIO DE HERRAMIENTAS DEBIDO A DESGASTE,763.987,siderca\60062291,"CPT,GSR,GA15,GFC,GDS,CDT",2026-02-07 05:56:16.3310467 -03:00,1906135,2026-02-07 04:44:58.9369724 -03:00,10,0
1906257,26,26-CAMBIO DE HERRAMIENTAS DEBIDO A DESGASTE,175.008,siderca\60062291,CDT,2026-02-07 07:20:49.5047011 -03:00,1906201,2026-02-07 06:09:00.3188400 -03:00,11,0
1906322,26,26-CAMBIO DE HERRAMIENTAS DEBIDO A DESGASTE,742.483,siderca\60062291,"CPT,GSR,CA15,CFC,GFC,CDS,CDT",2026-02-07 08:42:38.8569434 -03:00,1906257,2026-02-07 07:23:44.5124231 -03:00,11,1
1906415,26,26-CAMBIO DE HERRAMIENTAS DEBIDO A DESGASTE,212,siderca\60062291,CDT,2026-02-07 10:48:14.6510164 -03:00,1906322,2026-02-07 08:55:01.3397685 -03:00,11,2
1906519,26,26-CAMBIO DE HERRAMIENTAS DEBIDO A DESGASTE,720.076,siderca\60062291,"CPT,CSR,GSR,GA15,CFC,GFC,GDS,CDT",2026-02-07 12:23:05.5739199 -03:00,1906415,2026-02-07 10:51:46.6510164 -03:00,11,0
1906597,26,26-CAMBIO DE HERRAMIENTAS DEBIDO A DESGASTE,187.56,siderca\12985,CA15,2026-02-07 14:17:14.9728832 -03:00,1906519,2026-02-07 12:35:05.6493243 -03:00,11,0
1906655,26,26-CAMBIO DE HERRAMIENTAS DEBIDO A DESGASTE,641.409,siderca\12985,"CPT,CA15,CFC,CDS,CDT",2026-02-07 15:48:58.9042177 -03:00,1906597,2026-02-07 14:20:22.5325180 -03:00,11,0
1906717,26,26-CAMBIO DE HERRAMIENTAS DEBIDO A DESGASTE,257,siderca\12985,"CSR,CA15",2026-02-07 17:15:08.5417903 -03:00,1906655,2026-02-07 15:59:40.3130943 -03:00,10,0
1906965,26,26-CAMBIO DE HERRAMIENTAS DEBIDO A DESGASTE,677,siderca\17701,"CPT,CSR,CA15,CFC,CDS",2026-02-07 22:32:40.8882159 -03:00,1906717,2026-02-07 17:19:25.5417903 -03:00,14,3
1907046,26,26-CAMBIO DE HERRAMIENTAS DEBIDO A DESGASTE,173.59,siderca\17701,CA15,2026-02-08 00:21:01.5713148 -03:00,1906965,2026-02-07 22:43:57.8882159 -03:00,12,0
1907089,26,26-CAMBIO DE HERRAMIENTAS DEBIDO A DESGASTE,560,siderca\17701,"CPT,CA15,CFC,CDS",2026-02-08 01:27:48.7703241 -03:00,1907046,2026-02-08 00:23:55.1610317 -03:00,9,0
1907169,26,26-CAMBIO DE HERRAMIENTAS DEBIDO A DESGASTE,258.399,siderca\17701,"CSR,CA15",2026-02-08 03:21:03.3698751 -03:00,1907089,2026-02-08 01:37:08.7703241 -03:00,11,0
1908330,26,26-CAMBIO DE HERRAMIENTAS DEBIDO A DESGASTE,315.577,siderca\12985,CA15,2026-03-02 11:23:00.0347482 -03:00,1907169,2026-02-08 03:25:21.7684228 -03:00,24,1
1908365,26,26-CAMBIO DE HERRAMIENTAS DEBIDO A DESGASTE,719.969,siderca\12985,"CPT,CA15,CDS,CDT",2026-03-02 12:40:04.1580292 -03:00,1908330,2026-03-02 11:28:15.6112566 -03:00,11,0
1908430,26,26-CAMBIO DE HERRAMIENTAS DEBIDO A DESGASTE,296.056,siderca\17701,"CSR,CA15",2026-03-02 14:20:00.8877653 -03:00,1908365,2026-03-02 12:52:04.1273935 -03:00,10,0
1908475,26,26-CAMBIO DE HERRAMIENTAS DEBIDO A DESGASTE,534.832,siderca\17701,"CPT,CA15,CFC,CDS",2026-03-02 15:51:58.7972815 -03:00,1908430,2026-03-02 14:24:56.9438519 -03:00,12,0
1908539,26,26-CAMBIO DE HERRAMIENTAS DEBIDO A DESGASTE,164.924,siderca\17701,CA15,2026-03-02 17:40:54.7942034 -03:00,1908475,2026-03-02 16:00:53.6297585 -03:00,12,0
1908614,26,26-CAMBIO DE HERRAMIENTAS DEBIDO A DESGASTE,659,siderca\17701,"CPT,CSR,CA15,CFC,CDS",2026-03-02 19:13:32.3638891 -03:00,1908539,2026-03-02 17:43:39.7183399 -03:00,10,0
1908757,26,26-CAMBIO DE HERRAMIENTAS DEBIDO A DESGASTE,180.039,siderca\60062291,CDT,2026-03-02 21:53:02.4715796 -03:00,1908614,2026-03-02 19:24:31.3638891 -03:00,11,1
1908860,26,26-CAMBIO DE HERRAMIENTAS DEBIDO A DESGASTE,900.198,siderca\60062291,"CPT,CSR,GA15,CFC,GFC,GDS,CDT",2026-03-03 00:39:01.2964582 -03:00,1908757,2026-03-02 21:56:02.5100930 -03:00,10,2
1908938,26,26-CAMBIO DE HERRAMIENTAS DEBIDO A DESGASTE,180,siderca\60062291,CDT,2026-03-03 02:22:00.8865611 -03:00,1908860,2026-03-03 00:54:01.4943163 -03:00,11,0
1908971,26,26-CAMBIO DE HERRAMIENTAS DEBIDO A DESGASTE,824.577,siderca\60062291,"CPT,GSR,GA15,CFC,GFC,GDS",2026-03-03 03:47:00.7244739 -03:00,1908938,2026-03-03 02:25:00.8865611 -03:00,11,0
1909047,26,26-CAMBIO DE HERRAMIENTAS DEBIDO A DESGASTE,573.069,siderca\12985,"CPT,CA15",2026-03-03 05:33:41.3139008 -03:00,1908971,2026-03-03 04:00:45.3018336 -03:00,11,0
1909085,26,26-CAMBIO DE HERRAMIENTAS DEBIDO A DESGASTE,593.455,siderca\12985,"CA15,CDS,CDT",2026-03-03 07:00:32.5694005 -03:00,1909047,2026-03-03 05:43:14.3829149 -03:00,10,0
1909154,26,26-CAMBIO DE HERRAMIENTAS DEBIDO A DESGASTE,720.405,siderca\12985,"CPT,CSR,CA15,CDT",2026-03-03 09:09:56.8394366 -03:00,1909085,2026-03-03 07:10:26.0240464 -03:00,10,0
1909214,26,26-CAMBIO DE HERRAMIENTAS DEBIDO A DESGASTE,361.727,siderca\12985,"CA15,CFC,CDS",2026-03-03 10:51:27.6753292 -03:00,1909154,2026-03-03 09:21:57.2445484 -03:00,9,0
1909391,26,26-CAMBIO DE HERRAMIENTAS DEBIDO A DESGASTE,373.964,siderca\17701,"CSR,CA15",2026-03-03 14:59:56.3576983 -03:00,1909214,2026-03-03 10:57:29.4026178 -03:00,21,1
1909468,26,26-CAMBIO DE HERRAMIENTAS DEBIDO A DESGASTE,608,siderca\17701,"CPT,CA15,CFC,CDS",2026-03-03 16:39:55.8279037 -03:00,1909391,2026-03-03 15:06:10.3211658 -03:00,10,0
1909548,26,26-CAMBIO DE HERRAMIENTAS DEBIDO A DESGASTE,208.23,siderca\17701,CA15,2026-03-03 18:16:18.5834343 -03:00,1909468,2026-03-03 16:50:03.8279037 -03:00,11,0
1909607,26,26-CAMBIO DE HERRAMIENTAS DEBIDO A DESGASTE,519,siderca\17701,"CPT,CA15,CFC,CDS",2026-03-03 19:45:13.1093686 -03:00,1909548,2026-03-03 18:19:46.8133358 -03:00,11,1
1909714,26,26-CAMBIO DE HERRAMIENTAS DEBIDO A DESGASTE,240,siderca\60062291,"GSR,CDT",2026-03-03 22:16:09.3877422 -03:00,1909607,2026-03-03 19:53:52.1093686 -03:00,11,0
1909778,26,26-CAMBIO DE HERRAMIENTAS DEBIDO A DESGASTE,767.105,siderca\60062291,"CPT,GA15,CFC,GFC,CDS,CDT",2026-03-03 23:54:19.3345643 -03:00,1909714,2026-03-03 22:20:09.3877422 -03:00,11,0
1909875,26,26-CAMBIO DE HERRAMIENTAS DEBIDO A DESGASTE,180.902,siderca\60062291,CDT,2026-03-04 01:38:17.2018168 -03:00,1909778,2026-03-04 00:07:06.4399885 -03:00,9,0
1909921,26,26-CAMBIO DE HERRAMIENTAS DEBIDO A DESGASTE,861.712,siderca\60062291,"CPT,GSR,GA15,CFC,GFC,GDS,CDT",2026-03-04 03:12:02.9164776 -03:00,1909875,2026-03-04 01:41:18.1034388 -03:00,11,0
1910019,26,26-CAMBIO DE HERRAMIENTAS DEBIDO A DESGASTE,420.171,siderca\12985,"CA15,CFC",2026-03-04 05:05:05.5891051 -03:00,1910011,2026-03-04 05:12:05.8717686 -03:00,0,0
1910011,26,26-CAMBIO DE HERRAMIENTAS DEBIDO A DESGASTE,0.111,siderca\12985,"CA15,CFC",2026-03-04 05:12:05.7608097 -03:00,1909921,2026-03-04 03:26:24.6285523 -03:00,11,0
1910098,26,26-CAMBIO DE HERRAMIENTAS DEBIDO A DESGASTE,600.961,siderca\12985,"CPT,CA15,CDS,CDT",2026-03-04 06:59:09.3504421 -03:00,1910019,2026-03-04 05:12:05.7608097 -03:00,11,0
1910177,26,26-CAMBIO DE HERRAMIENTAS DEBIDO A DESGASTE,539.687,siderca\12985,"CSR,CA15,CFC",2026-03-04 09:24:00.8829293 -03:00,1910098,2026-03-04 07:09:10.3113532 -03:00,11,1
1910260,26,26-CAMBIO DE HERRAMIENTAS DEBIDO A DESGASTE,754.339,siderca\12985,"CPT,CA15,CFC,CDS,CDT",2026-03-04 11:33:12.1913518 -03:00,1910177,2026-03-04 09:33:00.5692732 -03:00,10,0
1910426,26,26-CAMBIO DE HERRAMIENTAS DEBIDO A DESGASTE,279.108,siderca\17701,CA15,2026-03-04 14:39:29.5480484 -03:00,1910260,2026-03-04 11:45:46.5302863 -03:00,19,0
1910501,26,26-CAMBIO DE HERRAMIENTAS DEBIDO A DESGASTE,545.948,siderca\17701,"CPT,CA15,CFC,CDS",2026-03-04 16:06:19.9893949 -03:00,1910426,2026-03-04 14:44:08.6566470 -03:00,11,0
1910586,26,26-CAMBIO DE HERRAMIENTAS DEBIDO A DESGASTE,326.034,siderca\17701,"CSR,CA15",2026-03-04 17:39:08.4597205 -03:00,1910501,2026-03-04 16:15:25.9378744 -03:00,11,0
1910660,26,26-CAMBIO DE HERRAMIENTAS DEBIDO A DESGASTE,577,siderca\17701,"CPT,CA15,CFC,CDS",2026-03-04 19:08:14.9889384 -03:00,1910586,2026-03-04 17:44:34.4938703 -03:00,10,0
1910754,26,26-CAMBIO DE HERRAMIENTAS DEBIDO A DESGASTE,173.478,siderca\17701,CA15,2026-03-04 20:55:02.0912982 -03:00,1910660,2026-03-04 19:17:51.9889384 -03:00,12,0
1910853,26,26-CAMBIO DE HERRAMIENTAS DEBIDO A DESGASTE,780.577,siderca\60062291,"CPT,GSR,CA15,CFC,GFC,GDS,CDT",2026-03-04 22:31:57.5367152 -03:00,1910754,2026-03-04 20:57:55.5699164 -03:00,10,1
1910917,26,26-CAMBIO DE HERRAMIENTAS DEBIDO A DESGASTE,202,siderca\60062291,CDT,2026-03-05 00:18:10.6395683 -03:00,1910853,2026-03-04 22:44:58.1131697 -03:00,10,1
1910972,26,26-CAMBIO DE HERRAMIENTAS DEBIDO A DESGASTE,745.485,siderca\60062291,"CPT,GA15,CFC,GFC,GDS,CDT",2026-03-05 01:28:14.6889443 -03:00,1910917,2026-03-05 00:21:32.6395683 -03:00,8,0
1911071,26,26-CAMBIO DE HERRAMIENTAS DEBIDO A DESGASTE,229.83,siderca\60062291,CDT,2026-03-05 03:32:19.5961839 -03:00,1910972,2026-03-05 01:40:40.1738429 -03:00,12,1
1911118,26,26-CAMBIO DE HERRAMIENTAS DEBIDO A DESGASTE,771.548,siderca\60062291,"CPT,CSR,GSR,GA15,GFC,CDS,CDT",2026-03-05 04:31:05.0202116 -03:00,1911071,2026-03-05 03:36:09.4261764 -03:00,6,0
1911218,26,26-CAMBIO DE HERRAMIENTAS DEBIDO A DESGASTE,342.388,siderca\12985,CA15,2026-03-05 06:15:52.0723432 -03:00,1911118,2026-03-05 04:43:56.5688735 -03:00,10,0
1911300,26,26-CAMBIO DE HERRAMIENTAS DEBIDO A DESGASTE,660.002,siderca\12985,"CPT,CA15,CFC,CDS,CDT",2026-03-05 07:52:06.6525942 -03:00,1911218,2026-03-05 06:21:34.4600990 -03:00,10,0
1911389,26,26-CAMBIO DE HERRAMIENTAS DEBIDO A DESGASTE,385.559,siderca\12985,"GSR,CDT",2026-03-05 10:16:55.0231383 -03:00,1911300,2026-03-05 08:03:06.6541837 -03:00,11,1
1911464,26,26-CAMBIO DE HERRAMIENTAS DEBIDO A DESGASTE,624.227,siderca\12985,"CPT,CA15,CFC,CDS,CDT",2026-03-05 12:05:23.3529939 -03:00,1911389,2026-03-05 10:23:20.5821813 -03:00,12,3
1911535,26,26-CAMBIO DE HERRAMIENTAS DEBIDO A DESGASTE,161.402,siderca\17701,CA15,2026-03-05 13:32:51.0040679 -03:00,1911464,2026-03-05 12:15:47.5791390 -03:00,10,0
1911588,26,26-CAMBIO DE HERRAMIENTAS DEBIDO A DESGASTE,599.366,siderca\17701,"CPT,CSR,CA15,CFC,CDS",2026-03-05 14:44:23.8877681 -03:00,1911535,2026-03-05 13:35:32.4066677 -03:00,10,0
1911648,26,26-CAMBIO DE HERRAMIENTAS DEBIDO A DESGASTE,157.12,siderca\17701,CA15,2026-03-05 16:05:25.1245087 -03:00,1911588,2026-03-05 14:54:23.2537495 -03:00,10,0
1911695,26,26-CAMBIO DE HERRAMIENTAS DEBIDO A DESGASTE,474.549,siderca\17701,"CPT,CA15,CFC,CDS",2026-03-05 17:16:44.5469135 -03:00,1911648,2026-03-05 16:08:02.2448339 -03:00,11,0
1911742,26,26-CAMBIO DE HERRAMIENTAS DEBIDO A DESGASTE,228.04,siderca\17701,"CSR,CA15",2026-03-05 18:23:18.2257654 -03:00,1911695,2026-03-05 17:24:39.0958939 -03:00,8,0
1911793,26,26-CAMBIO DE HERRAMIENTAS DEBIDO A DESGASTE,491,siderca\17701,"CA15,CFC,CDS",2026-03-05 19:35:56.2132654 -03:00,1911742,2026-03-05 18:27:06.2654142 -03:00,11,0
1911888,26,26-CAMBIO DE HERRAMIENTAS DEBIDO A DESGASTE,614.338,siderca\60062291,"CPT,GSR,GA15,CFC,GFC,CDS,GDS,CDT",2026-03-05 21:33:03.6031448 -03:00,1911793,2026-03-05 19:44:07.2132654 -03:00,12,0
1911935,26,26-CAMBIO DE HERRAMIENTAS DEBIDO A DESGASTE,168.067,siderca\60062291,CDT,2026-03-05 23:02:32.5385506 -03:00,1911888,2026-03-05 21:43:17.9410189 -03:00,10,0
1911973,26,26-CAMBIO DE HERRAMIENTAS DEBIDO A DESGASTE,852.829,siderca\60062291,"CPT,GSR,GA15,CFC,GFC,CDS,GDS,CDT",2026-03-06 00:29:29.9253609 -03:00,1911935,2026-03-05 23:05:20.6054378 -03:00,11,0
1912031,26,26-CAMBIO DE HERRAMIENTAS DEBIDO A DESGASTE,118.936,siderca\60062291,CDT,2026-03-06 02:08:52.5413025 -03:00,1911973,2026-03-06 00:43:42.7545399 -03:00,11,0
1912062,26,26-CAMBIO DE HERRAMIENTAS DEBIDO A DESGASTE,639.394,siderca\60062291,"CPT,GSR,GA15,CFC,GFC,CDS,GDS,CDT",2026-03-06 03:19:28.8033714 -03:00,1912031,2026-03-06 02:10:51.4771429 -03:00,7,1
1912112,26,26-CAMBIO DE HERRAMIENTAS DEBIDO A DESGASTE,78.876,siderca\12985,CA15,2026-03-06 04:53:58.5439740 -03:00,1912062,2026-03-06 03:30:08.1979931 -03:00,12,1
1912185,26,26-CAMBIO DE HERRAMIENTAS DEBIDO A DESGASTE,540.719,siderca\12985,"CPT,CA15,CFC,CDS,CDT",2026-03-06 06:33:03.1583458 -03:00,1912112,2026-03-06 04:55:17.4190196 -03:00,8,0
1912221,26,26-CAMBIO DE HERRAMIENTAS DEBIDO A DESGASTE,592.221,siderca\12985,"GSR,CDT",2026-03-06 08:05:29.5396087 -03:00,1912185,2026-03-06 06:42:03.8770836 -03:00,12,0
1912263,26,26-CAMBIO DE HERRAMIENTAS DEBIDO A DESGASTE,693,siderca\12985,"CPT,CA15,CFC,CDS,CDT",2026-03-06 09:21:45.1513520 -03:00,1912221,2026-03-06 08:15:21.7605460 -03:00,9,0
1912306,26,26-CAMBIO DE HERRAMIENTAS DEBIDO A DESGASTE,357.474,siderca\12985,CA15,2026-03-06 11:00:21.2822639 -03:00,1912263,2026-03-06 09:33:18.1513520 -03:00,12,1
1912342,26,26-CAMBIO DE HERRAMIENTAS DEBIDO A DESGASTE,753.976,siderca\12985,"CPT,CSR,CA15,CFC,CDS,CDT",2026-03-06 12:15:57.7389268 -03:00,1912306,2026-03-06 11:06:18.7560665 -03:00,11,0
1912394,26,26-CAMBIO DE HERRAMIENTAS DEBIDO A DESGASTE,222,siderca\17701,CA15,2026-03-06 13:43:47.2038075 -03:00,1912342,2026-03-06 12:28:31.7141882 -03:00,11,1
1912434,26,26-CAMBIO DE HERRAMIENTAS DEBIDO A DESGASTE,451.829,siderca\17701,"CPT,CA15,CFC,CDS",2026-03-06 15:08:58.1179459 -03:00,1912394,2026-03-06 13:47:29.2038075 -03:00,11,0
1912478,26,26-CAMBIO DE HERRAMIENTAS DEBIDO A DESGASTE,195.155,siderca\17701,"CSR,CA15",2026-03-06 16:39:02.8605116 -03:00,1912434,2026-03-06 15:16:29.9466966 -03:00,11,0
1912510,26,26-CAMBIO DE HERRAMIENTAS DEBIDO A DESGASTE,470.655,siderca\17701,"CPT,CA15,CFC,CDS",2026-03-06 17:47:23.9175254 -03:00,1912478,2026-03-06 16:42:18.0157974 -03:00,10,0
1912565,26,26-CAMBIO DE HERRAMIENTAS DEBIDO A DESGASTE,140.5,siderca\17701,CA15,2026-03-06 19:23:15.1782419 -03:00,1912510,2026-03-06 17:55:14.5725597 -03:00,10,1
1912604,26,26-CAMBIO DE HERRAMIENTAS DEBIDO A DESGASTE,578.551,siderca\17701,"CPT,CSR,CA15,CFC,CDS",2026-03-06 20:35:01.0573421 -03:00,1912565,2026-03-06 19:25:35.6783888 -03:00,11,0
1912654,26,26-CAMBIO DE HERRAMIENTAS DEBIDO A DESGASTE,149.913,siderca\60062291,CDT,2026-03-06 22:05:06.1203342 -03:00,1912604,2026-03-06 20:44:39.6080020 -03:00,11,0
1912703,26,26-CAMBIO DE HERRAMIENTAS DEBIDO A DESGASTE,720.286,siderca\60062291,"CPT,GSR,GA15,GFC,GDS,CDT",2026-03-06 23:42:48.3052819 -03:00,1912654,2026-03-06 22:07:36.0332813 -03:00,9,0
1912748,26,26-CAMBIO DE HERRAMIENTAS DEBIDO A DESGASTE,145.971,siderca\60062291,CDT,2026-03-07 01:04:23.7669579 -03:00,1912703,2026-03-06 23:54:48.5914315 -03:00,11,0
1912793,26,26-CAMBIO DE HERRAMIENTAS DEBIDO A DESGASTE,655.891,siderca\60062291,"CPT,GSR,CA15,GFC,GDS,CDT",2026-03-07 02:21:48.4086580 -03:00,1912748,2026-03-07 01:06:49.7377571 -03:00,11,0
1912857,26,26-CAMBIO DE HERRAMIENTAS DEBIDO A DESGASTE,201.802,siderca\60062291,CDT,2026-03-07 04:01:21.9397350 -03:00,1912793,2026-03-07 02:32:44.2994467 -03:00,12,0
1912919,26,26-CAMBIO DE HERRAMIENTAS DEBIDO A DESGASTE,651.775,siderca\12985,"CPT,CA15,CFC,CDS,CDT",2026-03-07 05:15:47.8353029 -03:00,1912857,2026-03-07 04:04:43.7414053 -03:00,10,0
1912970,26,26-CAMBIO DE HERRAMIENTAS DEBIDO A DESGASTE,329.407,siderca\12985,"CSR,CA15",2026-03-07 06:36:13.7555935 -03:00,1912919,2026-03-07 05:26:39.6106472 -03:00,11,0
1913017,26,26-CAMBIO DE HERRAMIENTAS DEBIDO A DESGASTE,631.006,siderca\12985,"CPT,CA15,CFC,CDS,CDT",2026-03-07 07:54:29.7137274 -03:00,1912970,2026-03-07 06:41:43.1627613 -03:00,11,2
1913070,26,26-CAMBIO DE HERRAMIENTAS DEBIDO A DESGASTE,162.346,siderca\12985,CA15,2026-03-07 09:23:11.8008744 -03:00,1913017,2026-03-07 08:05:00.7196863 -03:00,11,0
1913117,26,26-CAMBIO DE HERRAMIENTAS DEBIDO A DESGASTE,660.259,siderca\12985,"CPT,CSR,CA15,CFC,GDS,CDT",2026-03-07 10:36:42.9601530 -03:00,1913070,2026-03-07 09:25:54.1463373 -03:00,7,0
1913153,26,26-CAMBIO DE HERRAMIENTAS DEBIDO A DESGASTE,173.688,siderca\12985,"CA15,CFC",2026-03-07 11:57:07.8509609 -03:00,1913117,2026-03-07 10:47:43.2191324 -03:00,11,0
1913210,26,26-CAMBIO DE HERRAMIENTAS DEBIDO A DESGASTE,522.073,siderca\17701,"CPT,CA15,CFC,CDS",2026-03-07 13:16:12.6968378 -03:00,1913153,2026-03-07 12:00:01.5380792 -03:00,10,0
1913253,26,26-CAMBIO DE HERRAMIENTAS DEBIDO A DESGASTE,225.601,siderca\17701,"CSR,CA15",2026-03-07 14:36:34.1137308 -03:00,1913210,2026-03-07 13:24:54.7691978 -03:00,10,0
1913294,26,26-CAMBIO DE HERRAMIENTAS DEBIDO A DESGASTE,519,siderca\17701,"CPT,CA15,CFC,CDS",2026-03-07 15:51:19.8607669 -03:00,1913253,2026-03-07 14:40:19.7146710 -03:00,11,0
1913343,26,26-CAMBIO DE HERRAMIENTAS DEBIDO A DESGASTE,185.733,siderca\17701,CA15,2026-03-07 17:16:51.8876784 -03:00,1913294,2026-03-07 15:59:58.8607669 -03:00,11,0
1913380,26,26-CAMBIO DE HERRAMIENTAS DEBIDO A DESGASTE,465.705,siderca\17701,"CPT,CSR,CA15,CFC,CDS",2026-03-07 18:30:19.8424705 -03:00,1913343,2026-03-07 17:19:57.6203500 -03:00,11,0
1913428,26,26-CAMBIO DE HERRAMIENTAS DEBIDO A DESGASTE,231,siderca\17701,CA15,2026-03-07 19:54:24.7277039 -03:00,1913380,2026-03-07 18:38:05.5471266 -03:00,10,0
1913487,26,26-CAMBIO DE HERRAMIENTAS DEBIDO A DESGASTE,745.654,siderca\60062291,"CPT,GSR,GA15,GFC,GDS,CDT",2026-03-07 21:15:39.2542640 -03:00,1913428,2026-03-07 19:58:15.7277039 -03:00,11,0
1913535,26,26-CAMBIO DE HERRAMIENTAS DEBIDO A DESGASTE,124.03,siderca\60062291,CDT,2026-03-07 22:37:39.7582413 -03:00,1913487,2026-03-07 21:28:04.9082610 -03:00,10,0
1913577,26,26-CAMBIO DE HERRAMIENTAS DEBIDO A DESGASTE,700.426,siderca\60062291,"CPT,GSR,GA15,GFC,GDS,CDT",2026-03-07 23:49:07.6066157 -03:00,1913535,2026-03-07 22:39:43.7883491 -03:00,10,0
1913625,26,26-CAMBIO DE HERRAMIENTAS DEBIDO A DESGASTE,164.016,siderca\60062291,CDT,2026-03-08 01:10:18.8630379 -03:00,1913577,2026-03-08 00:00:48.0321855 -03:00,11,0
1913669,26,26-CAMBIO DE HERRAMIENTAS DEBIDO A DESGASTE,614.921,siderca\60062291,"CPT,GSR,GA15,GFC,GDS,CDT",2026-03-08 02:23:01.2306909 -03:00,1913625,2026-03-08 01:13:02.8792621 -03:00,10,0
1913709,26,26-CAMBIO DE HERRAMIENTAS DEBIDO A DESGASTE,86.725,siderca\60062291,CDT,2026-03-08 03:46:00.6361883 -03:00,1913669,2026-03-08 02:33:16.1516033 -03:00,11,0
1913823,26,26-CAMBIO DE HERRAMIENTAS DEBIDO A DESGASTE,480.101,siderca\17701,"CPT,CA15,CFC,CDS",2026-03-09 05:14:08.0000000 -03:00,1913709,2026-03-08 03:47:27.3612379 -03:00,10,1
1913859,26,26-CAMBIO DE HERRAMIENTAS DEBIDO A DESGASTE,239.663,siderca\17701,"CSR,CA15",2026-03-09 06:46:28.2036067 -03:00,1913823,2026-03-09 05:22:08.1011709 -03:00,12,0
1913888,26,26-CAMBIO DE HERRAMIENTAS DEBIDO A DESGASTE,454.335,siderca\17701,"CPT,CA15,CFC,CDS",2026-03-09 08:02:15.9142239 -03:00,1913859,2026-03-09 06:50:27.8664107 -03:00,10,0
1913930,26,26-CAMBIO DE HERRAMIENTAS DEBIDO A DESGASTE,146.359,siderca\17701,CA15,2026-03-09 09:20:45.2373915 -03:00,1913888,2026-03-09 08:09:50.2497535 -03:00,10,0
1913961,26,26-CAMBIO DE HERRAMIENTAS DEBIDO A DESGASTE,433.546,siderca\17701,"CPT,CSR,CA15,CFC,CDS",2026-03-09 10:32:48.9050604 -03:00,1913930,2026-03-09 09:23:11.5960195 -03:00,10,0
1913994,26,26-CAMBIO DE HERRAMIENTAS DEBIDO A DESGASTE,162.89,siderca\17701,CA15,2026-03-09 11:52:37.3414634 -03:00,1913961,2026-03-09 10:40:02.4511332 -03:00,10,0
1914041,26,26-CAMBIO DE HERRAMIENTAS DEBIDO A DESGASTE,741.368,siderca\60062291,"CPT,GSR,GA15,CFC,GFC,GDS,CDT",2026-03-09 13:11:37.6890297 -03:00,1913994,2026-03-09 11:55:20.2317459 -03:00,12,0
1914083,26,26-CAMBIO DE HERRAMIENTAS DEBIDO A DESGASTE,124.579,siderca\60062291,CDT,2026-03-09 14:33:32.9994274 -03:00,1914041,2026-03-09 13:23:59.0573520 -03:00,11,0
1914120,26,26-CAMBIO DE HERRAMIENTAS DEBIDO A DESGASTE,549.899,siderca\60062291,"CPT,CA15,CFC,GFC,CDS,CDT",2026-03-09 15:45:01.5751724 -03:00,1914083,2026-03-09 14:35:37.5789880 -03:00,11,0
1914157,26,26-CAMBIO DE HERRAMIENTAS DEBIDO A DESGASTE,283.088,siderca\60062291,"CSR,CDT",2026-03-09 17:03:34.3353813 -03:00,1914120,2026-03-09 15:54:11.4747352 -03:00,10,0
1914224,26,26-CAMBIO DE HERRAMIENTAS DEBIDO A DESGASTE,881.856,siderca\60062291,"CPT,GA15,GFC,GDS,CDT",2026-03-09 19:04:31.8462510 -03:00,1914157,2026-03-09 17:08:17.4236608 -03:00,11,2
1914286,26,26-CAMBIO DE HERRAMIENTAS DEBIDO A DESGASTE,95.667,siderca\60062291,CDT,2026-03-09 20:54:14.3829479 -03:00,1914224,2026-03-09 19:19:13.7024506 -03:00,12,0
1914347,26,26-CAMBIO DE HERRAMIENTAS DEBIDO A DESGASTE,668,siderca\12985,"CPT,CSR,CA15,CFC,CDS,CDT",2026-03-09 22:22:40.6695146 -03:00,1914286,2026-03-09 20:55:50.0498307 -03:00,11,0
1914388,26,26-CAMBIO DE HERRAMIENTAS DEBIDO A DESGASTE,394.882,siderca\12985,"CA15,CFC",2026-03-09 23:46:15.6355549 -03:00,1914347,2026-03-09 22:33:48.6695146 -03:00,11,0
1914418,26,26-CAMBIO DE HERRAMIENTAS DEBIDO A DESGASTE,524.649,siderca\12985,"CPT,CA15,CDS,CDT",2026-03-10 00:56:01.0294673 -03:00,1914388,2026-03-09 23:52:50.5172932 -03:00,9,0
1914451,26,26-CAMBIO DE HERRAMIENTAS DEBIDO A DESGASTE,287.076,siderca\12985,"CSR,CA15",2026-03-10 02:15:00.6544416 -03:00,1914418,2026-03-10 01:04:45.6784016 -03:00,10,0
1914506,26,26-CAMBIO DE HERRAMIENTAS DEBIDO A DESGASTE,517,siderca\12985,"CPT,CA15,CDS,CDT",2026-03-10 04:01:24.2164481 -03:00,1914451,2026-03-10 02:19:47.7301594 -03:00,14,4
1914567,26,26-CAMBIO DE HERRAMIENTAS DEBIDO A DESGASTE,271.07,siderca\17701,CA15,2026-03-10 05:30:46.6898776 -03:00,1914506,2026-03-10 04:10:01.2164481 -03:00,11,0
1914613,26,26-CAMBIO DE HERRAMIENTAS DEBIDO A DESGASTE,666.726,siderca\17701,"CPT,CSR,CA15,CFC,CDS",2026-03-10 06:56:01.5081174 -03:00,1914567,2026-03-10 05:35:17.7593600 -03:00,11,0
1914666,26,26-CAMBIO DE HERRAMIENTAS DEBIDO A DESGASTE,125.5,siderca\17701,CA15,2026-03-10 08:25:38.4673075 -03:00,1914613,2026-03-10 07:07:08.2347534 -03:00,11,1
1914700,26,26-CAMBIO DE HERRAMIENTAS DEBIDO A DESGASTE,558.044,siderca\17701,"CPT,CA15,CFC,CDS",2026-03-10 09:39:06.4316142 -03:00,1914666,2026-03-10 08:27:43.9677765 -03:00,11,0
1914746,26,26-CAMBIO DE HERRAMIENTAS DEBIDO A DESGASTE,215.872,siderca\17701,"CSR,CA15",2026-03-10 11:07:13.2748092 -03:00,1914700,2026-03-10 09:48:24.4752316 -03:00,11,0
1914791,26,26-CAMBIO DE HERRAMIENTAS DEBIDO A DESGASTE,389.051,siderca\17701,"CPT,CA15,CFC,CDS",2026-03-10 12:28:16.4747974 -03:00,1914746,2026-03-10 11:10:49.1466990 -03:00,12,0
1914843,26,26-CAMBIO DE HERRAMIENTAS DEBIDO A DESGASTE,128.714,siderca\60062291,CDT,2026-03-10 13:53:49.6812851 -03:00,1914791,2026-03-10 12:34:45.5250200 -03:00,11,0
1914879,26,26-CAMBIO DE HERRAMIENTAS DEBIDO A DESGASTE,656.323,siderca\60062291,"CPT,GSR,GA15,CFC,GFC,GDS,CDT",2026-03-10 14:59:05.8033359 -03:00,1914843,2026-03-10 13:55:58.3957419 -03:00,10,0
1914925,26,26-CAMBIO DE HERRAMIENTAS DEBIDO A DESGASTE,146,siderca\60062291,CDT,2026-03-10 16:20:59.4698965 -03:00,1914879,2026-03-10 15:10:02.1267125 -03:00,10,0
1914983,26,26-CAMBIO DE HERRAMIENTAS DEBIDO A DESGASTE,522.006,siderca\60062291,"CPT,CA15,GFC,CDS,CDT",2026-03-10 17:49:48.8374227 -03:00,1914925,2026-03-10 16:23:25.4698965 -03:00,11,1
1915025,26,26-CAMBIO DE HERRAMIENTAS DEBIDO A DESGASTE,321.476,siderca\60062291,"CSR,CDT",2026-03-10 19:07:53.6991438 -03:00,1914983,2026-03-10 17:58:30.8431296 -03:00,11,0
1915072,26,26-CAMBIO DE HERRAMIENTAS DEBIDO A DESGASTE,540.828,siderca\60062291,"CPT,GA15,CFC,GFC,GDS,CDT",2026-03-10 20:26:37.8547345 -03:00,1915025,2026-03-10 19:13:15.1758163 -03:00,10,0
1915128,26,26-CAMBIO DE HERRAMIENTAS DEBIDO A DESGASTE,273.766,siderca\12985,CA15,2026-03-10 21:47:39.0315632 -03:00,1915072,2026-03-10 20:35:38.6821568 -03:00,11,0
1915168,26,26-CAMBIO DE HERRAMIENTAS DEBIDO A DESGASTE,487.764,siderca\12985,"CPT,CSR,CA15,CDS,CDT",2026-03-10 23:01:38.9270948 -03:00,1915128,2026-03-10 21:52:12.7976122 -03:00,10,0
1915207,26,26-CAMBIO DE HERRAMIENTAS DEBIDO A DESGASTE,97.837,siderca\12985,CA15,2026-03-11 00:19:15.3869346 -03:00,1915168,2026-03-10 23:09:46.6911167 -03:00,11,0
1915234,26,26-CAMBIO DE HERRAMIENTAS DEBIDO A DESGASTE,512.614,siderca\12985,"CPT,CA15,CFC,CDS,CDT",2026-03-11 01:17:55.2890185 -03:00,1915207,2026-03-11 00:20:53.2235085 -03:00,9,0
1915280,26,26-CAMBIO DE HERRAMIENTAS DEBIDO A DESGASTE,259.951,siderca\12985,"CSR,CA15",2026-03-11 02:35:56.9654146 -03:00,1915234,2026-03-11 01:26:27.9036171 -03:00,10,0
1915328,26,26-CAMBIO DE HERRAMIENTAS DEBIDO A DESGASTE,448.407,siderca\12985,"CPT,CA15,CDS,CDT",2026-03-11 04:05:58.6443588 -03:00,1915280,2026-03-11 02:40:16.9161582 -03:00,11,0
1915384,26,26-CAMBIO DE HERRAMIENTAS DEBIDO A DESGASTE,178.953,siderca\17701,CA15,2026-03-11 05:24:33.3720440 -03:00,1915328,2026-03-11 04:13:27.0514261 -03:00,11,0
1915409,26,26-CAMBIO DE HERRAMIENTAS DEBIDO A DESGASTE,145.291,siderca\17701,CPT,2026-03-11 05:53:19.1399701 -03:00,1915384,2026-03-11 05:27:32.3250907 -03:00,3,0
1915434,26,26-CAMBIO DE HERRAMIENTAS DEBIDO A DESGASTE,501.456,siderca\17701,"CPT,CSR,CA15,CFC,CDS",2026-03-11 06:40:16.9110344 -03:00,1915409,2026-03-11 05:55:44.4301505 -03:00,6,0
1915469,26,26-CAMBIO DE HERRAMIENTAS DEBIDO A DESGASTE,288.719,siderca\17701,CA15,2026-03-11 08:02:06.7285757 -03:00,1915434,2026-03-11 06:48:38.3674958 -03:00,11,0
1915505,26,26-CAMBIO DE HERRAMIENTAS DEBIDO A DESGASTE,452.41,siderca\17701,"CPT,CA15,CFC,CDS",2026-03-11 09:24:25.7235792 -03:00,1915469,2026-03-11 08:06:55.4478909 -03:00,10,0
1915542,26,26-CAMBIO DE HERRAMIENTAS DEBIDO A DESGASTE,197.473,siderca\17701,"CSR,CA15",2026-03-11 10:48:15.2826252 -03:00,1915505,2026-03-11 09:31:58.1334740 -03:00,11,0
1915760,26,26-CAMBIO DE HERRAMIENTAS DEBIDO A DESGASTE,739,siderca\60062291,"CPT,CA15,CFC,GFC,GDS,CDT",2026-03-11 17:14:43.0533271 -03:00,1915542,2026-03-11 10:51:32.7550420 -03:00,13,2
1915817,26,26-CAMBIO DE HERRAMIENTAS DEBIDO A DESGASTE,235.089,siderca\60062291,CDT,2026-03-11 18:56:10.4024126 -03:00,1915760,2026-03-11 17:27:02.0533271 -03:00,11,0
1915857,26,26-CAMBIO DE HERRAMIENTAS DEBIDO A DESGASTE,864.905,siderca\60062291,"CPT,GSR,GA15,CFC,GFC,CDS,CDT",2026-03-11 20:09:02.3356682 -03:00,1915817,2026-03-11 19:00:05.4915723 -03:00,9,0
1915909,26,26-CAMBIO DE HERRAMIENTAS DEBIDO A DESGASTE,156.913,siderca\12985,CA15,2026-03-11 21:34:35.2986473 -03:00,1915857,2026-03-11 20:23:27.2406855 -03:00,10,0
1915958,26,26-CAMBIO DE HERRAMIENTAS DEBIDO A DESGASTE,240.546,siderca\12985,"CPT,CA15,CDS,CDT",2026-03-11 22:49:40.2915545 -03:00,1915909,2026-03-11 21:37:12.2115310 -03:00,9,0
1915965,26,26-CAMBIO DE HERRAMIENTAS DEBIDO A DESGASTE,248,siderca\12985,"CPT,CA15,CDS,CDT",2026-03-11 23:06:53.3609342 -03:00,1915958,2026-03-11 22:53:40.8375928 -03:00,2,0
1916018,26,26-CAMBIO DE HERRAMIENTAS DEBIDO A DESGASTE,300.301,siderca\12985,"CSR,CA15",2026-03-12 00:32:31.4861415 -03:00,1915965,2026-03-11 23:11:01.3609342 -03:00,11,0
1916052,26,26-CAMBIO DE HERRAMIENTAS DEBIDO A DESGASTE,564.7,siderca\12985,"CPT,CA15,CFC,CDS,CDT",2026-03-12 01:47:01.4632305 -03:00,1916018,2026-03-12 00:37:31.7877617 -03:00,10,0
1916116,26,26-CAMBIO DE HERRAMIENTAS DEBIDO A DESGASTE,677.368,siderca\12985,"CPT,CSR,CA15,CFC,CDS,CDT",2026-03-12 03:44:31.7865247 -03:00,1916052,2026-03-12 01:56:26.1637395 -03:00,15,0
1916169,26,26-CAMBIO DE HERRAMIENTAS DEBIDO A DESGASTE,297.777,siderca\17701,"CA15,CFC",2026-03-12 05:11:39.8374759 -03:00,1916116,2026-03-12 03:55:49.1545270 -03:00,11,0
1916220,26,26-CAMBIO DE HERRAMIENTAS DEBIDO A DESGASTE,535.353,siderca\17701,"CPT,CA15,CFC,CDS",2026-03-12 06:26:10.0703512 -03:00,1916169,2026-03-12 05:16:37.6141800 -03:00,11,0
1916251,26,26-CAMBIO DE HERRAMIENTAS DEBIDO A DESGASTE,275.269,siderca\17701,"CSR,CA15",2026-03-12 07:46:27.7296731 -03:00,1916220,2026-03-12 06:35:05.4237517 -03:00,11,0
1916293,26,26-CAMBIO DE HERRAMIENTAS DEBIDO A DESGASTE,432.629,siderca\17701,"CPT,CA15,CFC,CDS",2026-03-12 09:00:31.9678666 -03:00,1916251,2026-03-12 07:51:02.9987060 -03:00,10,0
1916335,26,26-CAMBIO DE HERRAMIENTAS DEBIDO A DESGASTE,153.348,siderca\17701,CPT,2026-03-12 10:20:55.9339813 -03:00,1916293,2026-03-12 09:07:44.5961915 -03:00,10,0
1916378,26,26-CAMBIO DE HERRAMIENTAS DEBIDO A DESGASTE,446.282,siderca\17701,"CPT,CSR,CA15,CFC,CDS",2026-03-12 11:39:02.0181233 -03:00,1916335,2026-03-12 10:23:29.2819435 -03:00,10,3
1916451,26,26-CAMBIO DE HERRAMIENTAS DEBIDO A DESGASTE,101.028,siderca\60062291,CDT,2026-03-12 13:16:59.6525494 -03:00,1916378,2026-03-12 11:46:28.3003199 -03:00,12,0
1916495,26,26-CAMBIO DE HERRAMIENTAS DEBIDO A DESGASTE,720.741,siderca\60062291,"CPT,GSR,CA15,CFC,GFC,GDS,CDT",2026-03-12 14:33:36.6275801 -03:00,1916451,2026-03-12 13:18:40.6803328 -03:00,11,1
1916531,26,26-CAMBIO DE HERRAMIENTAS DEBIDO A DESGASTE,183.4,siderca\60062291,CDT,2026-03-12 15:57:11.4130636 -03:00,1916495,2026-03-12 14:45:37.3688335 -03:00,10,0
1916567,26,26-CAMBIO DE HERRAMIENTAS DEBIDO A DESGASTE,591.83,siderca\60062291,"CPT,GA15,GFC,CDS,CDT",2026-03-12 17:09:37.7899034 -03:00,1916531,2026-03-12 16:00:14.8133466 -03:00,10,0
1916609,26,26-CAMBIO DE HERRAMIENTAS DEBIDO A DESGASTE,378.031,siderca\60062291,"CSR,CDT",2026-03-12 18:34:07.0001515 -03:00,1916567,2026-03-12 17:19:29.6199695 -03:00,11,0
1916652,26,26-CAMBIO DE HERRAMIENTAS DEBIDO A DESGASTE,611,siderca\60062291,"CPT,GA15,CFC,GFC,GDS,CDT",2026-03-12 19:53:12.5760621 -03:00,1916609,2026-03-12 18:40:25.0319551 -03:00,10,0
1916719,26,26-CAMBIO DE HERRAMIENTAS DEBIDO A DESGASTE,95.323,siderca\12985,CA15,2026-03-12 21:31:07.2237165 -03:00,1916652,2026-03-12 20:03:23.5760621 -03:00,11,0
1916764,26,26-CAMBIO DE HERRAMIENTAS DEBIDO A DESGASTE,505.453,siderca\12985,"CPT,CSR,CA15,CDS,CDT",2026-03-12 22:42:18.2445735 -03:00,1916719,2026-03-12 21:32:42.5469926 -03:00,10,0
1916810,26,26-CAMBIO DE HERRAMIENTAS DEBIDO A DESGASTE,54.939,siderca\12985,CA15,2026-03-13 00:09:02.1672309 -03:00,1916764,2026-03-12 22:50:43.6972571 -03:00,12,0
1916837,26,26-CAMBIO DE HERRAMIENTAS DEBIDO A DESGASTE,376.694,siderca\12985,"CPT,CA15,CDS,CDT",2026-03-13 01:01:10.8688128 -03:00,1916810,2026-03-13 00:09:57.1062822 -03:00,7,0
1916869,26,26-CAMBIO DE HERRAMIENTAS DEBIDO A DESGASTE,182.128,siderca\12985,"CSR,CA15",2026-03-13 02:13:32.3546334 -03:00,1916837,2026-03-13 01:07:27.5628471 -03:00,9,0
1916909,26,26-CAMBIO DE HERRAMIENTAS DEBIDO A DESGASTE,360.532,siderca\12985,"CPT,CDS,CDT",2026-03-13 03:35:37.0404006 -03:00,1916869,2026-03-13 02:16:34.4822219 -03:00,11,0
1916947,26,26-CAMBIO DE HERRAMIENTAS DEBIDO A DESGASTE,59.815,siderca\12985,CA15,2026-03-13 04:51:07.1370477 -03:00,1916909,2026-03-13 03:41:37.5720046 -03:00,11,0
1917010,26,26-CAMBIO DE HERRAMIENTAS DEBIDO A DESGASTE,475.381,siderca\17701,"CPT,CSR,CA15,CFC,CDS",2026-03-13 06:09:48.5024258 -03:00,1916947,2026-03-13 04:52:06.9520732 -03:00,11,0
1917075,26,26-CAMBIO DE HERRAMIENTAS DEBIDO A DESGASTE,215.553,siderca\17701,CA15,2026-03-13 07:51:27.2730283 -03:00,1917010,2026-03-13 06:17:43.8839877 -03:00,11,0
1917121,26,26-CAMBIO DE HERRAMIENTAS DEBIDO A DESGASTE,490.539,siderca\17701,"CPT,CA15,CFC,CDS",2026-03-13 09:06:22.3981030 -03:00,1917075,2026-03-13 07:55:02.8266833 -03:00,10,0
1917175,26,26-CAMBIO DE HERRAMIENTAS DEBIDO A DESGASTE,269.326,siderca\17701,"CSR,CA15",2026-03-13 10:37:56.4238190 -03:00,1917121,2026-03-13 09:14:32.9377592 -03:00,13,0
1917217,26,26-CAMBIO DE HERRAMIENTAS DEBIDO A DESGASTE,402.99,siderca\17701,"CPT,CA15,CFC,CDS",2026-03-13 11:51:50.4403904 -03:00,1917175,2026-03-13 10:42:25.7497264 -03:00,11,0
1917265,26,26-CAMBIO DE HERRAMIENTAS DEBIDO A DESGASTE,133.863,siderca\60062291,CDT,2026-03-13 13:17:34.9890331 -03:00,1917217,2026-03-13 11:58:33.4301869 -03:00,11,3
1917308,26,26-CAMBIO DE HERRAMIENTAS DEBIDO A DESGASTE,683.006,siderca\60062291,"CPT,GSR,GA15,CFC,GFC,GDS,CDT",2026-03-13 14:35:16.9649454 -03:00,1917265,2026-03-13 13:19:48.8525903 -03:00,10,0
1917362,26,26-CAMBIO DE HERRAMIENTAS DEBIDO A DESGASTE,120.309,siderca\60062291,CDT,2026-03-13 16:05:46.3942506 -03:00,1917308,2026-03-13 14:46:39.9704351 -03:00,11,0
1917408,26,26-CAMBIO DE HERRAMIENTAS DEBIDO A DESGASTE,909.751,siderca\60062291,"CPT,CA15,CFC,GFC,CDS,CDT",2026-03-13 17:23:23.6369604 -03:00,1917362,2026-03-13 16:07:46.7036450 -03:00,10,0
1917476,26,26-CAMBIO DE HERRAMIENTAS DEBIDO A DESGASTE,529.886,siderca\60062291,"GSR,CDT",2026-03-13 19:17:43.6940863 -03:00,1917408,2026-03-13 17:38:33.3876345 -03:00,10,0
1917521,26,26-CAMBIO DE HERRAMIENTAS DEBIDO A DESGASTE,585.393,siderca\60062291,"CPT,GA15,GFC,GDS,CDT",2026-03-13 20:35:58.8065692 -03:00,1917476,2026-03-13 19:26:33.5802028 -03:00,10,0
1917563,26,26-CAMBIO DE HERRAMIENTAS DEBIDO A DESGASTE,75.065,siderca\12985,CA15,2026-03-13 21:58:31.6061408 -03:00,1917521,2026-03-13 20:45:44.1991785 -03:00,10,0
1917618,26,26-CAMBIO DE HERRAMIENTAS DEBIDO A DESGASTE,540.716,siderca\12985,"CPT,CSR,CA15,CFC,CDS,CDT",2026-03-13 23:20:59.2792308 -03:00,1917563,2026-03-13 21:59:46.6717483 -03:00,10,0
1917667,26,26-CAMBIO DE HERRAMIENTAS DEBIDO A DESGASTE,121.155,siderca\12985,CA15,2026-03-14 00:58:42.8776964 -03:00,1917618,2026-03-13 23:29:59.9958886 -03:00,11,0
1917708,26,26-CAMBIO DE HERRAMIENTAS DEBIDO A DESGASTE,540.764,siderca\12985,"CPT,CA15,CDS,CDT",2026-03-14 02:11:43.9084124 -03:00,1917667,2026-03-14 01:00:44.0327154 -03:00,8,0
1917747,26,26-CAMBIO DE HERRAMIENTAS DEBIDO A DESGASTE,202.965,siderca\12985,"CSR,CA15",2026-03-14 03:42:01.8823816 -03:00,1917708,2026-03-14 02:20:44.6725079 -03:00,12,0
1917773,26,26-CAMBIO DE HERRAMIENTAS DEBIDO A DESGASTE,508.935,siderca\12985,"CPT,CA15,CDS,CDT",2026-03-14 04:36:10.3572559 -03:00,1917747,2026-03-14 03:45:24.8471698 -03:00,7,0
1917844,26,26-CAMBIO DE HERRAMIENTAS DEBIDO A DESGASTE,285.124,siderca\17701,"CA15,CFC",2026-03-14 06:02:15.6571114 -03:00,1917773,2026-03-14 04:44:39.2920497 -03:00,10,0
1917893,26,26-CAMBIO DE HERRAMIENTAS DEBIDO A DESGASTE,660.981,siderca\17701,"CPT,CSR,CA15,CFC,CDS",2026-03-14 07:16:37.5851787 -03:00,1917844,2026-03-14 06:07:00.7811261 -03:00,10,0
1917935,26,26-CAMBIO DE HERRAMIENTAS DEBIDO A DESGASTE,212.117,siderca\17701,CA15,2026-03-14 08:41:30.1933774 -03:00,1917893,2026-03-14 07:27:38.5661561 -03:00,12,0
1917964,26,26-CAMBIO DE HERRAMIENTAS DEBIDO A DESGASTE,482,siderca\17701,"CPT,CA15,CFC,CDS",2026-03-14 09:42:03.2361148 -03:00,1917935,2026-03-14 08:45:02.3105788 -03:00,9,1
1918024,26,26-CAMBIO DE HERRAMIENTAS DEBIDO A DESGASTE,308.156,siderca\17701,"CSR,CA15",2026-03-14 11:21:59.7248534 -03:00,1917964,2026-03-14 09:50:05.2361148 -03:00,10,0
1918064,26,26-CAMBIO DE HERRAMIENTAS DEBIDO A DESGASTE,377.855,siderca\17701,"CPT,CA15,CFC,CDS",2026-03-14 12:36:34.3908480 -03:00,1918024,2026-03-14 11:27:07.8808851 -03:00,10,0
1918124,26,26-CAMBIO DE HERRAMIENTAS DEBIDO A DESGASTE,123.478,siderca\60062291,CDT,2026-03-14 13:56:36.0130576 -03:00,1918064,2026-03-14 12:42:52.2457237 -03:00,11,0
1918166,26,26-CAMBIO DE HERRAMIENTAS DEBIDO A DESGASTE,693,siderca\60062291,"CPT,GSR,GA15,CFC,GFC,GDS,CDT",2026-03-14 15:08:58.4847661 -03:00,1918124,2026-03-14 13:58:39.4915866 -03:00,11,0
1918216,26,26-CAMBIO DE HERRAMIENTAS DEBIDO A DESGASTE,188.734,siderca\60062291,CDT,2026-03-14 16:53:44.0446698 -03:00,1918166,2026-03-14 15:20:31.4847661 -03:00,11,0
1918248,26,26-CAMBIO DE HERRAMIENTAS DEBIDO A DESGASTE,753.236,siderca\60062291,"CPT,GSR,GA15,CFC,GFC,GDS,CDT",2026-03-14 18:07:45.1491529 -03:00,1918216,2026-03-14 16:56:52.7789559 -03:00,10,0
1918290,26,26-CAMBIO DE HERRAMIENTAS DEBIDO A DESGASTE,195.928,siderca\60062291,CDT,2026-03-14 19:29:40.9940513 -03:00,1918248,2026-03-14 18:20:18.3852203 -03:00,11,0
1918329,26,26-CAMBIO DE HERRAMIENTAS DEBIDO A DESGASTE,710.53,siderca\60062291,"CPT,GSR,GA15,CFC,GFC,GDS,CDT",2026-03-14 20:40:10.0225763 -03:00,1918290,2026-03-14 19:32:56.9221519 -03:00,10,0
1918397,26,26-CAMBIO DE HERRAMIENTAS DEBIDO A DESGASTE,188.645,siderca\12985,"CSR,CA15",2026-03-14 22:06:10.3789927 -03:00,1918329,2026-03-14 20:52:00.5523356 -03:00,10,0
1918448,26,26-CAMBIO DE HERRAMIENTAS DEBIDO A DESGASTE,363,siderca\12985,"CPT,CA15,CDS,CDT",2026-03-14 23:45:04.8551072 -03:00,1918397,2026-03-14 22:09:19.0235533 -03:00,11,0
1918494,26,26-CAMBIO DE HERRAMIENTAS DEBIDO A DESGASTE,540.04,siderca\12985,"CPT,CA15,CDT",2026-03-15 01:14:59.7641004 -03:00,1918448,2026-03-14 23:51:07.8551072 -03:00,12,1
1918642,26,26-CAMBIO DE HERRAMIENTAS DEBIDO A DESGASTE,780,siderca\60062291,"CPT,GSR,GA15,CFC,GFC,GDS,CDT",2026-03-16 05:10:24.0000000 -03:00,1918494,2026-03-15 01:23:59.8041171 -03:00,3,0
1918670,26,26-CAMBIO DE HERRAMIENTAS DEBIDO A DESGASTE,135.57,siderca\60062291,CDT,2026-03-16 06:44:20.2606563 -03:00,1918642,2026-03-16 05:23:24.0000000 -03:00,11,0
1918698,26,26-CAMBIO DE HERRAMIENTAS DEBIDO A DESGASTE,587.341,siderca\60062291,"CPT,CA15,CFC,GFC,GDS,CDT",2026-03-16 07:55:35.9161816 -03:00,1918670,2026-03-16 06:46:35.8300918 -03:00,10,0
1918734,26,26-CAMBIO DE HERRAMIENTAS DEBIDO A DESGASTE,459.603,siderca\60062291,"GSR,CDT",2026-03-16 09:16:50.2951114 -03:00,1918698,2026-03-16 08:05:23.2578104 -03:00,10,0
1918791,26,26-CAMBIO DE HERRAMIENTAS DEBIDO A DESGASTE,605.961,siderca\60062291,"CPT,GA15,CFC,GFC,CDS,CDT",2026-03-16 11:16:57.5144713 -03:00,1918734,2026-03-16 09:24:29.8983207 -03:00,11,2
1918828,26,26-CAMBIO DE HERRAMIENTAS DEBIDO A DESGASTE,180,siderca\60062291,CDT,2026-03-16 12:37:54.2691856 -03:00,1918791,2026-03-16 11:27:03.4751865 -03:00,11,0
1918884,26,26-CAMBIO DE HERRAMIENTAS DEBIDO A DESGASTE,749.622,siderca\12985,"CPT,CSR,CA15,CFC,CDS,CDT",2026-03-16 14:05:40.2180353 -03:00,1918828,2026-03-16 12:40:54.2691856 -03:00,11,0
1918927,26,26-CAMBIO DE HERRAMIENTAS DEBIDO A DESGASTE,106.116,siderca\12985,CA15,2026-03-16 15:27:03.4270415 -03:00,1918884,2026-03-16 14:18:09.8409918 -03:00,10,0
1918972,26,26-CAMBIO DE HERRAMIENTAS DEBIDO A DESGASTE,630.49,siderca\12985,"CPT,CSR,CA15,CFC,CDS,CDT",2026-03-16 16:58:13.0273121 -03:00,1918927,2026-03-16 15:28:49.5432584 -03:00,11,0
1919014,26,26-CAMBIO DE HERRAMIENTAS DEBIDO A DESGASTE,424.498,siderca\12985,"CSR,CA15",2026-03-16 18:17:37.4877352 -03:00,1918972,2026-03-16 17:08:43.5175265 -03:00,11,0
1919061,26,26-CAMBIO DE HERRAMIENTAS DEBIDO A DESGASTE,573.377,siderca\12985,"CPT,CA15,CDS,CDT",2026-03-16 19:56:39.7926963 -03:00,1919014,2026-03-16 18:24:41.9858993 -03:00,11,0
1919112,26,26-CAMBIO DE HERRAMIENTAS DEBIDO A DESGASTE,149.309,siderca\17701,CA15,2026-03-16 21:21:03.5228740 -03:00,1919061,2026-03-16 20:06:13.1694179 -03:00,10,0
1919151,26,26-CAMBIO DE HERRAMIENTAS DEBIDO A DESGASTE,554.716,siderca\17701,"CPT,CSR,CA15,CFC,CDS",2026-03-16 22:32:36.8948047 -03:00,1919112,2026-03-16 21:23:32.8310764 -03:00,11,0
1919198,26,26-CAMBIO DE HERRAMIENTAS DEBIDO A DESGASTE,215.913,siderca\17701,CA15,2026-03-16 23:56:30.5838190 -03:00,1919151,2026-03-16 22:41:51.6109648 -03:00,11,0
1919244,26,26-CAMBIO DE HERRAMIENTAS DEBIDO A DESGASTE,473.093,siderca\17701,"CPT,CA15,CFC,CDS",2026-03-17 01:22:43.7071735 -03:00,1919198,2026-03-17 00:00:06.4968493 -03:00,7,1
1919289,26,26-CAMBIO DE HERRAMIENTAS DEBIDO A DESGASTE,102.829,siderca\17701,"CSR,CA15",2026-03-17 02:41:26.3564774 -03:00,1919244,2026-03-17 01:30:36.8007877 -03:00,12,0
1919321,26,26-CAMBIO DE HERRAMIENTAS DEBIDO A DESGASTE,442.154,siderca\17701,"CPT,CA15,CFC,CDS",2026-03-17 03:52:06.1634866 -03:00,1919289,2026-03-17 02:43:09.1852295 -03:00,10,0
1919378,26,26-CAMBIO DE HERRAMIENTAS DEBIDO A DESGASTE,159.233,siderca\60062291,CDT,2026-03-17 05:15:34.2428768 -03:00,1919321,2026-03-17 03:59:28.3179772 -03:00,12,1
1919442,26,26-CAMBIO DE HERRAMIENTAS DEBIDO A DESGASTE,660.041,siderca\60062291,"CPT,GSR,GA15,CFC,GFC,GDS,CDT",2026-03-17 07:09:34.0232319 -03:00,1919378,2026-03-17 05:18:13.4752786 -03:00,11,3
1919475,26,26-CAMBIO DE HERRAMIENTAS DEBIDO A DESGASTE,334.028,siderca\60062291,CDT,2026-03-17 08:42:10.7664031 -03:00,1919442,2026-03-17 07:20:34.0646759 -03:00,12,0
1919515,26,26-CAMBIO DE HERRAMIENTAS DEBIDO A DESGASTE,657.611,siderca\60062291,"CPT,GSR,GA15,CFC,GFC,GDS,CDT",2026-03-17 10:09:39.0753121 -03:00,1919475,2026-03-17 08:47:44.7947100 -03:00,9,0
1919567,26,26-CAMBIO DE HERRAMIENTAS DEBIDO A DESGASTE,180,siderca\14822,CDT,2026-03-17 11:40:00.4484600 -03:00,1919515,2026-03-17 10:20:36.6862256 -03:00,11,0
1919620,26,26-CAMBIO DE HERRAMIENTAS DEBIDO A DESGASTE,822.867,siderca\12985,"CPT,CSR,CA15,CFC,CDS,CDT",2026-03-17 13:05:59.9926487 -03:00,1919567,2026-03-17 11:43:00.4484600 -03:00,11,1
1919674,26,26-CAMBIO DE HERRAMIENTAS DEBIDO A DESGASTE,226.007,siderca\12985,CA15,2026-03-17 14:44:53.5972742 -03:00,1919620,2026-03-17 13:19:42.8593517 -03:00,12,1
1919706,26,26-CAMBIO DE HERRAMIENTAS DEBIDO A DESGASTE,679,siderca\12985,"CPT,CA15,CFC,CDS,CDT",2026-03-17 16:17:37.2463040 -03:00,1919674,2026-03-17 14:48:39.6045490 -03:00,11,0
1919755,26,26-CAMBIO DE HERRAMIENTAS DEBIDO A DESGASTE,370.104,siderca\12985,"CSR,CA15",2026-03-17 18:05:01.6599177 -03:00,1919706,2026-03-17 16:28:56.2463040 -03:00,11,0
1919801,26,26-CAMBIO DE HERRAMIENTAS DEBIDO A DESGASTE,742.024,siderca\12985,"CPT,CA15,CFC,CDS,CDT",2026-03-17 19:54:47.1504444 -03:00,1919755,2026-03-17 18:11:11.7638891 -03:00,12,1
1919858,26,26-CAMBIO DE HERRAMIENTAS DEBIDO A DESGASTE,552.133,siderca\17701,"CPT,CA15,CFC,CDS",2026-03-17 21:30:24.6960677 -03:00,1919801,2026-03-17 20:07:09.1740834 -03:00,10,1
1919901,26,26-CAMBIO DE HERRAMIENTAS DEBIDO A DESGASTE,192.553,siderca\17701,"CSR,CA15",2026-03-17 23:17:23.5870343 -03:00,1919858,2026-03-17 21:39:36.8297868 -03:00,11,0
1919938,26,26-CAMBIO DE HERRAMIENTAS DEBIDO A DESGASTE,459.873,siderca\17701,"CPT,CA15,CFC,CDS",2026-03-18 00:47:42.5647440 -03:00,1919901,2026-03-17 23:20:36.1408875 -03:00,11,0
1919979,26,26-CAMBIO DE HERRAMIENTAS DEBIDO A DESGASTE,123.705,siderca\17701,CA15,2026-03-18 02:07:22.3979255 -03:00,1919938,2026-03-18 00:55:22.4377244 -03:00,10,0
1920014,26,26-CAMBIO DE HERRAMIENTAS DEBIDO A DESGASTE,442.781,siderca\17701,"CPT,CSR,CA15,CFC,CDS",2026-03-18 03:24:49.1540454 -03:00,1919979,2026-03-18 02:09:26.1024949 -03:00,10,0
1920044,26,26-CAMBIO DE HERRAMIENTAS DEBIDO A DESGASTE,158.298,siderca\17701,CA15,2026-03-18 04:41:11.0414475 -03:00,1920014,2026-03-18 03:32:11.9356950 -03:00,11,0
1920108,26,26-CAMBIO DE HERRAMIENTAS DEBIDO A DESGASTE,729.857,siderca\60062291,"CPT,CSR,GA15,GFC,GDS,CDT",2026-03-18 06:05:28.8735574 -03:00,1920044,2026-03-18 04:43:49.3394740 -03:00,9,0
1920160,26,26-CAMBIO DE HERRAMIENTAS DEBIDO A DESGASTE,150,siderca\60062291,CDT,2026-03-18 07:40:28.4087349 -03:00,1920108,2026-03-18 06:17:38.7306918 -03:00,10,0
1920273,26,26-CAMBIO DE HERRAMIENTAS DEBIDO A DESGASTE,660.836,siderca\60062291,"CPT,GSR,GA15,CFC,GFC,CDS,CDT",2026-03-18 11:07:11.6818195 -03:00,1920160,2026-03-18 07:42:58.4087349 -03:00,11,3
1920312,26,26-CAMBIO DE HERRAMIENTAS DEBIDO A DESGASTE,200.605,siderca\60062291,CDT,2026-03-18 12:50:20.9506989 -03:00,1920273,2026-03-18 11:18:12.5171668 -03:00,10,0
1920368,26,26-CAMBIO DE HERRAMIENTAS DEBIDO A DESGASTE,641,siderca\12985,"CPT,CA15,CFC,CDS,CDT",2026-03-18 14:06:09.3355617 -03:00,1920312,2026-03-18 12:53:41.5552924 -03:00,11,0
1920436,26,26-CAMBIO DE HERRAMIENTAS DEBIDO A DESGASTE,481.297,siderca\12985,"CPT,CA15,CDS,CDT",2026-03-18 16:41:52.1534357 -03:00,1920368,2026-03-18 14:16:50.3355617 -03:00,22,0
1920495,26,26-CAMBIO DE HERRAMIENTAS DEBIDO A DESGASTE,328.41,siderca\12985,"CA15,CFC",2026-03-18 18:48:15.5268271 -03:00,1920436,2026-03-18 16:49:53.4502776 -03:00,10,0
1920538,26,26-CAMBIO DE HERRAMIENTAS DEBIDO A DESGASTE,682.126,siderca\12985,"CPT,CSR,CA15,CFC,CDS,CDT",2026-03-18 20:21:20.0885553 -03:00,1920495,2026-03-18 18:53:43.9364194 -03:00,11,0
1920647,26,26-CAMBIO DE HERRAMIENTAS DEBIDO A DESGASTE,133.803,siderca\17701,CA15,2026-03-19 00:01:23.2608145 -03:00,1920538,2026-03-18 20:32:42.2149373 -03:00,10,1
1920678,26,26-CAMBIO DE HERRAMIENTAS DEBIDO A DESGASTE,419.316,siderca\17701,"CPT,CA15,CFC,CDS",2026-03-19 01:12:36.5496956 -03:00,1920647,2026-03-19 00:03:37.0635522 -03:00,11,0
1920712,26,26-CAMBIO DE HERRAMIENTAS DEBIDO A DESGASTE,254.225,siderca\17701,"CSR,CA15",2026-03-19 02:32:04.2686187 -03:00,1920678,2026-03-19 01:19:35.8655831 -03:00,11,0
1920746,26,26-CAMBIO DE HERRAMIENTAS DEBIDO A DESGASTE,428,siderca\17701,"CPT,CA15,CFC,CDS",2026-03-19 03:35:38.6945831 -03:00,1920712,2026-03-19 02:36:18.4937913 -03:00,8,3
1920802,26,26-CAMBIO DE HERRAMIENTAS DEBIDO A DESGASTE,163.964,siderca\60062291,CDT,2026-03-19 05:10:14.7185434 -03:00,1920746,2026-03-19 03:42:46.6945831 -03:00,11,0
1920840,26,26-CAMBIO DE HERRAMIENTAS DEBIDO A DESGASTE,741.954,siderca\60062291,"CPT,GSR,GA15,CFC,GFC,GDS,CDT",2026-03-19 06:32:45.4949471 -03:00,1920802,2026-03-19 05:12:58.6826287 -03:00,10,2
1920885,26,26-CAMBIO DE HERRAMIENTAS DEBIDO A DESGASTE,138.739,siderca\60062291,CDT,2026-03-19 08:16:46.7128666 -03:00,1920840,2026-03-19 06:45:07.4484301 -03:00,12,0
1920919,26,26-CAMBIO DE HERRAMIENTAS DEBIDO A DESGASTE,684.172,siderca\60062291,"CPT,CA15,GA15,GFC,CDS,GDS,CDT",2026-03-19 09:31:14.3242216 -03:00,1920885,2026-03-19 08:19:05.4516674 -03:00,9,0
1920954,26,26-CAMBIO DE HERRAMIENTAS DEBIDO A DESGASTE,270,siderca\60062291,"CSR,GSR,CDT",2026-03-19 10:53:56.4607812 -03:00,1920919,2026-03-19 09:42:38.4968265 -03:00,10,0
1920985,26,26-CAMBIO DE HERRAMIENTAS DEBIDO A DESGASTE,723,siderca\60062291,"CPT,GA15,CFC,GFC,CDS,GDS,CDT",2026-03-19 12:15:23.1558150 -03:00,1920954,2026-03-19 10:58:26.4607812 -03:00,11,0
1921039,26,26-CAMBIO DE HERRAMIENTAS DEBIDO A DESGASTE,148.411,siderca\12985,CA15,2026-03-19 13:56:31.2383305 -03:00,1920985,2026-03-19 12:27:26.1558150 -03:00,12,0
1921066,26,26-CAMBIO DE HERRAMIENTAS DEBIDO A DESGASTE,534.558,siderca\12985,"CPT,CSR,CA15,CDS,CDT",2026-03-19 15:04:00.3720923 -03:00,1921039,2026-03-19 13:58:59.6491519 -03:00,8,0
1921108,26,26-CAMBIO DE HERRAMIENTAS DEBIDO A DESGASTE,142.378,siderca\12985,CA15,2026-03-19 16:31:04.5332680 -03:00,1921066,2026-03-19 15:12:54.9300703 -03:00,12,0
1921154,26,26-CAMBIO DE HERRAMIENTAS DEBIDO A DESGASTE,660.603,siderca\12985,"CPT,CA15,CFC,CDS,CDT",2026-03-19 17:46:21.2728581 -03:00,1921108,2026-03-19 16:33:26.9118610 -03:00,10,0
1921185,26,26-CAMBIO DE HERRAMIENTAS DEBIDO A DESGASTE,330.402,siderca\12985,"CSR,CA15",2026-03-19 19:09:55.4296422 -03:00,1921154,2026-03-19 17:57:21.8759065 -03:00,10,0
1921209,26,26-CAMBIO DE HERRAMIENTAS DEBIDO A DESGASTE,446.626,siderca\12985,"CPT,CA15,CFC,CDT",2026-03-19 20:12:00.6233884 -03:00,1921185,2026-03-19 19:15:25.8318596 -03:00,8,0
1921273,26,26-CAMBIO DE HERRAMIENTAS DEBIDO A DESGASTE,166.646,siderca\17701,CA15,2026-03-19 21:35:53.7825974 -03:00,1921209,2026-03-19 20:19:27.2492596 -03:00,11,0
1921301,26,26-CAMBIO DE HERRAMIENTAS DEBIDO A DESGASTE,641.909,siderca\17701,"CPT,CSR,CA15,CFC,CDS",2026-03-19 22:47:37.7162099 -03:00,1921273,2026-03-19 21:38:40.4289390 -03:00,10,0
1921337,26,26-CAMBIO DE HERRAMIENTAS DEBIDO A DESGASTE,135.472,siderca\17701,CA15,2026-03-20 00:07:26.1549814 -03:00,1921301,2026-03-19 22:58:19.6256107 -03:00,9,0
1921370,26,26-CAMBIO DE HERRAMIENTAS DEBIDO A DESGASTE,463.857,siderca\17701,"CPT,CA15,CFC,CDS",2026-03-20 01:20:19.7621637 -03:00,1921337,2026-03-20 00:09:41.6260316 -03:00,11,0
1921406,26,26-CAMBIO DE HERRAMIENTAS DEBIDO A DESGASTE,300.927,siderca\17701,"CSR,CA15",2026-03-20 02:43:30.9263725 -03:00,1921370,2026-03-20 01:28:03.6192281 -03:00,10,0
1921451,26,26-CAMBIO DE HERRAMIENTAS DEBIDO A DESGASTE,440.912,siderca\17701,"CPT,CA15,CFC,CDS",2026-03-20 04:13:29.3618625 -03:00,1921406,2026-03-20 02:48:31.8534803 -03:00,12,3
1921515,26,26-CAMBIO DE HERRAMIENTAS DEBIDO A DESGASTE,143,siderca\60062291,CDT,2026-03-20 05:42:09.3331099 -03:00,1921451,2026-03-20 04:20:50.2730108 -03:00,10,0
1921555,26,26-CAMBIO DE HERRAMIENTAS DEBIDO A DESGASTE,770.219,siderca\60062291,"CPT,GSR,GA15,CFC,GFC,GDS,CDT",2026-03-20 07:10:59.9970212 -03:00,1921515,2026-03-20 05:44:32.3331099 -03:00,11,0
1921600,26,26-CAMBIO DE HERRAMIENTAS DEBIDO A DESGASTE,153.251,siderca\60062291,CDT,2026-03-20 08:44:18.6512517 -03:00,1921555,2026-03-20 07:23:50.2166009 -03:00,11,0
1921656,26,26-CAMBIO DE HERRAMIENTAS DEBIDO A DESGASTE,712.87,siderca\60062291,"CPT,GA15,GFC,CDS,GDS,CDT",2026-03-20 10:23:40.7250216 -03:00,1921600,2026-03-20 08:46:51.9028335 -03:00,10,0
1921694,26,26-CAMBIO DE HERRAMIENTAS DEBIDO A DESGASTE,309.906,siderca\60062291,"CSR,GSR,CDT",2026-03-20 11:45:33.1627972 -03:00,1921656,2026-03-20 10:35:33.5959392 -03:00,11,0
1921755,26,26-CAMBIO DE HERRAMIENTAS DEBIDO A DESGASTE,811.444,siderca\12985,"CPT,CA15,CFC,CDS,CDT",2026-03-20 13:22:51.1329260 -03:00,1921694,2026-03-20 11:50:43.0688041 -03:00,10,0
1921797,26,26-CAMBIO DE HERRAMIENTAS DEBIDO A DESGASTE,85,siderca\12985,CA15,2026-03-20 14:49:09.2480571 -03:00,1921755,2026-03-20 13:36:22.5763682 -03:00,11,0
1921857,26,26-CAMBIO DE HERRAMIENTAS DEBIDO A DESGASTE,525.697,siderca\12985,"CPT,CSR,CA15,CFC,CDS,CDT",2026-03-20 16:26:00.8896851 -03:00,1921797,2026-03-20 14:50:34.2480571 -03:00,9,0
1921914,26,26-CAMBIO DE HERRAMIENTAS DEBIDO A DESGASTE,120.026,siderca\12985,CA15,2026-03-20 18:22:30.3328315 -03:00,1921857,2026-03-20 16:34:46.5863222 -03:00,11,0
1921951,26,26-CAMBIO DE HERRAMIENTAS DEBIDO A DESGASTE,617.275,siderca\12985,"CPT,CSR,CA15,CFC,CDS,CDT",2026-03-20 19:43:56.0873110 -03:00,1921914,2026-03-20 18:24:30.3581934 -03:00,11,0
1922013,26,26-CAMBIO DE HERRAMIENTAS DEBIDO A DESGASTE,123.021,siderca\17701,CA15,2026-03-20 21:14:30.8628392 -03:00,1921951,2026-03-20 19:54:13.3624123 -03:00,10,0
1922049,26,26-CAMBIO DE HERRAMIENTAS DEBIDO A DESGASTE,489.824,siderca\17701,"CPT,CA15,CFC,CDS",2026-03-20 22:25:30.0955736 -03:00,1922013,2026-03-20 21:16:33.8836558 -03:00,10,0
1922099,26,26-CAMBIO DE HERRAMIENTAS DEBIDO A DESGASTE,285.029,siderca\17701,"CSR,CA15",2026-03-20 23:53:16.2907924 -03:00,1922049,2026-03-20 22:33:39.9197580 -03:00,11,0
1922131,26,26-CAMBIO DE HERRAMIENTAS DEBIDO A DESGASTE,502.213,siderca\17701,"CPT,CA15,CFC,CDS",2026-03-21 01:06:59.4456628 -03:00,1922099,2026-03-20 23:58:01.3197903 -03:00,10,0
1922185,26,26-CAMBIO DE HERRAMIENTAS DEBIDO A DESGASTE,153.958,siderca\17701,CA15,2026-03-21 02:52:13.3543535 -03:00,1922131,2026-03-21 01:15:21.6586487 -03:00,13,0
1922226,26,26-CAMBIO DE HERRAMIENTAS DEBIDO A DESGASTE,450.511,siderca\17701,"CPT,CSR,CA15,CFC,CDS",2026-03-21 04:13:44.1200747 -03:00,1922185,2026-03-21 02:54:47.3129984 -03:00,11,0
1923284,26,26-CAMBIO DE HERRAMIENTAS DEBIDO A DESGASTE,156.036,siderca\60062291,CDT,2026-03-21 05:58:49.4321173 -03:00,1922226,2026-03-21 04:21:14.6317889 -03:00,11,0
1923319,26,26-CAMBIO DE HERRAMIENTAS DEBIDO A DESGASTE,732.873,siderca\60062291,"CPT,GSR,GA15,CFC,GFC,CDS,GDS,CDT",2026-03-21 07:10:23.5606604 -03:00,1923284,2026-03-21 06:01:25.4686897 -03:00,10,0
1923356,26,26-CAMBIO DE HERRAMIENTAS DEBIDO A DESGASTE,166,siderca\60062291,CDT,2026-03-21 08:39:29.6309166 -03:00,1923319,2026-03-21 07:22:36.4338245 -03:00,10,0
1923391,26,26-CAMBIO DE HERRAMIENTAS DEBIDO A DESGASTE,797.927,siderca\60062291,"CPT,GSR,GA15,CFC,GFC,CDS,GDS,CDT",2026-03-21 09:53:14.4958417 -03:00,1923356,2026-03-21 08:42:15.6309166 -03:00,11,0
1923436,26,26-CAMBIO DE HERRAMIENTAS DEBIDO A DESGASTE,174.952,siderca\60062291,CDT,2026-03-21 11:21:53.2971626 -03:00,1923391,2026-03-21 10:06:32.4223057 -03:00,11,0
1923481,26,26-CAMBIO DE HERRAMIENTAS DEBIDO A DESGASTE,488.297,siderca\60062291,"CPT,CA15,GFC,CDS,GDS,CDT",2026-03-21 12:42:09.9374371 -03:00,1923436,2026-03-21 11:24:48.2495197 -03:00,10,0
1923548,26,26-CAMBIO DE HERRAMIENTAS DEBIDO A DESGASTE,396.037,siderca\12985,"CSR,CA15",2026-03-21 14:00:12.9055757 -03:00,1923481,2026-03-21 12:50:18.2342148 -03:00,10,0
1923578,26,26-CAMBIO DE HERRAMIENTAS DEBIDO A DESGASTE,499.377,siderca\12985,"CPT,CA15,CDS,CDT",2026-03-21 15:17:33.4166704 -03:00,1923548,2026-03-21 14:06:48.9420277 -03:00,10,0
1923617,26,26-CAMBIO DE HERRAMIENTAS DEBIDO A DESGASTE,110.709,siderca\12985,CA15,2026-03-21 16:39:23.9728615 -03:00,1923578,2026-03-21 15:25:52.7932432 -03:00,10,0
1923660,26,26-CAMBIO DE HERRAMIENTAS DEBIDO A DESGASTE,756.565,siderca\12985,"CPT,CSR,CA15,CFC,CDS,CDT",2026-03-21 18:02:05.1116748 -03:00,1923617,2026-03-21 16:41:14.6816771 -03:00,10,0
1923698,26,26-CAMBIO DE HERRAMIENTAS DEBIDO A DESGASTE,90.607,siderca\12985,CA15,2026-03-21 19:34:04.7717535 -03:00,1923660,2026-03-21 18:14:41.6765573 -03:00,10,0
1923728,26,26-CAMBIO DE HERRAMIENTAS DEBIDO A DESGASTE,398.62,siderca\12985,"CPT,CA15,CDT",2026-03-21 20:27:46.4686683 -03:00,1923698,2026-03-21 19:35:35.3784800 -03:00,8,0
1923783,26,26-CAMBIO DE HERRAMIENTAS DEBIDO A DESGASTE,249,siderca\17701,"CSR,CA15",2026-03-21 21:46:56.0423353 -03:00,1923728,2026-03-21 20:34:25.0884472 -03:00,10,0
1923814,26,26-CAMBIO DE HERRAMIENTAS DEBIDO A DESGASTE,525,siderca\17701,"CPT,CA15,CFC,CDS",2026-03-21 23:04:36.1454176 -03:00,1923783,2026-03-21 21:51:05.0423353 -03:00,11,0
1923855,26,26-CAMBIO DE HERRAMIENTAS DEBIDO A DESGASTE,191.218,siderca\17701,CA15,2026-03-22 00:32:48.6582667 -03:00,1923814,2026-03-21 23:13:21.1454176 -03:00,11,0
1923887,26,26-CAMBIO DE HERRAMIENTAS DEBIDO A DESGASTE,455.202,siderca\17701,"CPT,CSR,CA15,CFC,CDS",2026-03-22 01:44:58.8637597 -03:00,1923855,2026-03-22 00:35:59.8761580 -03:00,10,0
1923929,26,26-CAMBIO DE HERRAMIENTAS DEBIDO A DESGASTE,109.643,siderca\17701,CA15,2026-03-22 03:01:32.9973315 -03:00,1923887,2026-03-22 01:52:34.0659992 -03:00,11,0
1924960,26,26-CAMBIO DE HERRAMIENTAS DEBIDO A DESGASTE,415.916,siderca\17701,"CPT,CA15,CFC,CDS",2026-03-22 04:15:58.7066546 -03:00,1923929,2026-03-22 03:03:22.6401990 -03:00,10,0
1925116,26,26-CAMBIO DE HERRAMIENTAS DEBIDO A DESGASTE,352.628,siderca\12985,"CSR,CA15,CFC",2026-03-23 07:59:52.4589517 -03:00,1924960,2026-03-22 04:22:54.6220862 -03:00,17,0
1925153,26,26-CAMBIO DE HERRAMIENTAS DEBIDO A DESGASTE,498.136,siderca\12985,"CPT,CA15,CDS,CDT",2026-03-23 09:32:39.7161818 -03:00,1925116,2026-03-23 08:05:45.0863980 -03:00,8,0
1925196,26,26-CAMBIO DE HERRAMIENTAS DEBIDO A DESGASTE,205.234,siderca\12985,CA15,2026-03-23 11:09:41.2500577 -03:00,1925153,2026-03-23 09:40:57.8522512 -03:00,11,0
1925238,26,26-CAMBIO DE HERRAMIENTAS DEBIDO A DESGASTE,720.349,siderca\12985,"CPT,CSR,CA15,CFC,CDS,CDT",2026-03-23 12:18:12.8188231 -03:00,1925196,2026-03-23 11:13:06.4843768 -03:00,10,0
1925274,26,26-CAMBIO DE HERRAMIENTAS DEBIDO A DESGASTE,257.19,siderca\17701,"CA15,CFC",2026-03-23 13:57:37.6287717 -03:00,1925238,2026-03-23 12:30:13.1675268 -03:00,10,0
1925311,26,26-CAMBIO DE HERRAMIENTAS DEBIDO A DESGASTE,455.194,siderca\17701,"CPT,CA15,CFC,CDS",2026-03-23 15:14:48.4957251 -03:00,1925274,2026-03-23 14:01:54.8183013 -03:00,10,1
1925346,26,26-CAMBIO DE HERRAMIENTAS DEBIDO A DESGASTE,281,siderca\17701,"CSR,CA15",2026-03-23 16:35:55.5815815 -03:00,1925311,2026-03-23 15:22:23.6896284 -03:00,10,0
1925420,26,26-CAMBIO DE HERRAMIENTAS DEBIDO A DESGASTE,442.937,siderca\17701,"CPT,CA15,CFC,CDS",2026-03-23 18:32:34.0834134 -03:00,1925346,2026-03-23 16:40:36.5815815 -03:00,11,0
1925449,26,26-CAMBIO DE HERRAMIENTAS DEBIDO A DESGASTE,157.459,siderca\17701,CA15,2026-03-23 19:48:53.4455113 -03:00,1925420,2026-03-23 18:39:57.0208329 -03:00,11,0
1925509,26,26-CAMBIO DE HERRAMIENTAS DEBIDO A DESGASTE,685.969,siderca\60062291,"CPT,GSR,CA15,CFC,GFC,GDS,CDT",2026-03-23 21:18:39.5850030 -03:00,1925449,2026-03-23 19:51:30.9044345 -03:00,11,0
1925557,26,26-CAMBIO DE HERRAMIENTAS DEBIDO A DESGASTE,172.471,siderca\60062291,CDT,2026-03-23 22:43:55.6165658 -03:00,1925509,2026-03-23 21:30:05.5549601 -03:00,10,0
1925611,26,26-CAMBIO DE HERRAMIENTAS DEBIDO A DESGASTE,540.868,siderca\60062291,"CPT,GA15,GFC,CDS,CDT",2026-03-24 00:16:13.9016538 -03:00,1925557,2026-03-23 22:46:48.0876580 -03:00,10,0
1925647,26,26-CAMBIO DE HERRAMIENTAS DEBIDO A DESGASTE,275.842,siderca\60062291,"CSR,CDT",2026-03-24 01:48:05.8862591 -03:00,1925611,2026-03-24 00:25:14.7693489 -03:00,11,1
1925684,26,26-CAMBIO DE HERRAMIENTAS DEBIDO A DESGASTE,620,siderca\60062291,"CPT,GA15,GFC,GDS,CDT",2026-03-24 03:03:23.7043858 -03:00,1925647,2026-03-24 01:52:41.7289069 -03:00,10,0
1925717,26,26-CAMBIO DE HERRAMIENTAS DEBIDO A DESGASTE,211.665,siderca\60062291,CDT,2026-03-24 04:34:12.9734284 -03:00,1925684,2026-03-24 03:13:43.7043858 -03:00,11,0
1925766,26,26-CAMBIO DE HERRAMIENTAS DEBIDO A DESGASTE,823,siderca\12985,"CPT,CSR,CA15,CFC,CDS,CDT",2026-03-24 05:49:24.8195401 -03:00,1925717,2026-03-24 04:37:44.6381830 -03:00,10,0
1925835,26,26-CAMBIO DE HERRAMIENTAS DEBIDO A DESGASTE,103.134,siderca\12985,CA15,2026-03-24 08:13:44.3088857 -03:00,1925766,2026-03-24 06:03:07.8195401 -03:00,16,0
1925876,26,26-CAMBIO DE HERRAMIENTAS DEBIDO A DESGASTE,499.378,siderca\12985,"CPT,CA15,CDS,CDT",2026-03-24 09:45:45.1338781 -03:00,1925835,2026-03-24 08:15:27.4427048 -03:00,11,0
1925899,26,26-CAMBIO DE HERRAMIENTAS DEBIDO A DESGASTE,462.421,siderca\12985,"CSR,CA15",2026-03-24 11:03:03.4782734 -03:00,1925876,2026-03-24 09:54:04.5110739 -03:00,10,0
1926024,26,26-CAMBIO DE HERRAMIENTAS DEBIDO A DESGASTE,346.936,siderca\60062524,"CFC,GFC,CDT",2026-03-24 23:46:56.1418504 -03:00,1925899,2026-03-24 11:10:45.8993595 -03:00,19,0
1926059,26,26-CAMBIO DE HERRAMIENTAS DEBIDO A DESGASTE,900,siderca\60062524,"CPT,GSR,GA12,GFC,GDS",2026-03-25 02:01:13.7404563 -03:00,1926024,2026-03-24 23:52:43.0777556 -03:00,10,1
1926086,26,26-CAMBIO DE HERRAMIENTAS DEBIDO A DESGASTE,233.944,siderca\60062524,"CFC,GFC,CDT",2026-03-25 04:01:53.9305634 -03:00,1926059,2026-03-25 02:16:13.7404563 -03:00,12,0
1926165,26,26-CAMBIO DE HERRAMIENTAS DEBIDO A DESGASTE,720.202,siderca\12985,"CPT,CA15,CDS,CDT",2026-03-25 06:13:25.0995676 -03:00,1926086,2026-03-25 04:05:47.8747619 -03:00,11,0
1926206,26,26-CAMBIO DE HERRAMIENTAS DEBIDO A DESGASTE,360.938,siderca\12985,"CSR,CA15,CFC",2026-03-25 07:48:00.3063744 -03:00,1926165,2026-03-25 06:25:25.3015788 -03:00,11,0
1926241,26,26-CAMBIO DE HERRAMIENTAS DEBIDO A DESGASTE,625,siderca\12985,"CPT,CA15,CFC,CDT",2026-03-25 09:09:15.5714986 -03:00,1926206,2026-03-25 07:54:01.2443197 -03:00,11,0
1926309,26,26-CAMBIO DE HERRAMIENTAS DEBIDO A DESGASTE,122.957,siderca\12985,CA15,2026-03-25 11:16:49.5973308 -03:00,1926241,2026-03-25 09:19:40.5714986 -03:00,13,0
1926332,26,26-CAMBIO DE HERRAMIENTAS DEBIDO A DESGASTE,660.521,siderca\12985,"CPT,CSR,CA15,CFC,CDS,CDT",2026-03-25 11:56:53.7659535 -03:00,1926309,2026-03-25 11:18:52.5544599 -03:00,4,0
1926397,26,26-CAMBIO DE HERRAMIENTAS DEBIDO A DESGASTE,162,siderca\17701,CA15,2026-03-25 13:37:44.2608936 -03:00,1926332,2026-03-25 12:07:54.2861473 -03:00,11,0
1926444,26,26-CAMBIO DE HERRAMIENTAS DEBIDO A DESGASTE,485,siderca\17701,"CPT,CA15,CFC,CDS",2026-03-25 15:15:46.7315010 -03:00,1926397,2026-03-25 13:40:26.2608936 -03:00,11,0
1926483,26,26-CAMBIO DE HERRAMIENTAS DEBIDO A DESGASTE,280.13,siderca\17701,"CSR,CA15",2026-03-25 16:40:14.6198424 -03:00,1926444,2026-03-25 15:23:51.7315010 -03:00,11,0
1926522,26,26-CAMBIO DE HERRAMIENTAS DEBIDO A DESGASTE,430,siderca\17701,"CPT,CA15,CFC,CDS",2026-03-25 17:50:09.3916437 -03:00,1926483,2026-03-25 16:44:54.7492776 -03:00,9,2
1926575,26,26-CAMBIO DE HERRAMIENTAS DEBIDO A DESGASTE,193.678,siderca\17701,CA15,2026-03-25 19:44:05.0226057 -03:00,1926522,2026-03-25 17:57:19.3916437 -03:00,13,0
1926611,26,26-CAMBIO DE HERRAMIENTAS DEBIDO A DESGASTE,487,siderca\17701,"CPT,CSR,CA15,CFC,CDS",2026-03-25 20:40:09.8974922 -03:00,1926575,2026-03-25 19:47:18.7007636 -03:00,7,0
1926674,26,26-CAMBIO DE HERRAMIENTAS DEBIDO A DESGASTE,120.133,siderca\60062291,CDT,2026-03-25 22:15:32.8057611 -03:00,1926611,2026-03-25 20:48:16.8974922 -03:00,11,0
1926709,26,26-CAMBIO DE HERRAMIENTAS DEBIDO A DESGASTE,585,siderca\60062291,"CPT,GA15,GFC,GDS,CDT",2026-03-25 23:16:36.9813638 -03:00,1926674,2026-03-25 22:17:32.9385328 -03:00,8,1
1926739,26,26-CAMBIO DE HERRAMIENTAS DEBIDO A DESGASTE,277.548,siderca\60062291,"CSR,GSR,CDT",2026-03-26 00:41:18.6229530 -03:00,1926709,2026-03-25 23:26:21.9813638 -03:00,11,0
1926780,26,26-CAMBIO DE HERRAMIENTAS DEBIDO A DESGASTE,598.566,siderca\60062291,"CPT,GA15,CFC,GFC,GDS,CDT",2026-03-26 01:50:46.3373764 -03:00,1926739,2026-03-26 00:45:56.1701555 -03:00,10,0
1926849,26,26-CAMBIO DE HERRAMIENTAS DEBIDO A DESGASTE,231.553,siderca\60062291,CDT,2026-03-26 04:05:29.4968323 -03:00,1926780,2026-03-26 02:00:44.9038567 -03:00,12,1
1926905,26,26-CAMBIO DE HERRAMIENTAS DEBIDO A DESGASTE,788.59,siderca\12985,"CPT,CSR,CA15,CFC,CDS,CDT",2026-03-26 05:17:29.7525742 -03:00,1926849,2026-03-26 04:09:21.0492767 -03:00,9,0
1926969,26,26-CAMBIO DE HERRAMIENTAS DEBIDO A DESGASTE,93.456,siderca\12985,CA15,2026-03-26 07:22:06.2784160 -03:00,1926905,2026-03-26 05:30:38.3427953 -03:00,11,0
1927009,26,26-CAMBIO DE HERRAMIENTAS DEBIDO A DESGASTE,461.546,siderca\12985,"CPT,CA15,CDS,CDT",2026-03-26 08:43:57.1447499 -03:00,1926969,2026-03-26 07:23:39.7340290 -03:00,11,0
1927049,26,26-CAMBIO DE HERRAMIENTAS DEBIDO A DESGASTE,565.707,siderca\12985,"CPT,CSR,CA15",2026-03-26 10:08:53.3882177 -03:00,1927009,2026-03-26 08:51:38.6907867 -03:00,11,2
1927090,26,26-CAMBIO DE HERRAMIENTAS DEBIDO A DESGASTE,468.428,siderca\12985,"CPT,CA15,CDT",2026-03-26 11:36:28.9466980 -03:00,1927049,2026-03-26 10:18:19.0958075 -03:00,10,0
1927161,26,26-CAMBIO DE HERRAMIENTAS DEBIDO A DESGASTE,257.861,siderca\17701,"CA15,CDS",2026-03-26 13:21:30.6451887 -03:00,1927090,2026-03-26 11:44:17.3743883 -03:00,11,0
1927199,26,26-CAMBIO DE HERRAMIENTAS DEBIDO A DESGASTE,576.338,siderca\17701,"CPT,CSR,CA15,CFC,CDS",2026-03-26 14:35:17.6019099 -03:00,1927161,2026-03-26 13:25:48.5066515 -03:00,11,0
1927253,26,26-CAMBIO DE HERRAMIENTAS DEBIDO A DESGASTE,140.582,siderca\17701,CA15,2026-03-26 16:21:04.4109922 -03:00,1927199,2026-03-26 14:44:53.9394127 -03:00,12,0
1927291,26,26-CAMBIO DE HERRAMIENTAS DEBIDO A DESGASTE,480.993,siderca\17701,"CPT,CA15,CFC,CDS",2026-03-26 17:38:23.5901755 -03:00,1927253,2026-03-26 16:23:24.9922626 -03:00,10,0
1927327,26,26-CAMBIO DE HERRAMIENTAS DEBIDO A DESGASTE,301.319,siderca\17701,"CSR,CA15",2026-03-26 18:59:48.8684316 -03:00,1927291,2026-03-26 17:46:24.5832724 -03:00,11,0
1927364,26,26-CAMBIO DE HERRAMIENTAS DEBIDO A DESGASTE,437.89,siderca\17701,"CPT,CA15,CFC,CDS",2026-03-26 20:14:17.7376149 -03:00,1927327,2026-03-26 19:04:50.1878244 -03:00,11,0
1927454,26,26-CAMBIO DE HERRAMIENTAS DEBIDO A DESGASTE,249.166,siderca\60062291,CDT,2026-03-26 22:18:54.5779968 -03:00,1927364,2026-03-26 20:21:35.6270351 -03:00,10,0
1927475,26,26-CAMBIO DE HERRAMIENTAS DEBIDO A DESGASTE,905.518,siderca\60062291,"CPT,CSR,GSR,GA15,CFC,GFC,GDS,CDT",2026-03-26 23:00:50.8949981 -03:00,1927454,2026-03-26 22:23:03.7431618 -03:00,6,0
1927520,26,26-CAMBIO DE HERRAMIENTAS DEBIDO A DESGASTE,210.684,siderca\60062291,CDT,2026-03-27 00:24:46.5957198 -03:00,1927475,2026-03-26 23:15:56.4120570 -03:00,10,0
1927552,26,26-CAMBIO DE HERRAMIENTAS DEBIDO A DESGASTE,699.619,siderca\60062291,"CPT,CA15,CFC,GFC,CDS,CDT",2026-03-27 01:26:14.0572850 -03:00,1927520,2026-03-27 00:28:17.2791485 -03:00,9,0
1927591,26,26-CAMBIO DE HERRAMIENTAS DEBIDO A DESGASTE,315.247,siderca\60062291,"GSR,CDT",2026-03-27 02:46:42.6779828 -03:00,1927552,2026-03-27 01:37:53.6767163 -03:00,10,0
1927621,26,26-CAMBIO DE HERRAMIENTAS DEBIDO A DESGASTE,769,siderca\60062291,"CPT,GA15,GFC,CDS,GDS,CDT",2026-03-27 03:48:19.3128045 -03:00,1927591,2026-03-27 02:51:57.9241009 -03:00,9,0
1927702,26,26-CAMBIO DE HERRAMIENTAS DEBIDO A DESGASTE,195,siderca\12985,CA15,2026-03-27 05:39:45.3829798 -03:00,1927621,2026-03-27 04:01:08.3128045 -03:00,11,0
1927744,26,26-CAMBIO DE HERRAMIENTAS DEBIDO A DESGASTE,660.982,siderca\12985,"CPT,CSR,CA15,CDS,CDT",2026-03-27 06:55:25.9195592 -03:00,1927702,2026-03-27 05:43:00.3829798 -03:00,11,0
1927781,26,26-CAMBIO DE HERRAMIENTAS DEBIDO A DESGASTE,216.876,siderca\12985,CA15,2026-03-27 08:26:06.0692885 -03:00,1927744,2026-03-27 07:06:26.9012593 -03:00,12,0
1927817,26,26-CAMBIO DE HERRAMIENTAS DEBIDO A DESGASTE,657.084,siderca\12985,"CPT,CA15,CDS,CDT",2026-03-27 09:38:57.9221719 -03:00,1927781,2026-03-27 08:29:42.9459938 -03:00,11,0
1927855,26,26-CAMBIO DE HERRAMIENTAS DEBIDO A DESGASTE,533.91,siderca\12985,"CSR,CA15,CFC",2026-03-27 11:01:47.5880553 -03:00,1927817,2026-03-27 09:49:55.0063762 -03:00,10,0
1927897,26,26-CAMBIO DE HERRAMIENTAS DEBIDO A DESGASTE,453.908,siderca\12985,"CPT,CA15,CDT",2026-03-27 12:24:40.5586912 -03:00,1927855,2026-03-27 11:10:41.4982730 -03:00,11,0
1927968,26,26-CAMBIO DE HERRAMIENTAS DEBIDO A DESGASTE,216.859,siderca\17701,CA15,2026-03-27 14:00:19.5851474 -03:00,1927897,2026-03-27 12:32:14.4666237 -03:00,11,0
1928010,26,26-CAMBIO DE HERRAMIENTAS DEBIDO A DESGASTE,676.848,siderca\17701,"CPT,CSR,CA15,CFC,CDS",2026-03-27 15:22:53.1447957 -03:00,1927968,2026-03-27 14:03:56.4440526 -03:00,11,0
1928058,26,26-CAMBIO DE HERRAMIENTAS DEBIDO A DESGASTE,140.711,siderca\17701,CA15,2026-03-27 16:43:21.0763406 -03:00,1928010,2026-03-27 15:34:09.9929759 -03:00,10,0
1928103,26,26-CAMBIO DE HERRAMIENTAS DEBIDO A DESGASTE,445.881,siderca\17701,"CPT,CA15,CFC,CDS",2026-03-27 18:00:54.8764495 -03:00,1928058,2026-03-27 16:45:41.7873814 -03:00,11,0
1928148,26,26-CAMBIO DE HERRAMIENTAS DEBIDO A DESGASTE,377.988,siderca\17701,"CSR,CA15",2026-03-27 19:19:15.6150334 -03:00,1928103,2026-03-27 18:08:20.7576803 -03:00,10,0
1928195,26,26-CAMBIO DE HERRAMIENTAS DEBIDO A DESGASTE,394.117,siderca\17701,"CPT,CA15,CFC,CDS",2026-03-27 20:44:47.1449067 -03:00,1928148,2026-03-27 19:25:33.6035564 -03:00,10,0
1928253,26,26-CAMBIO DE HERRAMIENTAS DEBIDO A DESGASTE,283.972,siderca\60062291,CDT,2026-03-27 22:01:42.3741755 -03:00,1928195,2026-03-27 20:51:21.2617821 -03:00,10,0
1928297,26,26-CAMBIO DE HERRAMIENTAS DEBIDO A DESGASTE,599.559,siderca\60062291,"CSR,GSR,CA15,CFC,GFC,GDS,CDT",2026-03-27 23:19:34.3324228 -03:00,1928253,2026-03-27 22:06:26.3460176 -03:00,10,0
1928340,26,26-CAMBIO DE HERRAMIENTAS DEBIDO A DESGASTE,528.93,siderca\60062291,"CPT,CDT",2026-03-28 00:38:46.9888501 -03:00,1928297,2026-03-27 23:29:33.8912076 -03:00,10,0
1928392,26,26-CAMBIO DE HERRAMIENTAS DEBIDO A DESGASTE,469.626,siderca\60062291,"GA15,GFC,CDS,GDS,CDT",2026-03-28 02:02:38.4395946 -03:00,1928340,2026-03-28 00:47:35.9184017 -03:00,11,0
1928420,26,26-CAMBIO DE HERRAMIENTAS DEBIDO A DESGASTE,447,siderca\60062291,"CPT,GSR,CDT",2026-03-28 02:54:33.0410739 -03:00,1928392,2026-03-28 02:10:28.0655326 -03:00,6,0
1928476,26,26-CAMBIO DE HERRAMIENTAS DEBIDO A DESGASTE,453.502,siderca\60062291,"GA15,CFC,GFC,CDS,GDS,CDT",2026-03-28 04:17:41.1758836 -03:00,1928420,2026-03-28 03:02:00.0410739 -03:00,11,0
1928552,26,26-CAMBIO DE HERRAMIENTAS DEBIDO A DESGASTE,371.678,siderca\12985,"CPT,CA15",2026-03-28 05:48:45.6581112 -03:00,1928476,2026-03-28 04:25:14.6770483 -03:00,11,0
1928596,26,26-CAMBIO DE HERRAMIENTAS DEBIDO A DESGASTE,528,siderca\12985,"CPT,CA15,CFC,CDS,CDT",2026-03-28 07:13:27.3004585 -03:00,1928552,2026-03-28 05:54:57.3360247 -03:00,12,0
1928645,26,26-CAMBIO DE HERRAMIENTAS DEBIDO A DESGASTE,480.77,siderca\12985,"CPT,CA15,CFC",2026-03-28 08:43:08.2738116 -03:00,1928596,2026-03-28 07:22:15.3004585 -03:00,12,0
1928725,26,26-CAMBIO DE HERRAMIENTAS DEBIDO A DESGASTE,696,siderca\12985,"CPT,CSR,CA15,CFC,CDS,CDT",2026-03-28 11:26:05.9196626 -03:00,1928645,2026-03-28 08:51:09.0433506 -03:00,14,1
1928814,26,26-CAMBIO DE HERRAMIENTAS DEBIDO A DESGASTE,242.762,siderca\17701,CA15,2026-03-28 13:31:52.2793980 -03:00,1928725,2026-03-28 11:37:41.9196626 -03:00,14,0
1928851,26,26-CAMBIO DE HERRAMIENTAS DEBIDO A DESGASTE,583.58,siderca\17701,"CPT,CA15,CFC,CDS",2026-03-28 14:43:57.4783178 -03:00,1928814,2026-03-28 13:35:55.0418341 -03:00,10,0
1928895,26,26-CAMBIO DE HERRAMIENTAS DEBIDO A DESGASTE,329.159,siderca\17701,"CSR,CA15",2026-03-28 16:01:54.7162967 -03:00,1928851,2026-03-28 14:53:41.0583126 -03:00,10,0
1928951,26,26-CAMBIO DE HERRAMIENTAS DEBIDO A DESGASTE,482.829,siderca\17701,"CPT,CA15,CFC,CDS",2026-03-28 17:16:47.6031564 -03:00,1928895,2026-03-28 16:07:23.8750861 -03:00,10,0
1928990,26,26-CAMBIO DE HERRAMIENTAS DEBIDO A DESGASTE,149.232,siderca\17701,CA15,2026-03-28 18:24:34.9368489 -03:00,1928951,2026-03-28 17:24:50.4324234 -03:00,8,0
1929037,26,26-CAMBIO DE HERRAMIENTAS DEBIDO A DESGASTE,470.065,siderca\17701,"CPT,CSR,CA15,CFC,CDS",2026-03-28 19:41:05.5064922 -03:00,1928990,2026-03-28 18:27:04.1682244 -03:00,10,0
1929122,26,26-CAMBIO DE HERRAMIENTAS DEBIDO A DESGASTE,205.463,siderca\60062291,CDT,2026-03-28 21:23:08.8033209 -03:00,1929037,2026-03-28 19:48:55.5714962 -03:00,11,0
1929162,26,26-CAMBIO DE HERRAMIENTAS DEBIDO A DESGASTE,777.01,siderca\60062291,"CPT,CSR,GSR,GA15,CFC,GFC,GDS,CDT",2026-03-28 22:40:18.0592482 -03:00,1929122,2026-03-28 21:26:34.2665586 -03:00,10,0
1929200,26,26-CAMBIO DE HERRAMIENTAS DEBIDO A DESGASTE,209.121,siderca\60062291,CDT,2026-03-29 00:02:10.0174608 -03:00,1929162,2026-03-28 22:53:15.0693185 -03:00,10,1
1929228,26,26-CAMBIO DE HERRAMIENTAS DEBIDO A DESGASTE,820.401,siderca\60062291,"CPT,GA15,GFC,GDS,CDT",2026-03-29 01:13:41.8349774 -03:00,1929200,2026-03-29 00:05:39.1382483 -03:00,11,0
1929286,26,26-CAMBIO DE HERRAMIENTAS DEBIDO A DESGASTE,542.858,siderca\60062291,"CPT,GSR,CDT",2026-03-29 03:04:14.2907317 -03:00,1929228,2026-03-29 01:27:22.2355787 -03:00,10,1
1929326,26,26-CAMBIO DE HERRAMIENTAS DEBIDO A DESGASTE,486.565,siderca\60062291,"CA15,GA15,GFC,CDS,GDS,CDT",2026-03-29 04:27:10.2378250 -03:00,1929286,2026-03-29 03:13:17.1480016 -03:00,11,0
1929445,26,26-CAMBIO DE HERRAMIENTAS DEBIDO A DESGASTE,543.872,siderca\17701,"CPT,CSR,CA15,CFC,CDS",2026-03-30 06:11:57.9548363 -03:00,1929326,2026-03-29 04:35:16.8025743 -03:00,10,0
1929494,26,26-CAMBIO DE HERRAMIENTAS DEBIDO A DESGASTE,228.821,siderca\17701,"CA15,CFC",2026-03-30 07:34:23.1066345 -03:00,1929445,2026-03-30 06:21:01.8269176 -03:00,10,0
1929532,26,26-CAMBIO DE HERRAMIENTAS DEBIDO A DESGASTE,491.07,siderca\17701,"CPT,CA15,CA12,CFC",2026-03-30 08:52:46.7864524 -03:00,1929494,2026-03-30 07:38:11.9272800 -03:00,10,0
1929575,26,26-CAMBIO DE HERRAMIENTAS DEBIDO A DESGASTE,251.823,siderca\17701,"CSR,CA15",2026-03-30 10:09:00.1749368 -03:00,1929532,2026-03-30 09:00:57.8567665 -03:00,11,0
1929609,26,26-CAMBIO DE HERRAMIENTAS DEBIDO A DESGASTE,539,siderca\17701,"CPT,CA15,CFC,CDS",2026-03-30 11:21:14.4902728 -03:00,1929575,2026-03-30 10:13:11.9975688 -03:00,10,0
1929681,26,26-CAMBIO DE HERRAMIENTAS DEBIDO A DESGASTE,247.671,siderca\60062291,CDT,2026-03-30 13:16:57.0550731 -03:00,1929609,2026-03-30 11:30:13.4902728 -03:00,13,0
1929710,26,26-CAMBIO DE HERRAMIENTAS DEBIDO A DESGASTE,803.525,siderca\60062291,"CPT,GSR,GA15,CFC,GFC,CDS,GDS,CDT",2026-03-30 14:31:45.3497714 -03:00,1929681,2026-03-30 13:21:04.7262975 -03:00,10,0
1929754,26,26-CAMBIO DE HERRAMIENTAS DEBIDO A DESGASTE,186.422,siderca\60062291,CDT,2026-03-30 15:57:36.5335351 -03:00,1929710,2026-03-30 14:45:08.8746227 -03:00,10,0
1929778,26,26-CAMBIO DE HERRAMIENTAS DEBIDO A DESGASTE,735.028,siderca\60062291,"CPT,CA15,CFC,GFC,CDS,GDS,CDT",2026-03-30 16:50:13.9029480 -03:00,1929754,2026-03-30 16:00:42.9558724 -03:00,8,0
1929815,26,26-CAMBIO DE HERRAMIENTAS DEBIDO A DESGASTE,308.64,siderca\60062291,"GSR,CDT",2026-03-30 18:10:30.4926515 -03:00,1929778,2026-03-30 17:02:28.9305755 -03:00,10,0
1929855,26,26-CAMBIO DE HERRAMIENTAS DEBIDO A DESGASTE,744.731,siderca\60062291,"CPT,GA15,GFC,GDS,CDT",2026-03-30 19:26:11.6611147 -03:00,1929815,2026-03-30 18:15:39.1328764 -03:00,11,0
1929905,26,26-CAMBIO DE HERRAMIENTAS DEBIDO A DESGASTE,205.669,siderca\12985,"CA15,CFC",2026-03-30 20:56:34.3319089 -03:00,1929855,2026-03-30 19:38:36.3924502 -03:00,11,0
1929916,26,26-CAMBIO DE HERRAMIENTAS DEBIDO A DESGASTE,89.651,siderca\12985,"CA15,CFC",2026-03-30 21:00:00.0000000 -03:00,1929905,2026-03-30 21:00:00.0000000 -03:00,0,0
1929959,26,26-CAMBIO DE HERRAMIENTAS DEBIDO A DESGASTE,635,siderca\12985,"CPT,CSR,CA15,CDS,CDT",2026-03-30 22:15:32.0971700 -03:00,1929916,2026-03-30 21:01:29.6516962 -03:00,11,0
1929999,26,26-CAMBIO DE HERRAMIENTAS DEBIDO A DESGASTE,146.029,siderca\12985,CA15,2026-03-30 23:48:06.9183210 -03:00,1929959,2026-03-30 22:26:07.0971700 -03:00,12,0
1930050,26,26-CAMBIO DE HERRAMIENTAS DEBIDO A DESGASTE,660.437,siderca\12985,"CPT,CSR,CA15,CFC,CDS,CDT",2026-03-31 01:11:37.0930575 -03:00,1929999,2026-03-30 23:50:32.9476427 -03:00,11,3
1930084,26,26-CAMBIO DE HERRAMIENTAS DEBIDO A DESGASTE,204.038,siderca\12985,CA15,2026-03-31 02:49:44.2389739 -03:00,1930050,2026-03-31 01:22:37.5305001 -03:00,13,0
1930103,26,26-CAMBIO DE HERRAMIENTAS DEBIDO A DESGASTE,503.442,siderca\12985,"CPT,CA15,CDT",2026-03-31 03:18:00.2707555 -03:00,1930084,2026-03-31 02:53:08.2765845 -03:00,4,0
1930295,26,26-CAMBIO DE HERRAMIENTAS DEBIDO A DESGASTE,155.259,siderca\17701,CA15,2026-03-31 08:59:06.6705192 -03:00,1930103,2026-03-31 03:26:23.7121063 -03:00,32,0
1930345,26,26-CAMBIO DE HERRAMIENTAS DEBIDO A DESGASTE,500.912,siderca\17701,"CPT,CA15,CFC,CDS",2026-03-31 10:43:36.0250527 -03:00,1930295,2026-03-31 09:01:41.9297988 -03:00,11,0
1930378,26,26-CAMBIO DE HERRAMIENTAS DEBIDO A DESGASTE,259.589,siderca\17701,"GSR,CA15",2026-03-31 11:59:57.4026750 -03:00,1930345,2026-03-31 10:51:56.9370100 -03:00,11,0
1930445,26,26-CAMBIO DE HERRAMIENTAS DEBIDO A DESGASTE,713.622,siderca\60062291,"CPT,GA15,GFC,GDS,CDT",2026-03-31 13:27:10.0792893 -03:00,1930378,2026-03-31 12:04:16.9915668 -03:00,11,0
1930486,26,26-CAMBIO DE HERRAMIENTAS DEBIDO A DESGASTE,130,siderca\60062291,CDT,2026-03-31 14:47:12.2059354 -03:00,1930445,2026-03-31 13:39:03.7017369 -03:00,11,0
1930523,26,26-CAMBIO DE HERRAMIENTAS DEBIDO A DESGASTE,785.893,siderca\60062291,"CPT,GSR,GA15,CFC,GFC,CDS,GDS,CDT",2026-03-31 16:02:01.9675118 -03:00,1930486,2026-03-31 14:49:22.2059354 -03:00,11,0
1930563,26,26-CAMBIO DE HERRAMIENTAS DEBIDO A DESGASTE,283.714,siderca\60062291,CDT,2026-03-31 17:26:58.0141075 -03:00,1930523,2026-03-31 16:15:07.8608621 -03:00,11,0
1930598,26,26-CAMBIO DE HERRAMIENTAS DEBIDO A DESGASTE,691.211,siderca\60062291,"CPT,GA15,GFC,CDS,GDS,CDT",2026-03-31 18:39:40.4985819 -03:00,1930563,2026-03-31 17:31:41.7283915 -03:00,11,0
1930638,26,26-CAMBIO DE HERRAMIENTAS DEBIDO A DESGASTE,339.719,siderca\60062291,"CSR,GSR,CDT",2026-03-31 19:46:42.2160009 -03:00,1930598,2026-03-31 18:51:11.7092545 -03:00,8,1
